tax_id,assembly_accession,db_group,rank2,rank3,rank4,rank5,rank6
110108,GCA_054084005.1,Amphibians,Chordata,Amphibia,Anura,Dicroglossidae,Fejervarya
110108,GCA_054083975.1,Amphibians,Chordata,Amphibia,Anura,Dicroglossidae,Fejervarya
111125,GCF_032444005.1,Amphibians,Chordata,Amphibia,Anura,Dendrobatidae,Ranitomeya
111125,GCA_032444005.1,Amphibians,Chordata,Amphibia,Anura,Dendrobatidae,Ranitomeya
1415580,GCA_901765095.1,Amphibians,Chordata,Amphibia,Gymnophiona,Siphonopidae,Microcaecilia
1415580,GCF_901765095.1,Amphibians,Chordata,Amphibia,Gymnophiona,Siphonopidae,Microcaecilia
150705,GCF_027789765.1,Amphibians,Chordata,Amphibia,Anura,Hylidae,Dendropsophus
160500,GCA_029206835.1,Amphibians,Chordata,Amphibia,Anura,Ranidae,Rana
191477,GCF_036172605.1,Amphibians,Chordata,Amphibia,Anura,Pelobatidae,Pelobates
191477,GCA_036172605.1,Amphibians,Chordata,Amphibia,Anura,Pelobatidae,Pelobates
194198,GCA_053478255.1,Amphibians,Chordata,Amphibia,Anura,Hylidae,Pseudacris
194408,GCA_901001135.1,Amphibians,Chordata,Amphibia,Gymnophiona,Rhinatrematidae,Rhinatrema
194408,GCF_901001135.1,Amphibians,Chordata,Amphibia,Gymnophiona,Rhinatrematidae,Rhinatrema
233779,GCF_027358695.1,Amphibians,Chordata,Amphibia,Anura,Pelobatidae,Spea
233781,GCA_036172795.1,Amphibians,Chordata,Amphibia,Anura,Pelodytidae,Pelodytes
238106,GCF_048569485.1,Amphibians,Chordata,Amphibia,Anura,Aromobatidae,Anomaloglossus
238119,GCF_031893055.1,Amphibians,Chordata,Amphibia,Anura,Leptodactylidae,Leptodactylus
238119,GCA_031893055.1,Amphibians,Chordata,Amphibia,Anura,Leptodactylidae,Leptodactylus
247094,GCA_019447015.1,Amphibians,Chordata,Amphibia,Anura,Pipidae,Hymenochirus
256425,GCA_964261635.1,Amphibians,Chordata,Amphibia,Caudata,Salamandridae,Lissotriton
260995,GCA_902459505.1,Amphibians,Chordata,Amphibia,Gymnophiona,Dermophiidae,Geotrypetes
260995,GCF_902459505.1,Amphibians,Chordata,Amphibia,Gymnophiona,Dermophiidae,Geotrypetes
265040,GCA_054131545.1,Amphibians,Chordata,Amphibia,Anura,Megophryidae,Leptobrachium
2829185,GCA_036250615.1,Amphibians,Chordata,Amphibia,Anura,Ptychadenidae,Ptychadena
288555,GCA_038501915.1,Amphibians,Chordata,Amphibia,Anura,Pipidae,Xenopus
288555,GCA_038501925.1,Amphibians,Chordata,Amphibia,Anura,Pipidae,Xenopus
30331,GCA_014858855.1,Amphibians,Chordata,Amphibia,Anura,Bufonidae,Bufo
30331,GCF_014858855.1,Amphibians,Chordata,Amphibia,Anura,Bufonidae,Bufo
30338,GCA_033119425.1,Amphibians,Chordata,Amphibia,Anura,Bufonidae,Bufotes
30357,GCF_032062135.1,Amphibians,Chordata,Amphibia,Anura,Pyxicephalidae,Pyxicephalus
3061075,GCF_038048845.1,Amphibians,Chordata,Amphibia,Anura,Limnodynastidae,Mixophyes
327740,GCF_029499605.1,Amphibians,Chordata,Amphibia,Anura,Hylidae,Hyla
327740,GCA_029499605.1,Amphibians,Chordata,Amphibia,Anura,Hylidae,Hyla
428466,GCA_018994145.1,Amphibians,Chordata,Amphibia,Anura,Megophryidae,Leptobrachium
43514,GCA_048565335.1,Amphibians,Chordata,Amphibia,Anura,Mantellidae,Mantella
43514,GCA_048565345.1,Amphibians,Chordata,Amphibia,Anura,Mantellidae,Mantella
43563,GCF_050947455.1,Amphibians,Chordata,Amphibia,Anura,Rhinodermatidae,Rhinoderma
43563,GCA_050947455.1,Amphibians,Chordata,Amphibia,Anura,Rhinodermatidae,Rhinoderma
43566,GCA_037306015.1,Amphibians,Chordata,Amphibia,Anura,Rhinophrynidae,Rhinophrynus
43566,GCA_037306005.1,Amphibians,Chordata,Amphibia,Anura,Rhinophrynidae,Rhinophrynus
445787,GCA_009667805.1,Amphibians,Chordata,Amphibia,Anura,Megophryidae,Leptobrachium
45438,GCA_028564925.1,Amphibians,Chordata,Amphibia,Anura,Ranidae,Lithobates
45623,GCA_965119305.1,Amphibians,Chordata,Amphibia,Anura,Ranidae,Pelophylax
490064,GCF_051348905.1,Amphibians,Chordata,Amphibia,Anura,Dendrobatidae,Ranitomeya
490064,GCA_051348905.1,Amphibians,Chordata,Amphibia,Anura,Dendrobatidae,Ranitomeya
495146,GCF_028390025.1,Amphibians,Chordata,Amphibia,Anura,Myobatrachidae,Pseudophryne
57060,GCF_035609145.1,Amphibians,Chordata,Amphibia,Anura,Eleutherodactylidae,Eleutherodactylus
57060,GCA_035609145.1,Amphibians,Chordata,Amphibia,Anura,Eleutherodactylidae,Eleutherodactylus
61616,GCA_933207985.1,Amphibians,Chordata,Amphibia,Anura,Pelobatidae,Pelobates
670907,GCA_029574335.1,Amphibians,Chordata,Amphibia,Anura,Ranidae,Rana
752182,GCF_040937935.1,Amphibians,Chordata,Amphibia,Anura,Hyperoliidae,Hyperolius
76066,GCF_040894005.1,Amphibians,Chordata,Amphibia,Anura,Leptodactylidae,Engystomops
79015,GCA_052815355.1,Amphibians,Chordata,Amphibia,Anura,Ranidae,Rana
8296,GCA_002915635.3,Amphibians,Chordata,Amphibia,Caudata,Ambystomatidae,Ambystoma
8296,GCF_040938575.1,Amphibians,Chordata,Amphibia,Caudata,Ambystomatidae,Ambystoma
8319,GCF_031143425.1,Amphibians,Chordata,Amphibia,Caudata,Salamandridae,Pleurodeles
8319,GCA_026652325.1,Amphibians,Chordata,Amphibia,Caudata,Salamandridae,Pleurodeles
8323,GCA_964204655.1,Amphibians,Chordata,Amphibia,Caudata,Salamandridae,Triturus
8324,GCA_964263255.1,Amphibians,Chordata,Amphibia,Caudata,Salamandridae,Lissotriton
8345,GCF_027579735.1,Amphibians,Chordata,Amphibia,Anura,Bombinatoridae,Bombina
8345,GCA_027579735.1,Amphibians,Chordata,Amphibia,Anura,Bombinatoridae,Bombina
8348,GCA_964205305.1,Amphibians,Chordata,Amphibia,Anura,Bombinatoridae,Bombina
8348,GCA_964205295.1,Amphibians,Chordata,Amphibia,Anura,Bombinatoridae,Bombina
8351,GCA_027410445.1,Amphibians,Chordata,Amphibia,Anura,Alytidae,Discoglossus
8355,GCF_017654675.1,Amphibians,Chordata,Amphibia,Anura,Pipidae,Xenopus
8364,GCA_000004195.4,Amphibians,Chordata,Amphibia,Anura,Pipidae,Xenopus
8364,GCF_000004195.4,Amphibians,Chordata,Amphibia,Anura,Pipidae,Xenopus
8384,GCF_905171765.1,Amphibians,Chordata,Amphibia,Anura,Bufonidae,Bufo
8384,GCA_905171765.1,Amphibians,Chordata,Amphibia,Anura,Bufonidae,Bufo
8400,GCA_042186555.1,Amphibians,Chordata,Amphibia,Anura,Ranidae,Aquarana
8400,GCF_042186555.1,Amphibians,Chordata,Amphibia,Anura,Ranidae,Aquarana
8407,GCF_905171775.1,Amphibians,Chordata,Amphibia,Anura,Ranidae,Rana
8407,GCA_905171775.1,Amphibians,Chordata,Amphibia,Anura,Ranidae,Rana
8429,GCA_027917425.1,Amphibians,Chordata,Amphibia,Anura,Microhylidae,Gastrophryne
8439,GCF_040206685.1,Amphibians,Chordata,Amphibia,Anura,Ascaphidae,Ascaphus
8453,GCA_033557465.1,Amphibians,Chordata,Amphibia,Gymnophiona,Ichthyophiidae,Ichthyophis
1002788,GCF_027791375.1,Birds,Chordata,Aves,Piciformes,Indicatoridae,Indicator
100784,GCF_011004875.1,Birds,Chordata,Aves,Gruiformes,Gruidae,Balearica
100819,GCA_976974655.1,Birds,Chordata,Aves,Falconiformes,Falconidae,Falco
100819,GCA_976974455.1,Birds,Chordata,Aves,Falconiformes,Falconidae,Falco
100825,GCA_033816785.1,Birds,Chordata,Aves,Piciformes,Picidae,Picus
100826,GCA_964304615.2,Birds,Chordata,Aves,Charadriiformes,Scolopacidae,Scolopax
100830,GCA_951394365.1,Birds,Chordata,Aves,Galliformes,Phasianidae,Tetrao
100859,GCA_965286855.1,Birds,Chordata,Aves,Charadriiformes,Charadriidae,Vanellus
100859,GCA_965231255.1,Birds,Chordata,Aves,Charadriiformes,Charadriidae,Vanellus
1037456,GCA_001746935.2,Birds,Chordata,Aves,Passeriformes,Parulidae,Setophaga
107022,GCA_964059595.1,Birds,Chordata,Aves,Anseriformes,Anatidae,Bucephala
107026,GCA_971812175.1,Birds,Chordata,Aves,Anseriformes,Anatidae,Mergellus
107026,GCA_971847395.1,Birds,Chordata,Aves,Anseriformes,Anatidae,Mergellus
107379,GCA_964304605.1,Birds,Chordata,Aves,Charadriiformes,Scolopacidae,Lymnocryptes
1094192,GCF_015832195.1,Birds,Chordata,Aves,Passeriformes,Motacillidae,Motacilla
110926,GCA_965151615.1,Birds,Chordata,Aves,Anseriformes,Anatidae,Cygnus
111811,GCA_907165065.1,Birds,Chordata,Aves,Caprimulgiformes,Caprimulgidae,Caprimulgus
111821,GCF_031877795.1,Birds,Chordata,Aves,Strigiformes,Strigidae,Strix
111821,GCA_031877795.1,Birds,Chordata,Aves,Strigiformes,Strigidae,Strix
1118847,GCA_020745775.1,Birds,Chordata,Aves,Pelecaniformes,Threskiornithidae,Theristicus
1177618,GCA_026413565.1,Birds,Chordata,Aves,Anseriformes,Anatidae,Aythya
118200,GCF_014839835.1,Birds,Chordata,Aves,Piciformes,Picidae,Dryobates
118200,GCA_014839835.1,Birds,Chordata,Aves,Piciformes,Picidae,Dryobates
1192867,GCF_963924245.1,Birds,Chordata,Aves,Charadriiformes,Laridae,Chroicocephalus
1192867,GCA_963924245.1,Birds,Chordata,Aves,Charadriiformes,Laridae,Chroicocephalus
119606,GCA_965654465.1,Birds,Chordata,Aves,Charadriiformes,Laridae,Larus
119606,GCA_965654385.1,Birds,Chordata,Aves,Charadriiformes,Laridae,Larus
119627,GCF_964199755.1,Birds,Chordata,Aves,Charadriiformes,Laridae,Larus
119627,GCA_964199755.2,Birds,Chordata,Aves,Charadriiformes,Laridae,Larus
1196302,GCF_009650955.1,Birds,Chordata,Aves,Passeriformes,Corvidae,Corvus
1196302,GCA_009650955.1,Birds,Chordata,Aves,Passeriformes,Corvidae,Corvus
119637,GCA_965654415.1,Birds,Chordata,Aves,Charadriiformes,Laridae,Larus
119637,GCA_965654215.1,Birds,Chordata,Aves,Charadriiformes,Laridae,Larus
120794,GCF_015220075.1,Birds,Chordata,Aves,Falconiformes,Falconidae,Falco
121530,GCA_009769465.1,Birds,Chordata,Aves,Musophagiformes,Musophagidae,Tauraco
126713,GCA_965654445.1,Birds,Chordata,Aves,Charadriiformes,Laridae,Larus
126713,GCA_965654455.1,Birds,Chordata,Aves,Charadriiformes,Laridae,Larus
126797,GCF_965140245.1,Birds,Chordata,Aves,Strigiformes,Strigidae,Athene
126797,GCA_965140245.1,Birds,Chordata,Aves,Strigiformes,Strigidae,Athene
126836,GCA_051313305.1,Birds,Chordata,Aves,Strigiformes,Strigidae,Strix
126867,GCF_949628215.1,Birds,Chordata,Aves,Suliformes,Phalacrocoracidae,Phalacrocorax
126867,GCA_949628215.1,Birds,Chordata,Aves,Suliformes,Phalacrocoracidae,Phalacrocorax
126889,GCA_910950805.1,Birds,Chordata,Aves,Passeriformes,Sylviidae,Acrocephalus
127875,GCF_963662255.1,Birds,Chordata,Aves,Passeriformes,Cinclidae,Cinclus
127875,GCA_963662255.1,Birds,Chordata,Aves,Passeriformes,Cinclidae,Cinclus
127946,GCA_965287025.1,Birds,Chordata,Aves,Passeriformes,Turdidae,Turdus
128390,GCA_035839065.1,Birds,Chordata,Aves,Pelecaniformes,Threskiornithidae,Nipponia
12930,GCA_017639355.1,Birds,Chordata,Aves,Psittaciformes,Psittacidae,Amazona
13146,GCF_012275295.1,Birds,Chordata,Aves,Psittaciformes,Psittaculidae,Melopsittacus
13146,GCA_012275295.1,Birds,Chordata,Aves,Psittaciformes,Psittaculidae,Melopsittacus
1323832,GCF_964195595.1,Birds,Chordata,Aves,Procellariiformes,Procellariidae,Calonectris
1323832,GCA_964195595.2,Birds,Chordata,Aves,Procellariiformes,Procellariidae,Calonectris
132585,GCA_964034855.1,Birds,Chordata,Aves,Anseriformes,Anatidae,Anser
132586,GCA_965277985.1,Birds,Chordata,Aves,Anseriformes,Anatidae,Anser
132587,GCA_965250395.1,Birds,Chordata,Aves,Anseriformes,Anatidae,Anser
134902,GCA_020740725.1,Birds,Chordata,Aves,Passeriformes,Corvidae,Corvus
134902,GCF_020740725.1,Birds,Chordata,Aves,Passeriformes,Corvidae,Corvus
135424,GCA_039654755.1,Birds,Chordata,Aves,Passeriformes,Fringillidae,Calcarius
135433,GCA_009764595.1,Birds,Chordata,Aves,Passeriformes,Parulidae,Geothlypis
140446,GCA_030408155.1,Birds,Chordata,Aves,Galliformes,Phasianidae,Lophura
1471794,GCA_015532645.2,Birds,Chordata,Aves,Passeriformes,Fringillidae,Fringilla
148594,GCF_017639655.2,Birds,Chordata,Aves,Falconiformes,Falconidae,Falco
148596,GCA_963210335.1,Birds,Chordata,Aves,Falconiformes,Falconidae,Falco
1497555,GCA_008360975.3,Birds,Chordata,Aves,Passeriformes,Meliphagidae,Lichenostomus
151761,GCA_039720425.1,Birds,Chordata,Aves,Psittaciformes,Psittacidae,Amazona
151761,GCA_039720435.1,Birds,Chordata,Aves,Psittaciformes,Psittacidae,Amazona
153643,GCA_009769605.1,Birds,Chordata,Aves,Bucerotiformes,Bucorvidae,Bucorvus
155086,GCA_042477495.1,Birds,Chordata,Aves,Bucerotiformes,Bucorvidae,Bucorvus
156563,GCA_971808865.1,Birds,Chordata,Aves,Passeriformes,Paridae,Cyanistes
156563,GCA_971803275.1,Birds,Chordata,Aves,Passeriformes,Paridae,Cyanistes
1566151,GCA_045364795.1,Birds,Chordata,Aves,Passeriformes,Thamnophilidae,Willisornis
1570318,GCA_036850655.1,Birds,Chordata,Aves,Anseriformes,Anatidae,Mergus
1570318,GCA_036873955.1,Birds,Chordata,Aves,Anseriformes,Anatidae,Mergus
161624,GCA_031885435.1,Birds,Chordata,Aves,Passeriformes,Passerellidae,Passerculus
176066,GCA_017639245.1,Birds,Chordata,Aves,Psittaciformes,Psittacidae,Myiopsitta
177147,GCA_964273585.1,Birds,Chordata,Aves,Columbiformes,Columbidae,Streptopelia
177147,GCA_964273445.1,Birds,Chordata,Aves,Columbiformes,Columbidae,Streptopelia
177155,GCA_901699155.2,Birds,Chordata,Aves,Columbiformes,Columbidae,Streptopelia
1786045,GCA_051294455.1,Birds,Chordata,Aves,Passeriformes,Meliphagidae,Myzomela
181119,GCA_049639895.1,Birds,Chordata,Aves,Passeriformes,Paridae,Pseudopodoces
184711,GCA_965642265.1,Birds,Chordata,Aves,Anseriformes,Anatidae,Branta
1853061,GCA_038380795.1,Birds,Chordata,Aves,Passeriformes,Tyrannidae,Pyrocephalus
186443,GCA_018697195.1,Birds,Chordata,Aves,Passeriformes,Certhiidae,Certhia
187106,GCF_036013445.1,Birds,Chordata,Aves,Columbiformes,Columbidae,Caloenas
187106,GCA_036013445.1,Birds,Chordata,Aves,Columbiformes,Columbidae,Caloenas
187126,GCA_963082525.1,Birds,Chordata,Aves,Columbiformes,Columbidae,Nesoenas
187382,GCA_036418225.1,Birds,Chordata,Aves,Otidiformes,Otididae,Chlamydotis
187382,GCA_036417535.1,Birds,Chordata,Aves,Otidiformes,Otididae,Chlamydotis
187417,GCF_031753505.1,Birds,Chordata,Aves,Passeriformes,Viduidae,Anomalospiza
187451,GCA_024509145.1,Birds,Chordata,Aves,Passeriformes,Viduidae,Vidua
187451,GCF_024509145.1,Birds,Chordata,Aves,Passeriformes,Viduidae,Vidua
188344,GCA_034619455.1,Birds,Chordata,Aves,Leptosomiformes,Leptosomidae,Leptosomus
188344,GCA_034619465.1,Birds,Chordata,Aves,Leptosomiformes,Leptosomidae,Leptosomus
189534,GCA_029042245.1,Birds,Chordata,Aves,Anseriformes,Anatidae,Aythya
189534,GCA_965140915.1,Birds,Chordata,Aves,Anseriformes,Anatidae,Aythya
1914991,GCF_035770615.1,Birds,Chordata,Aves,Passeriformes,Passerellidae,Melospiza
1914991,GCA_035770615.1,Birds,Chordata,Aves,Passeriformes,Passerellidae,Melospiza
197941,GCA_963989345.1,Birds,Chordata,Aves,Anseriformes,Anatidae,Clangula
202280,GCF_026419915.1,Birds,Chordata,Aves,Accipitriformes,Accipitridae,Harpia
208062,GCF_021018805.1,Birds,Chordata,Aves,Passeriformes,Cisticolidae,Prinia
208526,GCA_033088195.2,Birds,Chordata,Aves,Galliformes,Phasianidae,Gallus
219593,GCA_042478095.1,Birds,Chordata,Aves,Anseriformes,Anatidae,Aythya
219593,GCA_964211825.1,Birds,Chordata,Aves,Anseriformes,Anatidae,Aythya
219594,GCA_009819795.1,Birds,Chordata,Aves,Anseriformes,Anatidae,Aythya
219594,GCF_009819795.1,Birds,Chordata,Aves,Anseriformes,Anatidae,Aythya
219595,GCA_965278775.1,Birds,Chordata,Aves,Anseriformes,Anatidae,Cygnus
2201931,GCA_053477405.1,Birds,Chordata,Aves,Passeriformes,Fringillidae,Spinus
223781,GCF_900496995.4,Birds,Chordata,Aves,Accipitriformes,Accipitridae,Aquila
223781,GCA_900496995.4,Birds,Chordata,Aves,Accipitriformes,Accipitridae,Aquila
232653,GCA_963264785.1,Birds,Chordata,Aves,Psittaciformes,Psittacidae,Psittacula
240206,GCA_009769525.1,Birds,Chordata,Aves,Pterocliformes,Pteroclidae,Pterocles
240704,GCA_054372455.1,Birds,Chordata,Aves,Apodiformes,Trochilidae,Selasphorus
243314,GCA_020745705.1,Birds,Chordata,Aves,Apodiformes,Apodidae,Hemiprocne
245042,GCA_015883425.2,Birds,Chordata,Aves,Passeriformes,Sturnidae,Lamprotornis
245851,GCA_042985785.1,Birds,Chordata,Aves,Passeriformes,Mimidae,Mimus
2489341,GCF_004027225.2,Birds,Chordata,Aves,Psittaciformes,Psittacidae,Strigops
2489341,GCA_004027225.2,Birds,Chordata,Aves,Psittaciformes,Psittacidae,Strigops
252789,GCA_045345515.1,Birds,Chordata,Aves,Accipitriformes,Accipitridae,Morphnus
257770,GCF_028769735.1,Birds,Chordata,Aves,Passeriformes,Passerellidae,Zonotrichia
257867,GCA_965183815.1,Birds,Chordata,Aves,Pelecaniformes,Threskiornithidae,Platalea
258530,GCA_046127185.1,Birds,Chordata,Aves,Accipitriformes,Accipitridae,Accipiter
2593467,GCA_009741485.1,Birds,Chordata,Aves,Passeriformes,Maluridae,Malurus
265620,GCA_051294465.1,Birds,Chordata,Aves,Passeriformes,Meliphagidae,Myzomela
2696672,GCF_036417845.1,Birds,Chordata,Aves,Apterygiformes,Apterygidae,Apteryx
2696672,GCA_036417845.1,Birds,Chordata,Aves,Apterygiformes,Apterygidae,Apteryx
2697428,GCA_053477275.1,Birds,Chordata,Aves,Charadriiformes,Charadriidae,Charadrius
2767082,GCA_014706295.2,Birds,Chordata,Aves,Passeriformes,Paradisaeidae,Lycocorax
279927,GCA_027559615.1,Birds,Chordata,Aves,Passeriformes,Sturnidae,Acridotheres
2857394,GCF_027579445.1,Birds,Chordata,Aves,Passeriformes,Passerellidae,Ammospiza
2857398,GCF_027887145.1,Birds,Chordata,Aves,Passeriformes,Passerellidae,Ammospiza
28680,GCF_963932015.1,Birds,Chordata,Aves,Anseriformes,Anatidae,Anas
28680,GCA_053567805.1,Birds,Chordata,Aves,Anseriformes,Anatidae,Anas
28681,GCA_966207165.1,Birds,Chordata,Aves,Charadriiformes,Laridae,Larus
28681,GCA_966204495.1,Birds,Chordata,Aves,Charadriiformes,Laridae,Larus
28689,GCA_008658365.1,Birds,Chordata,Aves,Charadriiformes,Alcidae,Alca
28727,GCA_046129645.1,Birds,Chordata,Aves,Passeriformes,Corvidae,Cyanocitta
28727,GCA_046129655.1,Birds,Chordata,Aves,Passeriformes,Corvidae,Cyanocitta
2939378,GCF_029582105.1,Birds,Chordata,Aves,Passeriformes,Muscicapidae,Oenanthe
2939378,GCA_029582105.1,Birds,Chordata,Aves,Passeriformes,Muscicapidae,Oenanthe
296741,GCF_009829145.1,Birds,Chordata,Aves,Passeriformes,Pipridae,Chiroxiphia
297711,GCA_020746105.1,Birds,Chordata,Aves,Trogoniformes,Trogonidae,Trogon
30382,GCA_965278175.1,Birds,Chordata,Aves,Anseriformes,Anatidae,Alopochen
30387,GCA_964035555.1,Birds,Chordata,Aves,Anseriformes,Anatidae,Netta
30397,GCF_964188355.1,Birds,Chordata,Aves,Accipitriformes,Accipitridae,Buteo
30397,GCA_964188355.1,Birds,Chordata,Aves,Accipitriformes,Accipitridae,Buteo
30419,GCF_030867145.1,Birds,Chordata,Aves,Opisthocomiformes,Opisthocomidae,Opisthocomus
30423,GCA_013407035.1,Birds,Chordata,Aves,Passeriformes,Corvidae,Coloeus
30423,GCA_965178545.1,Birds,Chordata,Aves,Passeriformes,Corvidae,Coloeus
30427,GCA_027477595.1,Birds,Chordata,Aves,Passeriformes,Fringillidae,Haemorhous
30427,GCF_027477595.1,Birds,Chordata,Aves,Passeriformes,Fringillidae,Haemorhous
3111550,GCA_036010785.1,Birds,Chordata,Aves,Passeriformes,Passerellidae,Ammospiza
3150944,GCA_053455625.1,Birds,Chordata,Aves,Gruiformes,Gruidae,Leucogeranus
31908,GCA_976988755.1,Birds,Chordata,Aves,Charadriiformes,Haematopodidae,Haematopus
31908,GCA_976988815.1,Birds,Chordata,Aves,Charadriiformes,Haematopodidae,Haematopus
31919,GCF_964106895.1,Birds,Chordata,Aves,Charadriiformes,Scolopacidae,Numenius
31919,GCA_964106895.1,Birds,Chordata,Aves,Charadriiformes,Scolopacidae,Numenius
328047,GCA_053573735.1,Birds,Chordata,Aves,Charadriiformes,Laridae,Leucophaeus
33587,GCF_035582795.1,Birds,Chordata,Aves,Ciconiiformes,Ciconiidae,Mycteria
33587,GCA_035582795.1,Birds,Chordata,Aves,Ciconiiformes,Ciconiidae,Mycteria
33595,GCF_032191515.1,Birds,Chordata,Aves,Cuculiformes,Cuculidae,Phaenicophaeus
33610,GCA_028022735.1,Birds,Chordata,Aves,Accipitriformes,Accipitridae,Gypaetus
3385563,GCF_047495875.1,Birds,Chordata,Aves,Passeriformes,Thamnophilidae,Pithys
345155,GCF_023638135.1,Birds,Chordata,Aves,Falconiformes,Falconidae,Falco
345164,GCA_023634085.1,Birds,Chordata,Aves,Falconiformes,Falconidae,Falco
345164,GCF_023634085.1,Birds,Chordata,Aves,Falconiformes,Falconidae,Falco
35669,GCA_964417125.1,Birds,Chordata,Aves,Charadriiformes,Laridae,Larus
35669,GCA_964417175.1,Birds,Chordata,Aves,Charadriiformes,Laridae,Larus
36300,GCF_030463565.1,Birds,Chordata,Aves,Pelecaniformes,Pelecanidae,Pelecanus
36300,GCA_030463565.1,Birds,Chordata,Aves,Pelecaniformes,Pelecanidae,Pelecanus
36305,GCF_047716275.1,Birds,Chordata,Aves,Strigiformes,Strigidae,Strix
36305,GCA_047716275.1,Birds,Chordata,Aves,Strigiformes,Strigidae,Strix
37040,GCF_030936135.1,Birds,Chordata,Aves,Gaviiformes,Gaviidae,Gavia
37040,GCA_030936135.1,Birds,Chordata,Aves,Gaviiformes,Gaviidae,Gavia
37045,GCA_964289735.1,Birds,Chordata,Aves,Phaethontiformes,Phaethontidae,Phaethon
371907,GCA_965212775.1,Birds,Chordata,Aves,Strigiformes,Strigidae,Bubo
371907,GCA_965212795.1,Birds,Chordata,Aves,Strigiformes,Strigidae,Bubo
372321,GCF_037038585.1,Birds,Chordata,Aves,Columbiformes,Columbidae,Patagioenas
372321,GCA_037038585.2,Birds,Chordata,Aves,Columbiformes,Columbidae,Patagioenas
37578,GCA_031468805.1,Birds,Chordata,Aves,Suliformes,Sulidae,Morus
37578,GCA_031468815.1,Birds,Chordata,Aves,Suliformes,Sulidae,Morus
37598,GCA_963513975.1,Birds,Chordata,Aves,Passeriformes,Fringillidae,Fringilla
37609,GCA_965649865.1,Birds,Chordata,Aves,Passeriformes,Fringillidae,Coccothraustes
37610,GCA_903797595.2,Birds,Chordata,Aves,Passeriformes,Turdidae,Erithacus
383689,GCA_034336665.1,Birds,Chordata,Aves,Passeriformes,Turdidae,Luscinia
391696,GCA_034336685.1,Birds,Chordata,Aves,Passeriformes,Turdidae,Luscinia
39617,GCA_041296385.2,Birds,Chordata,Aves,Passeriformes,Corvidae,Aphelocoma
39617,GCF_041296385.1,Birds,Chordata,Aves,Passeriformes,Corvidae,Aphelocoma
39638,GCF_051311805.1,Birds,Chordata,Aves,Passeriformes,Icteridae,Agelaius
39638,GCF_020745825.1,Birds,Chordata,Aves,Passeriformes,Icteridae,Agelaius
40157,GCA_046129695.1,Birds,Chordata,Aves,Passeriformes,Estrildidae,Lonchura
40157,GCF_046129695.1,Birds,Chordata,Aves,Passeriformes,Estrildidae,Lonchura
40178,GCA_965278835.1,Birds,Chordata,Aves,Galliformes,Phasianidae,Alectoris
40179,GCA_030625065.1,Birds,Chordata,Aves,Galliformes,Phasianidae,Alectoris
40217,GCA_003829775.2,Birds,Chordata,Aves,Passeriformes,Passerellidae,Junco
40816,GCA_964106855.1,Birds,Chordata,Aves,Gruiformes,Gruidae,Grus
411526,GCA_965287035.1,Birds,Chordata,Aves,Passeriformes,Turdidae,Turdus
415032,GCF_036250125.1,Birds,Chordata,Aves,Passeriformes,Pipridae,Pseudopipra
415032,GCA_036250125.1,Birds,Chordata,Aves,Passeriformes,Pipridae,Pseudopipra
43150,GCF_015227805.2,Birds,Chordata,Aves,Passeriformes,Hirundinidae,Hirundo
433632,GCA_050947545.1,Birds,Chordata,Aves,Passeriformes,Fringillidae,Emberiza
43581,GCA_965231245.1,Birds,Chordata,Aves,Passeriformes,Zosteropidae,Zosterops
43581,GCA_965231275.1,Birds,Chordata,Aves,Passeriformes,Zosteropidae,Zosterops
43583,GCA_037950955.1,Birds,Chordata,Aves,Accipitriformes,Cathartidae,Sarcoramphus
43583,GCA_037962945.1,Birds,Chordata,Aves,Accipitriformes,Cathartidae,Sarcoramphus
439704,GCA_020800305.1,Birds,Chordata,Aves,Gruiformes,Rallidae,Porphyrio
44391,GCA_045269165.1,Birds,Chordata,Aves,Passeriformes,Passerellidae,Zonotrichia
44394,GCF_047830755.1,Birds,Chordata,Aves,Passeriformes,Passerellidae,Zonotrichia
44394,GCA_047830755.1,Birds,Chordata,Aves,Passeriformes,Passerellidae,Zonotrichia
44398,GCF_028018845.1,Birds,Chordata,Aves,Passeriformes,Passerellidae,Melospiza
45637,GCA_011074415.1,Birds,Chordata,Aves,Anseriformes,Anatidae,Stictonetta
46218,GCF_039878825.1,Birds,Chordata,Aves,Galliformes,Phasianidae,Excalfactoria
46218,GCA_039878515.1,Birds,Chordata,Aves,Galliformes,Phasianidae,Excalfactoria
46513,GCA_023637945.2,Birds,Chordata,Aves,Apodiformes,Trochilidae,Phaethornis
468512,GCA_013398505.2,Birds,Chordata,Aves,Passeriformes,Thamnophilidae,Rhegmatorhina
472823,GCF_036169615.1,Birds,Chordata,Aves,Apodiformes,Trochilidae,Heliangelus
48154,GCA_048593965.1,Birds,Chordata,Aves,Passeriformes,Phylloscopidae,Phylloscopus
48155,GCA_009819655.1,Birds,Chordata,Aves,Passeriformes,Sylviidae,Sylvia
48155,GCF_009819655.1,Birds,Chordata,Aves,Passeriformes,Sylviidae,Sylvia
48277,GCA_039906465.1,Birds,Chordata,Aves,Caprimulgiformes,Aegothelidae,Aegotheles
48277,GCA_039906565.1,Birds,Chordata,Aves,Caprimulgiformes,Aegothelidae,Aegotheles
48427,GCF_013368605.1,Birds,Chordata,Aves,Nyctibiiformes,Nyctibiidae,Nyctibius
48427,GCA_013368605.1,Birds,Chordata,Aves,Nyctibiiformes,Nyctibiidae,Nyctibius
48435,GCA_054099845.1,Birds,Chordata,Aves,Caprimulgiformes,Steatornithidae,Steatornis
48435,GCA_054099775.1,Birds,Chordata,Aves,Caprimulgiformes,Steatornithidae,Steatornis
488313,GCF_015220805.1,Birds,Chordata,Aves,Piciformes,Lybiidae,Pogoniulus
488313,GCA_015220805.1,Birds,Chordata,Aves,Piciformes,Lybiidae,Pogoniulus
48849,GCA_036417665.1,Birds,Chordata,Aves,Passeriformes,Passeridae,Passer
48849,GCF_036417665.1,Birds,Chordata,Aves,Passeriformes,Passeridae,Passer
48891,GCA_030490855.1,Birds,Chordata,Aves,Passeriformes,Paridae,Poecile
48891,GCF_030490865.1,Birds,Chordata,Aves,Passeriformes,Paridae,Poecile
48895,GCA_038429875.2,Birds,Chordata,Aves,Passeriformes,Paridae,Poecile
50250,GCA_032173965.1,Birds,Chordata,Aves,Passeriformes,Sittidae,Sitta
50250,GCA_054054645.1,Birds,Chordata,Aves,Passeriformes,Sittidae,Sitta
50365,GCA_976913865.1,Birds,Chordata,Aves,Anseriformes,Anatidae,Anser
51355,GCA_015227895.2,Birds,Chordata,Aves,Piciformes,Picidae,Colaptes
51906,GCA_045345405.1,Birds,Chordata,Aves,Psittaciformes,Psittacidae,Guaruba
52775,GCA_034638445.1,Birds,Chordata,Aves,Ciconiiformes,Ciconiidae,Ciconia
52775,GCF_034638445.1,Birds,Chordata,Aves,Ciconiiformes,Ciconiidae,Ciconia
52777,GCA_017639555.1,Birds,Chordata,Aves,Ciconiiformes,Ciconiidae,Ciconia
54380,GCA_009819825.1,Birds,Chordata,Aves,Cariamiformes,Cariamidae,Cariama
54386,GCA_027574665.1,Birds,Chordata,Aves,Eurypygiformes,Rhynochetidae,Rhynochetos
54496,GCA_965250365.1,Birds,Chordata,Aves,Gruiformes,Rallidae,Rallus
547948,GCA_019023105.1,Birds,Chordata,Aves,Passeriformes,Thraupidae,Diglossa
555264,GCA_011075105.1,Birds,Chordata,Aves,Anseriformes,Anatidae,Heteronetta
55661,GCF_017976375.1,Birds,Chordata,Aves,Cuculiformes,Cuculidae,Cuculus
55661,GCA_017976375.1,Birds,Chordata,Aves,Cuculiformes,Cuculidae,Cuculus
57068,GCA_016904835.1,Birds,Chordata,Aves,Passeriformes,Acanthisittidae,Acanthisitta
57412,GCA_028858625.2,Birds,Chordata,Aves,Coliiformes,Coliidae,Colius
57412,GCF_028858725.1,Birds,Chordata,Aves,Coliiformes,Coliidae,Colius
57421,GCA_009819595.1,Birds,Chordata,Aves,Coraciiformes,Meropidae,Merops
59729,GCF_048771995.1,Birds,Chordata,Aves,Passeriformes,Estrildidae,Taeniopygia
59729,GCF_000151805.1,Birds,Chordata,Aves,Passeriformes,Estrildidae,Taeniopygia
59894,GCF_000247815.1,Birds,Chordata,Aves,Passeriformes,Muscicapidae,Ficedula
60463,GCA_051622115.1,Birds,Chordata,Aves,Psittaciformes,Psittacidae,Agapornis
60468,GCA_051622155.1,Birds,Chordata,Aves,Psittaciformes,Psittacidae,Agapornis
64668,GCA_023343835.1,Birds,Chordata,Aves,Galliformes,Phasianidae,Lagopus
64668,GCF_023343835.1,Birds,Chordata,Aves,Galliformes,Phasianidae,Lagopus
655235,GCA_045281155.1,Birds,Chordata,Aves,Passeriformes,Passerellidae,Zonotrichia
658922,GCA_011076525.1,Birds,Chordata,Aves,Anseriformes,Anatidae,Nettapus
670352,GCA_017639485.1,Birds,Chordata,Aves,Charadriiformes,Charadriidae,Pluvialis
678569,GCF_037157495.1,Birds,Chordata,Aves,Psittaciformes,Psittacidae,Lathamus
678569,GCA_037157495.1,Birds,Chordata,Aves,Psittaciformes,Psittacidae,Lathamus
68471,GCA_965287075.1,Birds,Chordata,Aves,Passeriformes,Sylviidae,Acrocephalus
689208,GCA_054051235.1,Birds,Chordata,Aves,Apodiformes,Trochilidae,Chalcostigma
689208,GCA_054051245.1,Birds,Chordata,Aves,Apodiformes,Trochilidae,Chalcostigma
73107,GCA_026413225.1,Birds,Chordata,Aves,Otidiformes,Otididae,Otis
73324,GCA_014839755.1,Birds,Chordata,Aves,Passeriformes,Sylviidae,Sylvia
73327,GCA_977066295.1,Birds,Chordata,Aves,Passeriformes,Aegithalidae,Aegithalos
75485,GCF_028500815.1,Birds,Chordata,Aves,Charadriiformes,Laridae,Rissa
75838,GCA_977066335.1,Birds,Chordata,Aves,Anseriformes,Anatidae,Spatula
75839,GCA_053567865.1,Birds,Chordata,Aves,Anseriformes,Anatidae,Anas
75844,GCA_053567875.1,Birds,Chordata,Aves,Anseriformes,Anatidae,Mareca
75861,GCA_965278785.1,Birds,Chordata,Aves,Anseriformes,Anatidae,Mareca
76058,GCA_951416345.1,Birds,Chordata,Aves,Anseriformes,Anatidae,Somateria
797021,GCA_054084135.1,Birds,Chordata,Aves,Passeriformes,Muscicapidae,Copsychus
81927,GCF_026979565.1,Birds,Chordata,Aves,Passeriformes,Viduidae,Vidua
81927,GCA_026979565.1,Birds,Chordata,Aves,Passeriformes,Viduidae,Vidua
84833,GCA_037042795.1,Birds,Chordata,Aves,Passeriformes,Icteridae,Molothrus
84833,GCF_037042795.1,Birds,Chordata,Aves,Passeriformes,Icteridae,Molothrus
84834,GCA_012460135.3,Birds,Chordata,Aves,Passeriformes,Icteridae,Molothrus
84834,GCF_012460135.2,Birds,Chordata,Aves,Passeriformes,Icteridae,Molothrus
87175,GCF_901933205.1,Birds,Chordata,Aves,Passeriformes,Thraupidae,Camarhynchus
8790,GCF_036370855.1,Birds,Chordata,Aves,Casuariiformes,Dromaiidae,Dromaius
8790,GCA_036370855.1,Birds,Chordata,Aves,Casuariiformes,Dromaiidae,Dromaius
8795,GCA_028389875.1,Birds,Chordata,Aves,Rheiformes,Rheidae,Rhea
8795,GCF_028389875.1,Birds,Chordata,Aves,Rheiformes,Rheidae,Rhea
8801,GCF_040807025.1,Birds,Chordata,Aves,Struthioniformes,Struthionidae,Struthio
8801,GCA_040807025.1,Birds,Chordata,Aves,Struthioniformes,Struthionidae,Struthio
8805,GCA_047922975.1,Birds,Chordata,Aves,Tinamiformes,Tinamidae,Eudromia
8805,GCA_047922985.1,Birds,Chordata,Aves,Tinamiformes,Tinamidae,Eudromia
8839,GCA_002224895.2,Birds,Chordata,Aves,Anseriformes,Anatidae,Anas
8839,GCF_003850225.1,Birds,Chordata,Aves,Anseriformes,Anatidae,Anas
8840,GCA_002743455.1,Birds,Chordata,Aves,Anseriformes,Anatidae,Anas
8843,GCA_964211785.1,Birds,Chordata,Aves,Anseriformes,Anatidae,Anser
8843,GCA_964211835.1,Birds,Chordata,Aves,Anseriformes,Anatidae,Anser
8845,GCA_025388735.1,Birds,Chordata,Aves,Anseriformes,Anatidae,Anser
8845,GCF_040182565.1,Birds,Chordata,Aves,Anseriformes,Anatidae,Anser
8846,GCA_025583725.1,Birds,Chordata,Aves,Anseriformes,Anatidae,Anser
8853,GCA_965231335.1,Birds,Chordata,Aves,Anseriformes,Anatidae,Branta
8855,GCA_048319975.1,Birds,Chordata,Aves,Anseriformes,Anatidae,Cairina
8869,GCF_009769625.2,Birds,Chordata,Aves,Anseriformes,Anatidae,Cygnus
887050,GCA_034008185.1,Birds,Chordata,Aves,Pelecaniformes,Ardeidae,Gorsachius
8884,GCF_011077185.1,Birds,Chordata,Aves,Anseriformes,Anatidae,Oxyura
8884,GCA_011077185.1,Birds,Chordata,Aves,Anseriformes,Anatidae,Oxyura
8895,GCA_020740795.1,Birds,Chordata,Aves,Apodiformes,Apodidae,Apus
8895,GCF_020740795.1,Birds,Chordata,Aves,Apodiformes,Apodidae,Apus
8905,GCA_028020825.1,Birds,Chordata,Aves,Caprimulgiformes,Podargidae,Podargus
8912,GCA_965649815.1,Birds,Chordata,Aves,Charadriiformes,Laridae,Larus
8912,GCA_965649785.1,Birds,Chordata,Aves,Charadriiformes,Laridae,Larus
8915,GCA_963932325.2,Birds,Chordata,Aves,Charadriiformes,Laridae,Larus
8915,GCA_963932225.2,Birds,Chordata,Aves,Charadriiformes,Laridae,Larus
8924,GCA_039700855.2,Birds,Chordata,Aves,Accipitriformes,Cathartidae,Vultur
8932,GCF_036013475.1,Birds,Chordata,Aves,Columbiformes,Columbidae,Columba
8932,GCA_036013475.2,Birds,Chordata,Aves,Columbiformes,Columbidae,Columba
8934,GCA_965250375.1,Birds,Chordata,Aves,Columbiformes,Columbidae,Columba
8954,GCA_001887755.1,Birds,Chordata,Aves,Falconiformes,Falconidae,Falco
8954,GCF_023634155.1,Birds,Chordata,Aves,Falconiformes,Falconidae,Falco
8957,GCF_929443795.1,Birds,Chordata,Aves,Accipitriformes,Accipitridae,Astur
8957,GCA_929443795.2,Birds,Chordata,Aves,Accipitriformes,Accipitridae,Astur
8969,GCA_947461875.1,Birds,Chordata,Aves,Accipitriformes,Accipitridae,Haliaeetus
8969,GCF_947461875.1,Birds,Chordata,Aves,Accipitriformes,Accipitridae,Haliaeetus
8996,GCF_002078875.1,Birds,Chordata,Aves,Galliformes,Numididae,Numida
9031,GCF_016700215.2,Birds,Chordata,Aves,Galliformes,Phasianidae,Gallus
9031,GCF_016699485.2,Birds,Chordata,Aves,Galliformes,Phasianidae,Gallus
9078,GCA_035666275.1,Birds,Chordata,Aves,Galliformes,Phasianidae,Alectoris
9079,GCA_051903495.1,Birds,Chordata,Aves,Galliformes,Phasianidae,Alectoris
9103,GCA_943294205.1,Birds,Chordata,Aves,Galliformes,Phasianidae,Meleagris
9103,GCF_000146605.3,Birds,Chordata,Aves,Galliformes,Phasianidae,Meleagris
9117,GCA_028858595.1,Birds,Chordata,Aves,Gruiformes,Gruidae,Grus
9117,GCF_028858705.1,Birds,Chordata,Aves,Gruiformes,Gruidae,Grus
9123,GCA_964237585.1,Birds,Chordata,Aves,Gruiformes,Rallidae,Gallinula
9135,GCA_022539315.2,Birds,Chordata,Aves,Passeriformes,Fringillidae,Serinus
9135,GCF_022539315.1,Birds,Chordata,Aves,Passeriformes,Fringillidae,Serinus
9157,GCF_001522545.3,Birds,Chordata,Aves,Passeriformes,Paridae,Parus
9172,GCA_023376015.1,Birds,Chordata,Aves,Passeriformes,Sturnidae,Sturnus
9187,GCA_965287015.2,Birds,Chordata,Aves,Passeriformes,Turdidae,Turdus
9188,GCA_052324695.1,Birds,Chordata,Aves,Passeriformes,Turdidae,Turdus
91951,GCF_009819885.2,Birds,Chordata,Aves,Passeriformes,Turdidae,Catharus
91951,GCA_009819885.2,Birds,Chordata,Aves,Passeriformes,Turdidae,Catharus
9218,GCA_009819775.1,Birds,Chordata,Aves,Phoenicopteriformes,Phoenicopteridae,Phoenicopterus
9226,GCA_028858755.1,Birds,Chordata,Aves,Psittaciformes,Psittacidae,Ara
9240,GCA_027474245.1,Birds,Chordata,Aves,Sphenisciformes,Spheniscidae,Spheniscus
9244,GCF_003957555.1,Birds,Chordata,Aves,Apodiformes,Trochilidae,Calypte
9244,GCA_003957555.2,Birds,Chordata,Aves,Apodiformes,Trochilidae,Calypte
92683,GCA_050947505.1,Birds,Chordata,Aves,Sphenisciformes,Spheniscidae,Spheniscus
92683,GCA_050947425.1,Birds,Chordata,Aves,Sphenisciformes,Spheniscidae,Spheniscus
928672,GCA_965183895.1,Birds,Chordata,Aves,Passeriformes,Fringillidae,Pyrrhula
932674,GCF_000738735.6,Birds,Chordata,Aves,Passeriformes,Corvidae,Corvus
93934,GCA_001577835.2,Birds,Chordata,Aves,Galliformes,Phasianidae,Coturnix
93934,GCF_001577835.2,Birds,Chordata,Aves,Galliformes,Phasianidae,Coturnix
101491,GCA_977009205.1,Chordates_Outgroup,Chordata,,Testudines,Trionychidae,Trionyx
1041117,GCA_040894355.2,Chordates_Outgroup,Chordata,,Testudines,Chelidae,Myuchelys
106734,GCA_003597395.2,Chordates_Outgroup,Chordata,,Testudines,Testudinidae,Chelonoidis
106734,GCF_003597395.2,Chordates_Outgroup,Chordata,,Testudines,Testudinidae,Chelonoidis
1087311,GCA_037113585.1,Chordates_Outgroup,Chordata,,Testudines,Emydidae,Malaclemys
1128088,GCA_964006365.1,Chordates_Outgroup,Chordata,Ascidiacea,Aplousobranchia,Didemnidae,Trididemnum
1273101,GCA_965654205.1,Chordates_Outgroup,Chordata,Ascidiacea,Stolidobranchia,Styelidae,Asterocarpa
1298853,GCA_966096145.1,Chordates_Outgroup,Chordata,Ascidiacea,Phlebobranchia,Ascidiidae,Ascidiella
13735,GCA_048772765.1,Chordates_Outgroup,Chordata,,Testudines,Trionychidae,Pelodiscus
13735,GCF_049634645.1,Chordates_Outgroup,Chordata,,Testudines,Trionychidae,Pelodiscus
1443217,GCF_964340395.1,Chordates_Outgroup,Hemichordata,Enteropneusta,,Spengelidae,Glandiceps
1443217,GCA_964340395.1,Chordates_Outgroup,Hemichordata,Enteropneusta,,Spengelidae,Glandiceps
1488670,GCA_051311615.1,Chordates_Outgroup,Chordata,,Testudines,Pelomedusidae,Pelomedusa
159417,GCF_947623445.1,Chordates_Outgroup,Chordata,Ascidiacea,Aplousobranchia,Clavelinidae,Clavelina
159417,GCA_947623445.1,Chordates_Outgroup,Chordata,Ascidiacea,Aplousobranchia,Clavelinidae,Clavelina
161718,GCA_054135685.1,Chordates_Outgroup,Chordata,,Testudines,Trionychidae,Palea
167804,GCA_026122505.1,Chordates_Outgroup,Chordata,,Testudines,Testudinidae,Aldabrachelys
168635,GCA_965643625.1,Chordates_Outgroup,Chordata,Ascidiacea,Aplousobranchia,Didemnidae,Diplosoma
171793,GCA_032595735.1,Chordates_Outgroup,Chordata,,Testudines,Trionychidae,Pelochelys
171799,GCA_052575445.1,Chordates_Outgroup,Chordata,,Testudines,Trionychidae,Chitra
1774210,GCA_977071135.1,Chordates_Outgroup,Chordata,Ascidiacea,Aplousobranchia,Didemnidae,Lissoclinum
1825980,GCF_007399415.2,Chordates_Outgroup,Chordata,,Testudines,Testudinidae,Gopherus
201961,GCA_963924565.1,Chordates_Outgroup,Chordata,Ascidiacea,Phlebobranchia,Ascidiidae,Ascidiella
201963,GCA_965234635.1,Chordates_Outgroup,Chordata,Ascidiacea,Stolidobranchia,Pyuridae,Halocynthia
2170621,GCA_965278745.1,Chordates_Outgroup,Chordata,Ascidiacea,Stolidobranchia,Styelidae,Polycarpa
2170621,GCA_965278815.1,Chordates_Outgroup,Chordata,Ascidiacea,Stolidobranchia,Styelidae,Polycarpa
227871,GCA_050000005.1,Chordates_Outgroup,Chordata,,Testudines,Podocnemididae,Podocnemis
251359,GCA_054346155.1,Chordates_Outgroup,Chordata,,Testudines,Chelidae,Emydura
260615,GCA_016161935.1,Chordates_Outgroup,Chordata,,Testudines,Geoemydidae,Mauremys
260615,GCF_016161935.1,Chordates_Outgroup,Chordata,,Testudines,Geoemydidae,Mauremys
260642,GCA_045781095.1,Chordates_Outgroup,Chordata,,Testudines,Geoemydidae,Pangshura
260642,GCA_045781085.1,Chordates_Outgroup,Chordata,,Testudines,Geoemydidae,Pangshura
2700039,GCA_013266295.2,Chordates_Outgroup,Chordata,Leptocardii,Amphioxiformes,Branchiostomatidae,Branchiostoma
2700040,GCA_022788385.1,Chordates_Outgroup,Chordata,Leptocardii,Amphioxiformes,Branchiostomatidae,Branchiostoma
2771288,GCA_918807975.1,Chordates_Outgroup,Chordata,Ascidiacea,Aplousobranchia,Polyclinidae,Aplidium
27787,GCA_030012505.1,Chordates_Outgroup,Chordata,,Testudines,Cheloniidae,Eretmochelys
27787,GCF_965152235.1,Chordates_Outgroup,Chordata,,Testudines,Cheloniidae,Eretmochelys
27788,GCA_965140255.1,Chordates_Outgroup,Chordata,,Testudines,Cheloniidae,Lepidochelys
27788,GCA_965140295.1,Chordates_Outgroup,Chordata,,Testudines,Cheloniidae,Lepidochelys
27790,GCF_965152275.1,Chordates_Outgroup,Chordata,,Testudines,Cheloniidae,Natator
27790,GCA_965152275.1,Chordates_Outgroup,Chordata,,Testudines,Cheloniidae,Natator
27794,GCF_009764565.3,Chordates_Outgroup,Chordata,,Testudines,Dermochelyidae,Dermochelys
27794,GCA_009764565.4,Chordates_Outgroup,Chordata,,Testudines,Dermochelyidae,Dermochelys
286002,GCF_025201925.1,Chordates_Outgroup,Chordata,,Testudines,Testudinidae,Gopherus
286002,GCA_025201925.1,Chordates_Outgroup,Chordata,,Testudines,Testudinidae,Gopherus
2980188,GCA_974891035.1,Chordates_Outgroup,Chordata,Ascidiacea,Aplousobranchia,Polyclinidae,Aplidium
2991368,GCF_027887155.1,Chordates_Outgroup,Chordata,,Testudines,Emydidae,Malaclemys
3026461,GCA_033296515.1,Chordates_Outgroup,Chordata,,Testudines,Chelydridae,Macrochelys
30301,GCA_051294915.1,Chordates_Outgroup,Chordata,Ascidiacea,Stolidobranchia,Styelidae,Botryllus
31138,GCA_013100865.1,Chordates_Outgroup,Chordata,,Testudines,Emydidae,Trachemys
31138,GCF_013100865.1,Chordates_Outgroup,Chordata,,Testudines,Emydidae,Trachemys
322858,GCA_963680785.1,Chordates_Outgroup,Chordata,Ascidiacea,Aplousobranchia,Didemnidae,Diplosoma
34761,GCA_965202585.1,Chordates_Outgroup,Chordata,Thaliacea,Salpida,Salpidae,Thalia
38561,GCA_947561715.1,Chordates_Outgroup,Chordata,Ascidiacea,Phlebobranchia,Ascidiidae,Ascidia
391339,GCA_037418315.2,Chordates_Outgroup,Chordata,,Testudines,Emydidae,Chrysemys
395376,GCA_964656945.1,Chordates_Outgroup,Chordata,Ascidiacea,Phlebobranchia,Ascidiidae,Phallusia
439819,GCA_966112915.1,Chordates_Outgroup,Chordata,Ascidiacea,Aplousobranchia,Pycnoclavellidae,Pycnoclavella
439822,GCA_977109195.1,Chordates_Outgroup,Chordata,Ascidiacea,Stolidobranchia,Pyuridae,Microcosmus
44489,GCA_033958435.1,Chordates_Outgroup,Chordata,,Testudines,Carettochelyidae,Carettochelys
44489,GCF_033958435.1,Chordates_Outgroup,Chordata,,Testudines,Carettochelyidae,Carettochelys
44507,GCA_045364815.1,Chordates_Outgroup,Chordata,,Testudines,Podocnemididae,Podocnemis
509136,GCA_040954595.2,Chordates_Outgroup,Hemichordata,Enteropneusta,,Ptychoderidae,Balanoglossus
509136,GCA_040954625.2,Chordates_Outgroup,Hemichordata,Enteropneusta,,Ptychoderidae,Balanoglossus
51511,GCA_054131345.1,Chordates_Outgroup,Chordata,Ascidiacea,Phlebobranchia,Cionidae,Ciona
516032,GCA_965643705.1,Chordates_Outgroup,Chordata,Ascidiacea,Aplousobranchia,Didemnidae,Didemnum
55550,GCA_054099715.1,Chordates_Outgroup,Chordata,,Testudines,Dermatemydidae,Dermatemys
55550,GCA_054099655.1,Chordates_Outgroup,Chordata,,Testudines,Dermatemydidae,Dermatemys
59560,GCA_965637545.1,Chordates_Outgroup,Chordata,Ascidiacea,Phlebobranchia,Ascidiidae,Phallusia
61327,GCA_049999965.1,Chordates_Outgroup,Chordata,,Testudines,Chelidae,Hydromedusa
63121,GCF_041260155.1,Chordates_Outgroup,Hemichordata,Enteropneusta,,Ptychoderidae,Ptychodera
641091,GCA_963675345.1,Chordates_Outgroup,Chordata,Ascidiacea,Aplousobranchia,Didemnidae,Trididemnum
644239,GCA_963965965.1,Chordates_Outgroup,Chordata,Ascidiacea,Aplousobranchia,Didemnidae,Trididemnum
74920,GCA_050000115.1,Chordates_Outgroup,Chordata,,Testudines,Testudinidae,Indotestudo
74920,GCA_050000095.2,Chordates_Outgroup,Chordata,,Testudines,Testudinidae,Indotestudo
74926,GCA_020497125.1,Chordates_Outgroup,Chordata,,Testudines,Geoemydidae,Mauremys
74926,GCF_020497125.1,Chordates_Outgroup,Chordata,,Testudines,Geoemydidae,Mauremys
7719,GCA_018327805.2,Chordates_Outgroup,Chordata,Ascidiacea,Phlebobranchia,Cionidae,Ciona
7719,GCF_000224145.3,Chordates_Outgroup,Chordata,Ascidiacea,Phlebobranchia,Cionidae,Ciona
7725,GCF_964204865.1,Chordates_Outgroup,Chordata,Ascidiacea,Stolidobranchia,Styelidae,Styela
7725,GCA_964204865.2,Chordates_Outgroup,Chordata,Ascidiacea,Stolidobranchia,Styelidae,Styela
7726,GCA_963675895.2,Chordates_Outgroup,Chordata,Ascidiacea,Stolidobranchia,Styelidae,Styela
7739,GCF_000003815.2,Chordates_Outgroup,Chordata,Leptocardii,Amphioxiformes,Branchiostomatidae,Branchiostoma
7740,GCA_035083965.1,Chordates_Outgroup,Chordata,Leptocardii,Amphioxiformes,Branchiostomatidae,Branchiostoma
7740,GCF_035083965.1,Chordates_Outgroup,Chordata,Leptocardii,Amphioxiformes,Branchiostomatidae,Branchiostoma
7741,GCA_053772055.1,Chordates_Outgroup,Chordata,Leptocardii,Amphioxiformes,Branchiostomatidae,Branchiostoma
7883,GCA_040581445.1,Chordates_Outgroup,Chordata,,Ceratodontiformes,Lepidosirenidae,Lepidosiren
7888,GCA_019279795.1,Chordates_Outgroup,Chordata,,Ceratodontiformes,Protopteridae,Protopterus
7888,GCF_019279795.1,Chordates_Outgroup,Chordata,,Ceratodontiformes,Protopteridae,Protopterus
7892,GCA_016271365.2,Chordates_Outgroup,Chordata,,Ceratodontiformes,Ceratodontidae,Neoceratodus
7897,GCF_037176945.1,Chordates_Outgroup,Chordata,,Coelacanthiformes,Coelacanthidae,Latimeria
7897,GCA_037176945.1,Chordates_Outgroup,Chordata,,Coelacanthiformes,Coelacanthidae,Latimeria
82168,GCF_028017835.1,Chordates_Outgroup,Chordata,,Testudines,Emydidae,Emys
8467,GCF_965140235.1,Chordates_Outgroup,Chordata,,Testudines,Cheloniidae,Caretta
8469,GCA_015237465.2,Chordates_Outgroup,Chordata,,Testudines,Cheloniidae,Chelonia
8469,GCF_015237465.2,Chordates_Outgroup,Chordata,,Testudines,Cheloniidae,Chelonia
8472,GCF_965140265.1,Chordates_Outgroup,Chordata,,Testudines,Cheloniidae,Lepidochelys
8478,GCA_011386835.2,Chordates_Outgroup,Chordata,,Testudines,Emydidae,Chrysemys
8481,GCA_037349215.2,Chordates_Outgroup,Chordata,,Testudines,Emydidae,Graptemys
8496,GCA_030867095.1,Chordates_Outgroup,Chordata,,Crocodylia,Alligatoridae,Alligator
8496,GCF_030867095.1,Chordates_Outgroup,Chordata,,Crocodylia,Alligatoridae,Alligator
86975,GCA_040782865.1,Chordates_Outgroup,Chordata,,Testudines,Testudinidae,Testudo
904230,GCA_019425775.1,Chordates_Outgroup,Chordata,,Testudines,Trionychidae,Rafetus
94835,GCA_030020295.1,Chordates_Outgroup,Chordata,,Crocodylia,Gavialidae,Gavialis
100952,GCA_023566465.1,Fish,Chordata,Actinopteri,Perciformes,Cottidae,Cottus
101364,GCA_019843895.2,Fish,Chordata,Actinopteri,Cypriniformes,Cyprinidae,Carassius
101364,GCF_023724105.1,Fish,Chordata,Actinopteri,Cypriniformes,Cyprinidae,Carassius
1028178,GCA_044705665.1,Fish,Chordata,Actinopteri,Osmeriformes,Salangidae,Neosalanx
103477,GCA_050231285.1,Fish,Chordata,Actinopteri,Siluriformes,Loricariidae,Pterygoplichthys
1042646,GCA_026213295.1,Fish,Chordata,Actinopteri,Gadiformes,Gadidae,Gadus
1042646,GCF_026213295.1,Fish,Chordata,Actinopteri,Gadiformes,Gadidae,Gadus
104658,GCA_023969325.1,Fish,Chordata,Actinopteri,Beloniformes,Adrianichthyidae,Oryzias
105023,GCF_043380555.1,Fish,Chordata,Actinopteri,Cyprinodontiformes,Nothobranchiidae,Nothobranchius
106175,GCA_052625575.1,Fish,Chordata,Actinopteri,Pleuronectiformes,Pleuronectidae,Microstomus
106175,GCA_964266715.1,Fish,Chordata,Actinopteri,Pleuronectiformes,Pleuronectidae,Microstomus
106582,GCF_041146795.1,Fish,Chordata,Actinopteri,Cichliformes,Cichlidae,Maylandia
106582,GCF_000238955.4,Fish,Chordata,Actinopteri,Cichliformes,Cichlidae,Maylandia
1069390,GCA_039105355.1,Fish,Chordata,Actinopteri,Myctophiformes,Myctophidae,Benthosema
1072478,GCA_038087875.1,Fish,Chordata,Chondrichthyes,Rajiformes,Rajidae,Malacoraja
1073243,GCF_051991245.1,Fish,Chordata,Actinopteri,Syngnathiformes,Syngnathidae,Festucalex
1090488,GCA_028583405.1,Fish,Chordata,Actinopteri,Perciformes,Artedidraconidae,Pogonophryne
109271,GCA_047301455.1,Fish,Chordata,Actinopteri,Osteoglossiformes,Osteoglossidae,Osteoglossum
109274,GCA_018466805.1,Fish,Chordata,Actinopteri,Syngnathiformes,Syngnathidae,Hippocampus
109283,GCA_965263715.1,Fish,Chordata,Actinopteri,Syngnathiformes,Syngnathidae,Hippocampus
109291,GCA_043880055.1,Fish,Chordata,Actinopteri,Syngnathiformes,Syngnathidae,Hippocampus
109293,GCA_025434085.3,Fish,Chordata,Actinopteri,Syngnathiformes,Syngnathidae,Hippocampus
109293,GCF_025434085.1,Fish,Chordata,Actinopteri,Syngnathiformes,Syngnathidae,Hippocampus
1093616,GCA_028031935.1,Fish,Chordata,Actinopteri,Cypriniformes,,Paedocypris
109706,GCF_039877785.1,Fish,Chordata,Actinopteri,Chaetodontiformes,Chaetodontidae,Chaetodon
109706,GCA_039877785.1,Fish,Chordata,Actinopteri,Chaetodontiformes,Chaetodontidae,Chaetodon
109905,GCA_037975115.1,Fish,Chordata,Actinopteri,Chaetodontiformes,Chaetodontidae,Chelmon
109905,GCF_017976325.1,Fish,Chordata,Actinopteri,Chaetodontiformes,Chaetodontidae,Chelmon
1115630,GCA_030435695.1,Fish,Chordata,Actinopteri,Salmoniformes,Salmonidae,Brachymystax
112232,GCF_964213995.1,Fish,Chordata,Chondrichthyes,Carcharhiniformes,Triakidae,Mustelus
112232,GCA_964213995.1,Fish,Chordata,Chondrichthyes,Carcharhiniformes,Triakidae,Mustelus
1126214,GCA_048564825.1,Fish,Chordata,Actinopteri,Aulopiformes,Bathysauridae,Bathysaurus
1126214,GCA_965279225.1,Fish,Chordata,Actinopteri,Aulopiformes,Bathysauridae,Bathysaurus
113540,GCA_023634345.2,Fish,Chordata,Actinopteri,Osteoglossiformes,Osteoglossidae,Scleropages
113540,GCF_900964775.1,Fish,Chordata,Actinopteri,Osteoglossiformes,Osteoglossidae,Scleropages
113544,GCA_007844225.2,Fish,Chordata,Actinopteri,Osteoglossiformes,Osteoglossidae,Arapaima
1142201,GCF_903798145.1,Fish,Chordata,Actinopteri,Cypriniformes,Danionidae,Danio
118141,GCF_013368585.1,Fish,Chordata,Actinopteri,Elopiformes,Megalopidae,Megalops
1182198,GCA_054100245.1,Fish,Chordata,Actinopteri,Acropomatiformes,Pempheridae,Pempheris
1182198,GCA_054100275.1,Fish,Chordata,Actinopteri,Acropomatiformes,Pempheridae,Pempheris
1182262,GCA_977090075.1,Fish,Chordata,Actinopteri,Tetraodontiformes,Ostraciidae,Rhinesomus
119488,GCA_011952085.1,Fish,Chordata,Actinopteri,Centrarchiformes,Sinipercidae,Siniperca
119488,GCF_020085105.1,Fish,Chordata,Actinopteri,Centrarchiformes,Sinipercidae,Siniperca
1195602,GCA_046255725.1,Fish,Chordata,Actinopteri,Percopsiformes,Amblyopsidae,Amblyopsis
1195602,GCA_046255685.1,Fish,Chordata,Actinopteri,Percopsiformes,Amblyopsidae,Amblyopsis
120210,GCA_047663975.1,Fish,Chordata,Actinopteri,Cichliformes,Cichlidae,Labeotropheus
1203425,GCF_009762535.1,Fish,Chordata,Actinopteri,Labriformes,Labridae,Notolabrus
1203425,GCA_009762535.1,Fish,Chordata,Actinopteri,Labriformes,Labridae,Notolabrus
1234273,GCF_022655615.1,Fish,Chordata,Actinopteri,Siluriformes,Bagridae,Tachysurus
1234273,GCA_022655615.1,Fish,Chordata,Actinopteri,Siluriformes,Bagridae,Tachysurus
123683,GCA_003999625.1,Fish,Chordata,Actinopteri,Beloniformes,Adrianichthyidae,Oryzias
1250792,GCF_017639745.1,Fish,Chordata,Actinopteri,Atheriniformes,Melanotaeniidae,Melanotaenia
1263952,GCA_019453435.1,Fish,Chordata,Actinopteri,Gobiiformes,Gobiidae,Rhinogobius
1266862,GCA_026122265.1,Fish,Chordata,Actinopteri,Uranoscopiformes,Ammodytidae,Ammodytes
1279364,GCA_029620275.1,Fish,Chordata,Actinopteri,Cypriniformes,Cyprinidae,Acrossocheilus
129043,GCA_033807715.1,Fish,Chordata,Actinopteri,Beloniformes,Belonidae,Cololabis
129043,GCF_033807715.1,Fish,Chordata,Actinopteri,Beloniformes,Belonidae,Cololabis
129108,GCA_014839995.1,Fish,Chordata,Actinopteri,Beloniformes,Belonidae,Xenentodon
13013,GCA_024256425.2,Fish,Chordata,Actinopteri,Siluriformes,Clariidae,Clarias
13013,GCF_024256425.1,Fish,Chordata,Actinopteri,Siluriformes,Clariidae,Clarias
130472,GCA_965170635.1,Fish,Chordata,Actinopteri,Labriformes,Labridae,Symphodus
1306753,GCA_965653945.1,Fish,Chordata,Actinopteri,Uranoscopiformes,Ammodytidae,Gymnammodytes
13095,GCA_037950675.1,Fish,Chordata,Actinopteri,Cypriniformes,Xenocyprididae,Hypophthalmichthys
1311420,GCA_048129055.1,Fish,Chordata,Actinopteri,Lutjaniformes,Lutjanidae,Caesio
13225,GCA_965276375.1,Fish,Chordata,Actinopteri,Gobiiformes,Gobiidae,Pomatoschistus
1334976,GCA_042310395.1,Fish,Chordata,Actinopteri,,Sciaenidae,Pennahia
13397,GCF_017639515.1,Fish,Chordata,Chondrichthyes,Lamniformes,Alopiidae,Carcharodon
1343680,GCF_036971445.1,Fish,Chordata,Chondrichthyes,Torpediniformes,Narcinidae,Narcine
1343680,GCA_036971445.1,Fish,Chordata,Chondrichthyes,Torpediniformes,Narcinidae,Narcine
13489,GCA_977040325.1,Fish,Chordata,Actinopteri,,Moronidae,Dicentrarchus
134920,GCF_949316345.1,Fish,Chordata,Actinopteri,Perciformes,Gasterosteidae,Pungitius
134920,GCA_949316345.1,Fish,Chordata,Actinopteri,Perciformes,Gasterosteidae,Pungitius
135647,GCA_037178815.1,Fish,Chordata,Actinopteri,Cypriniformes,Nemacheilidae,Barbatula
135761,GCA_054198415.1,Fish,Chordata,Actinopteri,Centrarchiformes,Percichthyidae,Maccullochella
135762,GCA_052818645.1,Fish,Chordata,Actinopteri,Centrarchiformes,Percichthyidae,Maccullochella
1365585,GCA_965366085.1,Fish,Chordata,Actinopteri,Gobiiformes,Gobiidae,Thorogobius
1367094,GCA_052924935.1,Fish,Chordata,Actinopteri,,Polynemidae,Eleutheronema
13676,GCF_027409825.1,Fish,Chordata,Actinopteri,Scombriformes,Scombridae,Scomber
13676,GCA_027409825.1,Fish,Chordata,Actinopteri,Scombriformes,Scombridae,Scomber
13677,GCF_963691925.1,Fish,Chordata,Actinopteri,Scombriformes,Scombridae,Scomber
13677,GCA_963691925.1,Fish,Chordata,Actinopteri,Scombriformes,Scombridae,Scomber
137080,GCF_049309525.1,Fish,Chordata,Actinopteri,Cypriniformes,Cyprinidae,Garra
137080,GCA_049309525.1,Fish,Chordata,Actinopteri,Cypriniformes,Cyprinidae,Garra
137246,GCF_047496795.1,Fish,Chordata,Chondrichthyes,Orectolobiformes,Hemiscylliidae,Chiloscyllium
137246,GCA_047496795.1,Fish,Chordata,Chondrichthyes,Orectolobiformes,Hemiscylliidae,Chiloscyllium
137520,GCF_021917145.1,Fish,Chordata,Actinopteri,Osmeriformes,Osmeridae,Hypomesus
137522,GCA_051107095.1,Fish,Chordata,Actinopteri,Osmeriformes,Salangidae,Salangichthys
13765,GCA_962446985.1,Fish,Chordata,Actinopteri,Labriformes,Labridae,Xyrichtys
1384577,GCA_054471145.1,Fish,Chordata,Actinopteri,Anabantiformes,Osphronemidae,Betta
138550,GCA_050495845.1,Fish,Chordata,Actinopteri,Characiformes,Serrasalmidae,Metynnis
138556,GCA_051861685.1,Fish,Chordata,Actinopteri,Characiformes,Serrasalmidae,Serrasalmus
1410459,GCA_051989935.1,Fish,Chordata,Actinopteri,Cichliformes,Cichlidae,Astatotilapia
141264,GCA_038496675.1,Fish,Chordata,Actinopteri,Carangiformes,Rachycentridae,Rachycentron
141458,GCA_037194245.1,Fish,Chordata,Actinopteri,Cypriniformes,Xenocyprididae,Opsariichthys
143326,GCA_047511595.1,Fish,Chordata,Actinopteri,Polymixiiformes,Polymixiidae,Polymixia
143326,GCA_047511565.1,Fish,Chordata,Actinopteri,Polymixiiformes,Polymixiidae,Polymixia
143345,GCA_054131325.1,Fish,Chordata,Actinopteri,Pleuronectiformes,Pleuronectidae,Kareius
143350,GCF_040436345.1,Fish,Chordata,Actinopteri,Spariformes,Sparidae,Pagrus
143403,GCA_039881065.1,Fish,Chordata,Actinopteri,Cypriniformes,Botiidae,Leptobotia
143606,GCA_023029165.1,Fish,Chordata,Actinopteri,Cypriniformes,Gobionidae,Gobiocypris
143615,GCA_047495795.1,Fish,Chordata,Actinopteri,Cypriniformes,Xenocyprididae,Ochetobius
143615,GCA_041950425.1,Fish,Chordata,Actinopteri,Cypriniformes,Xenocyprididae,Ochetobius
146480,GCA_949987685.1,Fish,Chordata,Actinopteri,Uranoscopiformes,Ammodytidae,Ammodytes
147949,GCA_021292245.1,Fish,Chordata,Actinopteri,Centrarchiformes,Centrarchidae,Micropterus
147949,GCF_021292245.1,Fish,Chordata,Actinopteri,Centrarchiformes,Centrarchidae,Micropterus
1484357,GCA_949357725.1,Fish,Chordata,Actinopteri,Uranoscopiformes,Ammodytidae,Hyperoplus
150449,GCA_048301475.1,Fish,Chordata,Actinopteri,Syngnathiformes,Aulostomidae,Aulostomus
150449,GCA_975147505.1,Fish,Chordata,Actinopteri,Syngnathiformes,Aulostomidae,Aulostomus
152218,GCA_035609425.1,Fish,Chordata,Actinopteri,Perciformes,Serranidae,Epinephelus
152538,GCA_965229965.1,Fish,Chordata,Actinopteri,Blenniiformes,Blenniidae,Coryphoblennius
152553,GCA_043647535.1,Fish,Chordata,Actinopteri,Blenniiformes,Blenniidae,Salaria
152555,GCA_049638825.1,Fish,Chordata,Actinopteri,Blenniiformes,Tripterygiidae,Tripterygion
1534307,GCA_022829145.1,Fish,Chordata,Actinopteri,Albuliformes,Albulidae,Albula
1536898,GCA_020466265.1,Fish,Chordata,Actinopteri,Kurtiformes,Apogonidae,Siphamia
154550,GCA_965246675.1,Fish,Chordata,Actinopteri,Pleuronectiformes,Scophthalmidae,Lepidorhombus
154816,GCA_051167395.1,Fish,Chordata,Actinopteri,Cypriniformes,Gyrinocheilidae,Gyrinocheilus
154827,GCA_025860055.1,Fish,Chordata,Actinopteri,Cypriniformes,Catostomidae,Xyrauchen
154827,GCF_025860055.1,Fish,Chordata,Actinopteri,Cypriniformes,Catostomidae,Xyrauchen
155063,GCA_041200155.1,Fish,Chordata,Actinopteri,Cypriniformes,Leuciscidae,Leuciscus
155067,GCA_022828995.1,Fish,Chordata,Actinopteri,Cypriniformes,Leuciscidae,Vimba
1572043,GCA_008369825.1,Fish,Chordata,Actinopteri,Cypriniformes,Nemacheilidae,Triplophysa
157585,GCA_977062895.1,Fish,Chordata,Actinopteri,Acanthuriformes,Acanthuridae,Acanthurus
1582913,GCA_015846415.1,Fish,Chordata,Actinopteri,Cypriniformes,Nemacheilidae,Triplophysa
1582913,GCF_015846415.1,Fish,Chordata,Actinopteri,Cypriniformes,Nemacheilidae,Triplophysa
158451,GCA_030770545.1,Fish,Chordata,Actinopteri,Anabantiformes,Osphronemidae,Macropodus
158456,GCA_013403625.1,Fish,Chordata,Actinopteri,Anabantiformes,Osphronemidae,Betta
158456,GCF_900634795.4,Fish,Chordata,Actinopteri,Anabantiformes,Osphronemidae,Betta
158779,GCF_036321145.2,Fish,Chordata,Actinopteri,Cichliformes,Cichlidae,Pelmatolapia
158779,GCA_036321145.2,Fish,Chordata,Actinopteri,Cichliformes,Cichlidae,Pelmatolapia
159077,GCF_033978795.1,Fish,Chordata,Actinopteri,Syngnathiformes,Syngnathidae,Nerophis
1606681,GCF_018831695.1,Fish,Chordata,Actinopteri,Cypriniformes,Cyprinidae,Puntigrus
160705,GCA_977019285.1,Fish,Chordata,Actinopteri,Perciformes,Serranidae,Cephalopholis
160708,GCA_043388385.1,Fish,Chordata,Actinopteri,Perciformes,Serranidae,Cephalopholis
160734,GCA_008729295.2,Fish,Chordata,Actinopteri,Perciformes,Serranidae,Plectropomus
160734,GCF_008729295.1,Fish,Chordata,Actinopteri,Perciformes,Serranidae,Plectropomus
1607840,GCA_050306515.1,Fish,Chordata,Actinopteri,Beloniformes,Hemiramphidae,Hyporhamphus
1608454,GCA_045785235.1,Fish,Chordata,Actinopteri,Cypriniformes,Cyprinidae,Sinocyclocheilus
161448,GCF_030265065.1,Fish,Chordata,Actinopteri,Syngnathiformes,Syngnathidae,Corythoichthys
161450,GCF_030265055.1,Fish,Chordata,Actinopteri,Syngnathiformes,Syngnathidae,Doryrhamphus
161453,GCF_027744805.1,Fish,Chordata,Actinopteri,Syngnathiformes,Syngnathidae,Dunckerocampus
161455,GCF_033978785.1,Fish,Chordata,Actinopteri,Syngnathiformes,Syngnathidae,Entelurus
161469,GCA_019802525.1,Fish,Chordata,Actinopteri,Syngnathiformes,Syngnathidae,Phyllopteryx
161469,GCF_024500385.1,Fish,Chordata,Actinopteri,Syngnathiformes,Syngnathidae,Phyllopteryx
161581,GCF_051989625.1,Fish,Chordata,Actinopteri,Syngnathiformes,Syngnathidae,Stigmatopora
161582,GCF_051989575.1,Fish,Chordata,Actinopteri,Syngnathiformes,Syngnathidae,Stigmatopora
161584,GCF_901709675.1,Fish,Chordata,Actinopteri,Syngnathiformes,Syngnathidae,Syngnathus
161584,GCA_901709675.2,Fish,Chordata,Actinopteri,Syngnathiformes,Syngnathidae,Syngnathus
161587,GCA_054491065.1,Fish,Chordata,Actinopteri,Syngnathiformes,Syngnathidae,Syngnathus
161589,GCA_965643225.1,Fish,Chordata,Actinopteri,Syngnathiformes,Syngnathidae,Syngnathus
161590,GCF_024217435.2,Fish,Chordata,Actinopteri,Syngnathiformes,Syngnathidae,Syngnathus
161592,GCF_033458585.1,Fish,Chordata,Actinopteri,Syngnathiformes,Syngnathidae,Syngnathus
161592,GCA_033458585.1,Fish,Chordata,Actinopteri,Syngnathiformes,Syngnathidae,Syngnathus
161767,GCA_003047355.2,Fish,Chordata,Actinopteri,,Pomacentridae,Amphiprion
163623,GCA_965183775.1,Fish,Chordata,Actinopteri,Cichliformes,Cichlidae,Diplotaxodon
163623,GCA_965183825.1,Fish,Chordata,Actinopteri,Cichliformes,Cichlidae,Diplotaxodon
1636871,GCA_049739055.1,Fish,Chordata,Actinopteri,Cypriniformes,Nemacheilidae,Triplophysa
164309,GCA_965274325.2,Fish,Chordata,Actinopteri,Blenniiformes,Gobiesocidae,Lepadogaster
1652672,GCA_029783895.1,Fish,Chordata,Actinopteri,Cypriniformes,Nemacheilidae,Triplophysa
166262,GCF_048128805.1,Fish,Chordata,Actinopteri,Beryciformes,Berycidae,Centroberyx
1676925,GCF_048594095.1,Fish,Chordata,Actinopteri,Osteoglossiformes,Mormyridae,Paramormyrops
1676925,GCA_048594095.1,Fish,Chordata,Actinopteri,Osteoglossiformes,Mormyridae,Paramormyrops
1677794,GCA_033220385.1,Fish,Chordata,Actinopteri,Cypriniformes,Nemacheilidae,Triplophysa
1680617,GCA_050436865.1,Fish,Chordata,Actinopteri,,Sphyraenidae,Sphyraena
170820,GCF_020745735.1,Fish,Chordata,Chondrichthyes,Orectolobiformes,Hemiscylliidae,Hemiscyllium
170820,GCA_020745735.1,Fish,Chordata,Chondrichthyes,Orectolobiformes,Hemiscylliidae,Hemiscyllium
171530,GCA_039654625.1,Fish,Chordata,Actinopteri,Cypriniformes,Gobionidae,Rhinogobio
171735,GCA_965358205.2,Fish,Chordata,Actinopteri,Labriformes,Labridae,Ctenolabrus
171736,GCA_947650265.1,Fish,Chordata,Actinopteri,Labriformes,Labridae,Symphodus
171871,GCA_965278395.1,Fish,Chordata,Actinopteri,Blenniiformes,Blenniidae,Parablennius
172269,GCA_946959425.1,Fish,Chordata,Actinopteri,,Sciaenidae,Argyrosomus
172535,GCA_040437545.1,Fish,Chordata,Actinopteri,Cichliformes,Cichlidae,Parachromis
172907,GCA_033026305.1,Fish,Chordata,Actinopteri,Cypriniformes,Cyprinidae,Cirrhinus
173247,GCA_031770045.1,Fish,Chordata,Actinopteri,Carangiformes,Echeneidae,Echeneis
173247,GCF_900963305.1,Fish,Chordata,Actinopteri,Carangiformes,Echeneidae,Echeneis
173339,GCA_022709315.2,Fish,Chordata,Actinopteri,Carangiformes,Carangidae,Trachinotus
1747188,GCA_007896545.1,Fish,Chordata,Actinopteri,Cyprinodontiformes,Rivulidae,Kryptolebias
175787,GCA_041146805.1,Fish,Chordata,Actinopteri,Siluriformes,Bagridae,Leiocassis
175792,GCA_030014155.1,Fish,Chordata,Actinopteri,Siluriformes,Bagridae,Tachysurus
175792,GCF_030014155.1,Fish,Chordata,Actinopteri,Siluriformes,Bagridae,Tachysurus
175797,GCA_014805685.1,Fish,Chordata,Actinopteri,Siluriformes,Siluridae,Silurus
175797,GCF_014805685.1,Fish,Chordata,Actinopteri,Siluriformes,Siluridae,Silurus
175798,GCA_023630585.1,Fish,Chordata,Actinopteri,Siluriformes,Cranoglanididae,Cranoglanis
1772091,GCA_028022725.1,Fish,Chordata,Actinopteri,Perciformes,Zoarcidae,Lycodopsis
1776112,GCA_054083375.1,Fish,Chordata,Actinopteri,Cypriniformes,Cyprinidae,Acrossocheilus
1783475,GCA_041430785.1,Fish,Chordata,Actinopteri,Cypriniformes,Nemacheilidae,Triplophysa
1783487,GCA_048296945.1,Fish,Chordata,Actinopteri,Cypriniformes,Nemacheilidae,Triplophysa
1792974,GCA_051294615.1,Fish,Chordata,Actinopteri,Cypriniformes,Nemacheilidae,Triplophysa
181435,GCA_051201485.1,Fish,Chordata,Actinopteri,Trachichthyiformes,Monocentridae,Monocentris
181472,GCA_902148845.1,Fish,Chordata,Actinopteri,Blenniiformes,Blenniidae,Salarias
181472,GCF_902148845.1,Fish,Chordata,Actinopteri,Blenniiformes,Blenniidae,Salarias
1818577,GCA_050613475.1,Fish,Chordata,Actinopteri,Cichliformes,Cichlidae,Tropheus
1820603,GCA_015343265.1,Fish,Chordata,Actinopteri,Tetraodontiformes,Tetraodontidae,Pao
182223,GCA_054491055.1,Fish,Chordata,Actinopteri,Osmeriformes,Osmeridae,Hypomesus
182642,GCA_054083395.1,Fish,Chordata,Actinopteri,Spariformes,Sparidae,Rhabdosargus
182642,GCA_047275855.1,Fish,Chordata,Actinopteri,Spariformes,Sparidae,Rhabdosargus
182658,GCA_045362495.1,Fish,Chordata,Actinopteri,Spariformes,Lethrinidae,Lethrinus
1828414,GCA_040256215.1,Fish,Chordata,Actinopteri,Siluriformes,Bagridae,Tachysurus
183150,GCA_037389245.1,Fish,Chordata,Actinopteri,Beloniformes,Adrianichthyidae,Oryzias
184440,GCF_030273125.1,Fish,Chordata,Actinopteri,Perciformes,Serranidae,Centropristis
184585,GCA_034702125.1,Fish,Chordata,Actinopteri,Clupeiformes,Engraulidae,Engraulis
184585,GCF_034702125.1,Fish,Chordata,Actinopteri,Clupeiformes,Engraulidae,Engraulis
185735,GCA_964260595.1,Fish,Chordata,Actinopteri,Gadiformes,Gadidae,Arctogadus
185739,GCA_949987615.1,Fish,Chordata,Actinopteri,Gadiformes,Gadidae,Pollachius
185886,GCA_977110895.1,Fish,Chordata,Actinopteri,Perciformes,Scorpaenidae,Pterois
1886673,GCA_052426585.1,Fish,Chordata,Actinopteri,Cypriniformes,Nemacheilidae,Oreonectes
1887086,GCA_048487635.1,Fish,Chordata,Actinopteri,Gadiformes,Macrouridae,Coryphaenoides
188791,GCA_051622835.1,Fish,Chordata,Actinopteri,Anabantiformes,Channidae,Channa
188929,GCA_040939885.1,Fish,Chordata,Actinopteri,Anabantiformes,Channidae,Channa
191725,GCA_977007755.1,Fish,Chordata,Actinopteri,Labriformes,Labridae,Symphodus
194366,GCA_040182925.1,Fish,Chordata,Actinopteri,Cypriniformes,Xenocyprididae,Culter
195073,GCA_977009285.1,Fish,Chordata,Actinopteri,Blenniiformes,Blenniidae,Aidablennius
195075,GCA_963422515.1,Fish,Chordata,Actinopteri,Blenniiformes,Blenniidae,Blennius
195615,GCA_022539355.2,Fish,Chordata,Actinopteri,Pleuronectiformes,Pleuronectidae,Hippoglossus
195615,GCF_022539355.2,Fish,Chordata,Actinopteri,Pleuronectiformes,Pleuronectidae,Hippoglossus
195632,GCA_047651785.1,Fish,Chordata,Actinopteri,Pleuronectiformes,Pleuronectidae,Platichthys
195821,GCA_014839685.1,Fish,Chordata,Actinopteri,Cyprinodontiformes,Anablepidae,Anableps
195855,GCA_963556495.2,Fish,Chordata,Actinopteri,Cyprinodontiformes,Valenciidae,Valencia
196075,GCA_963457725.1,Fish,Chordata,Actinopteri,Clupeiformes,Clupeidae,Sprattus
1983395,GCF_030028105.1,Fish,Chordata,Chondrichthyes,Myliobatiformes,Myliobatidae,Mobula
1986054,GCA_977017485.1,Fish,Chordata,Actinopteri,Blenniiformes,Gobiesocidae,Gobiesox
201378,GCA_051833735.1,Fish,Chordata,Actinopteri,Salmoniformes,Salmonidae,Thymallus
202600,GCA_965165685.1,Fish,Chordata,Actinopteri,Labriformes,Labridae,Symphodus
2036785,GCA_049863035.1,Fish,Chordata,Actinopteri,Cypriniformes,Cyprinidae,Schizothorax
205130,GCF_900324485.2,Fish,Chordata,Actinopteri,Synbranchiformes,Mastacembelidae,Mastacembelus
2059687,GCA_029220125.1,Fish,Chordata,Actinopteri,Perciformes,Liparidae,Pseudoliparis
2059687,GCF_029220125.1,Fish,Chordata,Actinopteri,Perciformes,Liparidae,Pseudoliparis
206100,GCA_965364685.1,Fish,Chordata,Actinopteri,Caproiformes,Caproidae,Capros
206117,GCA_965542115.1,Fish,Chordata,Actinopteri,Blenniiformes,Gobiesocidae,Apletodon
206126,GCA_048127205.1,Fish,Chordata,Actinopteri,Perciformes,Gasterosteidae,Spinachia
206126,GCA_048126635.1,Fish,Chordata,Actinopteri,Perciformes,Gasterosteidae,Spinachia
206143,GCA_036937835.1,Fish,Chordata,Actinopteri,Scombriformes,Stromateidae,Pampus
208333,GCF_021462225.1,Fish,Chordata,Actinopteri,Cyprinodontiformes,Goodeidae,Girardinichthys
208333,GCA_021462225.2,Fish,Chordata,Actinopteri,Cyprinodontiformes,Goodeidae,Girardinichthys
208529,GCA_965260895.1,Fish,Chordata,Actinopteri,Pleuronectiformes,Bothidae,Arnoglossus
209207,GCA_054471155.1,Fish,Chordata,Actinopteri,Anabantiformes,Osphronemidae,Betta
209210,GCA_054471135.1,Fish,Chordata,Actinopteri,Anabantiformes,Osphronemidae,Betta
210029,GCA_976916555.1,Fish,Chordata,Actinopteri,Blenniiformes,Gobiesocidae,Diplecogaster
210029,GCA_976919225.1,Fish,Chordata,Actinopteri,Blenniiformes,Gobiesocidae,Diplecogaster
210139,GCA_046255195.2,Fish,Chordata,Actinopteri,,Polynemidae,Eleutheronema
210632,GCF_900634625.1,Fish,Chordata,Actinopteri,,Ambassidae,Parambassis
210632,GCA_900634625.2,Fish,Chordata,Actinopteri,,Ambassidae,Parambassis
210850,GCA_025617405.1,Fish,Chordata,Actinopteri,Perciformes,Percidae,Perca
210855,GCA_023566125.1,Fish,Chordata,Actinopteri,Perciformes,Percidae,Zingel
211835,GCA_020091685.1,Fish,Chordata,Actinopteri,Lutjaniformes,Lutjanidae,Lutjanus
212740,GCF_035084215.1,Fish,Chordata,Chondrichthyes,Hexanchiformes,Hexanchidae,Heptranchias
212740,GCA_035084215.1,Fish,Chordata,Chondrichthyes,Hexanchiformes,Hexanchidae,Heptranchias
214431,GCA_023238725.1,Fish,Chordata,Actinopteri,Centrarchiformes,Terapontidae,Scortum
214486,GCA_014673565.1,Fish,Chordata,Actinopteri,Perciformes,Sebastidae,Sebastes
214812,GCA_011952075.1,Fish,Chordata,Actinopteri,Centrarchiformes,Sinipercidae,Siniperca
215343,GCA_046529025.1,Fish,Chordata,Actinopteri,Syngnathiformes,Fistulariidae,Fistularia
215358,GCA_003711585.2,Fish,Chordata,Actinopteri,,Sciaenidae,Larimichthys
215358,GCF_000972845.2,Fish,Chordata,Actinopteri,,Sciaenidae,Larimichthys
215367,GCA_043640875.1,Fish,Chordata,Actinopteri,Centrarchiformes,Enoplosidae,Enoplosus
215367,GCF_043641665.1,Fish,Chordata,Actinopteri,Centrarchiformes,Enoplosidae,Enoplosus
215402,GCA_004786185.1,Fish,Chordata,Actinopteri,Anabantiformes,Channidae,Channa
215402,GCF_033026475.1,Fish,Chordata,Actinopteri,Anabantiformes,Channidae,Channa
215420,GCA_049309625.1,Fish,Chordata,Actinopteri,Perciformes,Zoarcidae,Lycodes
217509,GCF_963082965.1,Fish,Chordata,Actinopteri,Cypriniformes,Cyprinidae,Carassius
217509,GCA_047456465.1,Fish,Chordata,Actinopteri,Cypriniformes,Cyprinidae,Carassius
219545,GCA_012411365.1,Fish,Chordata,Actinopteri,Siluriformes,Ictaluridae,Ameiurus
219677,GCA_049462935.1,Fish,Chordata,Actinopteri,Cypriniformes,Leuciscidae,Rhynchocypris
219752,GCF_027942865.1,Fish,Chordata,Actinopteri,Atheriniformes,Atherinopsidae,Odontesthes
2202366,GCA_040182825.1,Fish,Chordata,Actinopteri,Cypriniformes,Xenocyprididae,Sinibrama
2202370,GCA_048932625.1,Fish,Chordata,Actinopteri,Siluriformes,Sisoridae,Chimarrichthys
221414,GCA_039654775.1,Fish,Chordata,Actinopteri,Cypriniformes,Cyprinidae,Spinibarbus
221673,GCA_052783135.1,Fish,Chordata,Actinopteri,Siluriformes,Sisoridae,Pareuchiloglanis
223862,GCA_963514005.1,Fish,Chordata,Chondrichthyes,Rajiformes,Rajidae,Raja
223888,GCA_965643135.1,Fish,Chordata,Chondrichthyes,Rajiformes,Rajidae,Leucoraja
225759,GCA_051362085.1,Fish,Chordata,Actinopteri,,Siganidae,Siganus
228250,GCA_011952105.1,Fish,Chordata,Actinopteri,Centrarchiformes,Sinipercidae,Coreoperca
228252,GCA_027580175.1,Fish,Chordata,Actinopteri,Centrarchiformes,Sinipercidae,Siniperca
229058,GCA_051312715.1,Fish,Chordata,Actinopteri,Tetraodontiformes,Ostraciidae,Ostracion
2290929,GCF_030014385.1,Fish,Chordata,Actinopteri,Siluriformes,Trichomycteridae,Trichomycterus
229290,GCF_027596085.1,Fish,Chordata,Actinopteri,Perciformes,Anoplopomatidae,Anoplopoma
230148,GCA_050084785.1,Fish,Chordata,Actinopteri,Perciformes,Liparidae,Liparis
232998,GCA_041765585.1,Fish,Chordata,Actinopteri,Cypriniformes,Leuciscidae,Ptychocheilus
235211,GCA_050140585.1,Fish,Chordata,Actinopteri,Scombriformes,Trichiuridae,Trichiurus
236585,GCA_977076405.1,Fish,Chordata,Actinopteri,Lutjaniformes,Haemulidae,Haemulon
236586,GCA_977014745.1,Fish,Chordata,Actinopteri,Lutjaniformes,Haemulidae,Haemulon
238031,GCA_037101425.1,Fish,Chordata,Actinopteri,Cypriniformes,Xenocyprididae,Elopichthys
238232,GCA_041004005.1,Fish,Chordata,Actinopteri,Cichliformes,Cichlidae,Etroplus
238709,GCA_977020125.1,Fish,Chordata,Actinopteri,Atheriniformes,Atherinidae,Atherina
238744,GCA_048544195.1,Fish,Chordata,Actinopteri,Atheriniformes,Atherinopsidae,Menidia
238744,GCA_048628825.1,Fish,Chordata,Actinopteri,Atheriniformes,Atherinopsidae,Menidia
240154,GCA_021346845.1,Fish,Chordata,Actinopteri,Perciformes,Gasterosteidae,Apeltes
240154,GCA_048569185.1,Fish,Chordata,Actinopteri,Perciformes,Gasterosteidae,Apeltes
240159,GCA_004119915.2,Fish,Chordata,Actinopteri,,Sciaenidae,Collichthys
240162,GCA_036365135.1,Fish,Chordata,Actinopteri,,Sciaenidae,Miichthys
240163,GCA_014281875.1,Fish,Chordata,Actinopteri,,Sciaenidae,Nibea
240822,GCA_030340685.1,Fish,Chordata,Actinopteri,Osmeriformes,Salangidae,Protosalanx
240824,GCA_045786985.1,Fish,Chordata,Actinopteri,Osmeriformes,Salangidae,Hemisalanx
240825,GCA_030340665.1,Fish,Chordata,Actinopteri,Osmeriformes,Salangidae,Neosalanx
240826,GCA_051107145.1,Fish,Chordata,Actinopteri,Osmeriformes,Salangidae,Neosalanx
240832,GCA_023658055.1,Fish,Chordata,Actinopteri,Osmeriformes,Osmeridae,Thaleichthys
240838,GCA_051943395.1,Fish,Chordata,Actinopteri,Syngnathiformes,Syngnathidae,Hippocampus
241181,GCA_041411175.1,Fish,Chordata,Actinopteri,Perciformes,Serranidae,Epinephelus
241271,GCA_018320785.1,Fish,Chordata,Actinopteri,Labriformes,Labridae,Cheilinus
241271,GCF_018320785.1,Fish,Chordata,Actinopteri,Labriformes,Labridae,Cheilinus
241275,GCA_047301625.1,Fish,Chordata,Actinopteri,Labriformes,Labridae,Choerodon
241309,GCA_030710495.1,Fish,Chordata,Actinopteri,Labriformes,Labridae,Labroides
241319,GCA_054073175.1,Fish,Chordata,Actinopteri,Labriformes,Labridae,Macropharyngodon
241442,GCA_019155185.1,Fish,Chordata,Actinopteri,Cypriniformes,Gastromyzontidae,Beaufortia
241444,GCA_051168995.1,Fish,Chordata,Actinopteri,Cypriniformes,Balitoridae,Lepturichthys
241820,GCF_040054535.1,Fish,Chordata,Actinopteri,Lophiiformes,Antennariidae,Antennarius
242068,GCA_903798195.1,Fish,Chordata,Actinopteri,Cypriniformes,Danionidae,Danio
243562,GCA_024760905.1,Fish,Chordata,Actinopteri,Siluriformes,Plotosidae,Plotosus
244447,GCA_000523025.1,Fish,Chordata,Actinopteri,Pleuronectiformes,Cynoglossidae,Cynoglossus
244447,GCF_000523025.1,Fish,Chordata,Actinopteri,Pleuronectiformes,Cynoglossidae,Cynoglossus
245875,GCA_051314325.1,Fish,Chordata,Actinopteri,Pleuronectiformes,Pleuronectidae,Pseudopleuronectes
247627,GCA_051912175.1,Fish,Chordata,Actinopteri,Labriformes,Labridae,Scarus
2528762,GCA_047716675.1,Fish,Chordata,Actinopteri,Perciformes,Serranidae,Epinephelus
2546036,GCF_029633865.1,Fish,Chordata,Actinopteri,Lampriformes,Lampridae,Lampris
256424,GCA_051943175.1,Fish,Chordata,Actinopteri,Esociformes,Esocidae,Esox
2566713,GCA_977007065.1,Fish,Chordata,Actinopteri,Blenniiformes,Labrisomidae,Gobioclinus
2576622,GCA_965644535.1,Fish,Chordata,Actinopteri,Perciformes,Triglidae,Chelidonichthys
2590489,GCA_048301585.1,Fish,Chordata,Actinopteri,Cypriniformes,Gobionidae,Rhinogobio
259920,GCF_021869965.1,Fish,Chordata,Chondrichthyes,Orectolobiformes,Rhincodontidae,Rhincodon
259920,GCA_021869965.1,Fish,Chordata,Chondrichthyes,Orectolobiformes,Rhincodontidae,Rhincodon
260508,GCA_052324805.1,Fish,Chordata,Actinopteri,Osmeriformes,Osmeridae,Spirinchus
260525,GCA_051362095.1,Fish,Chordata,Actinopteri,Lutjaniformes,Lutjanidae,Lutjanus
260767,GCA_023566225.1,Fish,Chordata,Actinopteri,Cypriniformes,Gobionidae,Romanogobio
263521,GCA_040939985.1,Fish,Chordata,Actinopteri,Cypriniformes,Cyprinidae,Schizopygopsis
263523,GCA_027422435.1,Fish,Chordata,Actinopteri,Cypriniformes,Cyprinidae,Schizopygopsis
263525,GCA_027422405.1,Fish,Chordata,Actinopteri,Cypriniformes,Cyprinidae,Ptychobarbus
263537,GCA_041504395.2,Fish,Chordata,Actinopteri,Cypriniformes,Cyprinidae,Diptychus
263547,GCA_041051915.1,Fish,Chordata,Actinopteri,Cypriniformes,Cyprinidae,Schizothorax
263870,GCA_046865715.1,Fish,Chordata,Actinopteri,Cypriniformes,Leuciscidae,Pseudaspius
264210,GCA_045363895.1,Fish,Chordata,Actinopteri,Lutjaniformes,Lutjanidae,Pristipomoides
2691554,GCA_002910315.2,Fish,Chordata,Actinopteri,Salmoniformes,Salmonidae,Salvelinus
2691554,GCF_002910315.2,Fish,Chordata,Actinopteri,Salmoniformes,Salmonidae,Salvelinus
2704970,GCA_048418815.1,Fish,Chordata,Chondrichthyes,Myliobatiformes,Dasyatidae,Hemitrygon
2704970,GCF_048418815.1,Fish,Chordata,Chondrichthyes,Myliobatiformes,Dasyatidae,Hemitrygon
270530,GCA_027744825.1,Fish,Chordata,Actinopteri,Syngnathiformes,Callionymidae,Synchiropus
270530,GCF_027744825.2,Fish,Chordata,Actinopteri,Syngnathiformes,Callionymidae,Synchiropus
270537,GCA_016801885.1,Fish,Chordata,Actinopteri,,Toxotidae,Toxotes
2740763,GCA_965278445.2,Fish,Chordata,Actinopteri,Blenniiformes,Gobiesocidae,Lepadogaster
274700,GCA_977109165.1,Fish,Chordata,Actinopteri,Perciformes,Scorpaenidae,Scorpaena
27687,GCF_900747795.2,Fish,Chordata,Cladistia,Polypteriformes,Polypteridae,Erpetoichthys
27697,GCF_963854185.1,Fish,Chordata,Actinopteri,Clupeiformes,Clupeidae,Sardina
27697,GCA_963854185.1,Fish,Chordata,Actinopteri,Clupeiformes,Clupeidae,Sardina
27704,GCA_021464655.1,Fish,Chordata,Actinopteri,Cypriniformes,Gobionidae,Gobio
27704,GCA_949357685.1,Fish,Chordata,Actinopteri,Cypriniformes,Gobionidae,Gobio
27706,GCA_019677235.1,Fish,Chordata,Actinopteri,Centrarchiformes,Centrarchidae,Micropterus
27720,GCA_029633855.2,Fish,Chordata,Actinopteri,Characiformes,Erythrinidae,Hoplias
27720,GCF_029633855.1,Fish,Chordata,Actinopteri,Characiformes,Erythrinidae,Hoplias
27722,GCA_976225255.1,Fish,Chordata,Actinopteri,Gadiformes,Gadidae,Trisopterus
27771,GCF_963576545.1,Fish,Chordata,Actinopteri,Pleuronectiformes,Pleuronectidae,Limanda
27771,GCA_963576545.1,Fish,Chordata,Actinopteri,Pleuronectiformes,Pleuronectidae,Limanda
278164,GCA_017589495.2,Fish,Chordata,Actinopteri,Clupeiformes,Clupeidae,Alosa
278164,GCF_017589495.1,Fish,Chordata,Actinopteri,Clupeiformes,Clupeidae,Alosa
2821464,GCA_965642325.1,Fish,Chordata,Actinopteri,Pleuronectiformes,Scophthalmidae,Zeugopterus
2823901,GCA_048544875.1,Fish,Chordata,Actinopteri,Perciformes,Zoarcidae,Pachycara
2827218,GCA_047305485.1,Fish,Chordata,Actinopteri,Perciformes,Platycephalidae,Platycephalus
283035,GCA_008315115.2,Fish,Chordata,Actinopteri,Perciformes,Percidae,Sander
283035,GCF_008315115.2,Fish,Chordata,Actinopteri,Perciformes,Percidae,Sander
283036,GCA_031162955.1,Fish,Chordata,Actinopteri,Perciformes,Percidae,Sander
283036,GCF_031162955.1,Fish,Chordata,Actinopteri,Perciformes,Percidae,Sander
284583,GCA_024416835.2,Fish,Chordata,Actinopteri,Gobiiformes,Odontobutidae,Perccottus
2862834,GCA_042823925.3,Fish,Chordata,Actinopteri,Syngnathiformes,Mullidae,Parupeneus
286537,GCA_048544225.1,Fish,Chordata,Actinopteri,Clupeiformes,Engraulidae,Coilia
286572,GCA_965226115.1,Fish,Chordata,Actinopteri,Cichliformes,Cichlidae,Aulonocara
286600,GCA_964274065.2,Fish,Chordata,Actinopteri,Cichliformes,Cichlidae,Tropheops
2871759,GCF_021018895.1,Fish,Chordata,Actinopteri,Carangiformes,Carangidae,Seriola
2876849,GCA_024542945.1,Fish,Chordata,Actinopteri,Cypriniformes,,
28792,GCA_038021265.1,Fish,Chordata,Actinopteri,Cypriniformes,Leuciscidae,Cyprinella
28792,GCA_038024135.1,Fish,Chordata,Actinopteri,Cypriniformes,Leuciscidae,Cyprinella
28829,GCA_019176455.1,Fish,Chordata,Actinopteri,Pleuronectiformes,Soleidae,Solea
28829,GCF_019176455.1,Fish,Chordata,Actinopteri,Pleuronectiformes,Soleidae,Solea
290105,GCA_050084645.1,Fish,Chordata,Actinopteri,Labriformes,Labridae,Cheilinus
29144,GCA_902362185.1,Fish,Chordata,Actinopteri,Gonorynchiformes,Chanidae,Chanos
29144,GCF_902362185.1,Fish,Chordata,Actinopteri,Gonorynchiformes,Chanidae,Chanos
29151,GCF_963692335.1,Fish,Chordata,Actinopteri,Osmeriformes,Osmeridae,Osmerus
29151,GCA_963692335.1,Fish,Chordata,Actinopteri,Osmeriformes,Osmeridae,Osmerus
291814,GCA_052109935.1,Fish,Chordata,Actinopteri,Cypriniformes,Gobionidae,Hemibarbus
291826,GCA_048182625.1,Fish,Chordata,Actinopteri,Cypriniformes,Xenocyprididae,Xenocypris
2919650,GCA_022702415.1,Fish,Chordata,Actinopteri,Anguilliformes,Synaphobranchidae,Ilyophis
2920201,GCA_022702515.1,Fish,Chordata,Actinopteri,Anguilliformes,Synaphobranchidae,Ilyophis
2920202,GCA_022702525.1,Fish,Chordata,Actinopteri,Anguilliformes,Synaphobranchidae,Ilyophis
2930458,GCA_048129065.1,Fish,Chordata,Actinopteri,Perciformes,Serranidae,Epinephelus
293146,GCA_051624305.1,Fish,Chordata,Actinopteri,Gobiiformes,Gobiidae,Rhinogobius
293821,GCA_011397635.1,Fish,Chordata,Actinopteri,Perciformes,Serranidae,Epinephelus
293821,GCF_011397635.1,Fish,Chordata,Actinopteri,Perciformes,Serranidae,Epinephelus
293917,GCA_050306495.1,Fish,Chordata,Actinopteri,Beloniformes,Hemiramphidae,Hyporhamphus
2972642,GCF_036373705.1,Fish,Chordata,Actinopteri,Amiiformes,Amiidae,Amia
2972642,GCA_036373705.1,Fish,Chordata,Actinopteri,Amiiformes,Amiidae,Amia
297507,GCA_052674685.1,Fish,Chordata,Actinopteri,Cypriniformes,Nemacheilidae,Homatula
299321,GCF_900700375.1,Fish,Chordata,Actinopteri,Clupeiformes,Denticipitidae,Denticeps
299321,GCA_900700375.2,Fish,Chordata,Actinopteri,Clupeiformes,Denticipitidae,Denticeps
2999897,GCA_977071325.1,Fish,Chordata,Actinopteri,Lophiiformes,Chaunacidae,Chaunax
300306,GCA_902685375.1,Fish,Chordata,Actinopteri,Atheriniformes,Phallostethidae,Neostethus
300413,GCA_006386435.1,Fish,Chordata,Actinopteri,Perciformes,Serranidae,Epinephelus
300413,GCF_006386435.1,Fish,Chordata,Actinopteri,Perciformes,Serranidae,Epinephelus
300417,GCA_019802595.1,Fish,Chordata,Actinopteri,Syngnathiformes,Syngnathidae,Syngnathoides
300417,GCF_019802595.1,Fish,Chordata,Actinopteri,Syngnathiformes,Syngnathidae,Syngnathoides
303715,GCA_977018155.1,Fish,Chordata,Actinopteri,Tetraodontiformes,Monacanthidae,Monacanthus
303921,GCA_965295175.1,Fish,Chordata,Actinopteri,Atheriniformes,Atherinidae,Atherina
3040436,GCA_052576435.1,Fish,Chordata,Actinopteri,Kurtiformes,Apogonidae,Siphamia
3041818,GCA_029959045.1,Fish,Chordata,Actinopteri,Gobiiformes,Gobiidae,Taenioides
304459,GCA_013133815.1,Fish,Chordata,Actinopteri,Perciformes,Serranidae,Cromileptes
3053191,GCF_030684315.1,Fish,Chordata,Chondrichthyes,Orectolobiformes,Stegostomatidae,Stegostoma
306639,GCA_044705685.1,Fish,Chordata,Actinopteri,Osmeriformes,Salangidae,Salanx
30732,GCA_002922805.2,Fish,Chordata,Actinopteri,Beloniformes,Adrianichthyidae,Oryzias
30732,GCF_002922805.2,Fish,Chordata,Actinopteri,Beloniformes,Adrianichthyidae,Oryzias
307951,GCA_045785285.1,Fish,Chordata,Actinopteri,Cypriniformes,Cyprinidae,Sinocyclocheilus
307959,GCA_051527275.1,Fish,Chordata,Actinopteri,Cypriniformes,Cyprinidae,Sinocyclocheilus
307964,GCA_049830015.1,Fish,Chordata,Actinopteri,Cypriniformes,Cyprinidae,Sinocyclocheilus
308565,GCA_026686955.1,Fish,Chordata,Actinopteri,Perciformes,Serranidae,Epinephelus
3092293,GCA_040893165.1,Fish,Chordata,Actinopteri,Characiformes,Parodontidae,Apareiodon
30993,GCA_022758105.1,Fish,Chordata,Actinopteri,Siluriformes,Pangasiidae,Pangasianodon
31033,GCF_901000725.2,Fish,Chordata,Actinopteri,Tetraodontiformes,Tetraodontidae,Takifugu
310571,GCA_005281545.1,Fish,Chordata,Actinopteri,Perciformes,Serranidae,Epinephelus
310571,GCF_041903045.1,Fish,Chordata,Actinopteri,Perciformes,Serranidae,Epinephelus
310915,GCA_009078355.1,Fish,Chordata,Actinopteri,Siluriformes,Pangasiidae,Pangasianodon
3119788,GCA_037577475.1,Fish,Chordata,Actinopteri,Lophiiformes,Chaunacidae,Chaunax
3127111,GCF_042242105.1,Fish,Chordata,Actinopteri,Acropomatiformes,Pempheridae,Pempheris
3128099,GCA_052818925.1,Fish,Chordata,Actinopteri,Cypriniformes,Nemacheilidae,Triplophysa
3128908,GCA_046865685.1,Fish,Chordata,Actinopteri,Cypriniformes,Xenocyprididae,Distoechodon
315492,GCA_031216445.1,Fish,Chordata,Actinopteri,Acropomatiformes,Lateolabracidae,Lateolabrax
316389,GCA_965645315.1,Fish,Chordata,Actinopteri,Labriformes,Labridae,Halichoeres
319323,GCA_049639485.1,Fish,Chordata,Actinopteri,Cypriniformes,Cyprinidae,Barbodes
322563,GCA_021464625.1,Fish,Chordata,Actinopteri,Gobiiformes,Gobiidae,Proterorhinus
323802,GCA_041684075.1,Fish,Chordata,Actinopteri,Perciformes,Serranidae,Epinephelus
3239379,GCA_048564805.1,Fish,Chordata,Actinopteri,Ophidiiformes,Ophidiidae,Bassozetus
3239380,GCA_048564765.1,Fish,Chordata,Actinopteri,Perciformes,Liparidae,Pseudoliparis
3239838,GCA_048537225.1,Fish,Chordata,Actinopteri,Polymixiiformes,Polymixiidae,Polymixia
32469,GCA_036418095.1,Fish,Chordata,Actinopteri,Cyprinodontiformes,Poeciliidae,Xiphophorus
32472,GCA_041380905.1,Fish,Chordata,Actinopteri,Cyprinodontiformes,Poeciliidae,Xiphophorus
32473,GCA_001444195.3,Fish,Chordata,Actinopteri,Cyprinodontiformes,Poeciliidae,Xiphophorus
32473,GCF_001444195.1,Fish,Chordata,Actinopteri,Cyprinodontiformes,Poeciliidae,Xiphophorus
32476,GCA_041429825.1,Fish,Chordata,Actinopteri,Cyprinodontiformes,Poeciliidae,Xiphophorus
32509,GCA_051167445.1,Fish,Chordata,Actinopteri,Cichliformes,Cichlidae,Perissodus
327003,GCA_021613375.1,Fish,Chordata,Actinopteri,Characiformes,Anostomidae,Megaleporinus
327770,GCA_054131485.1,Fish,Chordata,Actinopteri,Perciformes,Serranidae,Epinephelus
327821,GCA_964269795.2,Fish,Chordata,Actinopteri,Perciformes,Anthiadidae,Anthias
328277,GCA_964260575.1,Fish,Chordata,Actinopteri,Gadiformes,Gadidae,Gadus
328524,GCA_051403015.1,Fish,Chordata,Actinopteri,Cypriniformes,Gobionidae,Hemibarbus
328526,GCA_046055825.1,Fish,Chordata,Actinopteri,Cypriniformes,Gobionidae,Pseudorasbora
328532,GCA_039654105.1,Fish,Chordata,Actinopteri,Cypriniformes,Gobionidae,Coreius
3342787,GCA_049308825.1,Fish,Chordata,Actinopteri,Salmoniformes,Salmonidae,Oncorhynchus
334402,GCA_029224185.1,Fish,Chordata,Actinopteri,Chaetodontiformes,Leiognathidae,Karalla
334712,GCA_027564155.1,Fish,Chordata,Actinopteri,Cypriniformes,Cyprinidae,Gymnocypris
334908,GCA_040670005.1,Fish,Chordata,Actinopteri,,Sciaenidae,Larimichthys
3349391,GCA_048544885.1,Fish,Chordata,Actinopteri,Perciformes,Liparidae,Pseudoliparis
3349394,GCA_048564785.1,Fish,Chordata,Actinopteri,Aulopiformes,Ipnopidae,Bathypterois
335060,GCA_028641955.1,Fish,Chordata,Actinopteri,,Sciaenidae,Protonibea
3352246,GCA_042242115.1,Fish,Chordata,Actinopteri,Scombriformes,Arripidae,Arripis
3352530,GCA_053477655.1,Fish,Chordata,Actinopteri,Siluriformes,Sisoridae,Bagarius
33528,GCA_019740435.1,Fish,Chordata,Actinopteri,Cyprinodontiformes,Poeciliidae,Gambusia
33528,GCF_019740435.1,Fish,Chordata,Actinopteri,Cyprinodontiformes,Poeciliidae,Gambusia
33541,GCA_046453815.1,Fish,Chordata,Actinopteri,Siluriformes,Clariidae,Clarias
3355173,GCA_054367945.1,Fish,Chordata,Chondrichthyes,Myliobatiformes,Dasyatidae,Fontitrygon
3361492,GCA_053844895.1,Fish,Chordata,Actinopteri,Siluriformes,Bagridae,Tachysurus
337641,GCA_019097595.1,Fish,Chordata,Actinopteri,Siluriformes,Bagridae,Hemibagrus
337641,GCF_019097595.1,Fish,Chordata,Actinopteri,Siluriformes,Bagridae,Hemibagrus
337723,GCA_037577455.1,Fish,Chordata,Actinopteri,Siluriformes,Pangasiidae,Pangasius
3394893,GCA_051308675.1,Fish,Chordata,Actinopteri,Cypriniformes,Cyprinidae,Carassius
340692,GCA_031479575.1,Fish,Chordata,Actinopteri,Salmoniformes,Salmonidae,Coregonus
341095,GCA_045838175.1,Fish,Chordata,Actinopteri,Cypriniformes,Nemacheilidae,Oreonectes
3421562,GCA_051167465.1,Fish,Chordata,Actinopteri,Cypriniformes,Cyprinidae,Cyprinus
342441,GCA_977009785.1,Fish,Chordata,Actinopteri,Priacanthiformes,Priacanthidae,Heteropriacanthus
343527,GCA_027422415.1,Fish,Chordata,Actinopteri,Cypriniformes,Cyprinidae,Schizothorax
34773,GCA_018492685.1,Fish,Chordata,Actinopteri,Clupeiformes,Clupeidae,Alosa
34773,GCF_018492685.1,Fish,Chordata,Actinopteri,Clupeiformes,Clupeidae,Alosa
34787,GCA_020745685.1,Fish,Chordata,Actinopteri,Labriformes,Labridae,Tautogolabrus
34817,GCA_051362235.1,Fish,Chordata,Actinopteri,Pleuronectiformes,Pleuronectidae,Hippoglossoides
350768,GCA_051107215.1,Fish,Chordata,Actinopteri,Osmeriformes,Salangidae,Salanx
350770,GCA_051107165.1,Fish,Chordata,Actinopteri,Osmeriformes,Salangidae,Neosalanx
35657,GCA_048544425.1,Fish,Chordata,Actinopteri,Siluriformes,Clariidae,Clarias
356809,GCA_036784905.1,Fish,Chordata,Actinopteri,Cypriniformes,Cyprinidae,Acrossocheilus
357531,GCA_041146585.1,Fish,Chordata,Actinopteri,Cypriniformes,Cyprinidae,Hypsibarbus
357811,GCA_964211915.2,Fish,Chordata,Actinopteri,Kurtiformes,Apogonidae,Apogon
358390,GCA_049996615.1,Fish,Chordata,Actinopteri,Centrarchiformes,Sinipercidae,Siniperca
358392,GCA_047228765.1,Fish,Chordata,Actinopteri,Centrarchiformes,Sinipercidae,Siniperca
361645,GCA_027474115.1,Fish,Chordata,Actinopteri,Cypriniformes,Cyprinidae,Schizopygopsis
36176,GCF_004010195.1,Fish,Chordata,Chondrichthyes,Orectolobiformes,Hemiscylliidae,Chiloscyllium
36181,GCA_039881085.1,Fish,Chordata,Actinopteri,Salmoniformes,Salmonidae,Coregonus
36185,GCA_023634145.1,Fish,Chordata,Actinopteri,Salmoniformes,Salmonidae,Thymallus
36185,GCA_004348285.1,Fish,Chordata,Actinopteri,Salmoniformes,Salmonidae,Thymallus
36212,GCA_905171665.2,Fish,Chordata,Actinopteri,Carangiformes,Carangidae,Trachurus
363190,GCA_042479465.1,Fish,Chordata,Actinopteri,Clupeiformes,Engraulidae,Coilia
365054,GCA_043882065.1,Fish,Chordata,Actinopteri,Clupeiformes,Pristigasteridae,Ilisha
365059,GCA_027475355.1,Fish,Chordata,Actinopteri,Clupeiformes,Engraulidae,Coilia
365578,GCA_037577625.1,Fish,Chordata,Actinopteri,Siluriformes,Pangasiidae,Pangasius
365580,GCA_037576815.1,Fish,Chordata,Actinopteri,Siluriformes,Pangasiidae,Pangasius
365581,GCA_051225755.1,Fish,Chordata,Actinopteri,Siluriformes,Pangasiidae,Pangasius
367866,GCA_049638765.1,Fish,Chordata,Actinopteri,Cypriniformes,Cyprinidae,Procypris
369639,GCA_012432095.1,Fish,Chordata,Actinopteri,Cypriniformes,Cyprinidae,Onychostoma
369639,GCF_012432095.1,Fish,Chordata,Actinopteri,Cypriniformes,Cyprinidae,Onychostoma
369663,GCA_041296075.1,Fish,Chordata,Actinopteri,Cypriniformes,Cyprinidae,Ptychidio
37003,GCA_001649575.2,Fish,Chordata,Actinopteri,Cyprinodontiformes,Rivulidae,Kryptolebias
37003,GCF_001649575.2,Fish,Chordata,Actinopteri,Cyprinodontiformes,Rivulidae,Kryptolebias
37007,GCA_049638725.1,Fish,Chordata,Actinopteri,Syngnathiformes,Mullidae,Mullus
37273,GCA_965282415.1,Fish,Chordata,Actinopteri,Cyprinodontiformes,Poeciliidae,Gambusia
375764,GCF_902148855.1,Fish,Chordata,Actinopteri,Kurtiformes,Apogonidae,Sphaeramia
38527,GCA_022829085.1,Fish,Chordata,Actinopteri,Cypriniformes,Leuciscidae,Abramis
38527,GCA_963993115.1,Fish,Chordata,Actinopteri,Cypriniformes,Leuciscidae,Abramis
386614,GCF_010909765.2,Fish,Chordata,Chondrichthyes,Rajiformes,Rajidae,Amblyraja
386614,GCA_010909765.2,Fish,Chordata,Chondrichthyes,Rajiformes,Rajidae,Amblyraja
390368,GCA_020510985.1,Fish,Chordata,Actinopteri,Cichliformes,Pholidichthyidae,Pholidichthys
390378,GCA_044231645.1,Fish,Chordata,Actinopteri,Syngnathiformes,Callionymidae,Neosynchiropus
390378,GCA_044231665.1,Fish,Chordata,Actinopteri,Syngnathiformes,Callionymidae,Neosynchiropus
390379,GCF_902500255.1,Fish,Chordata,Actinopteri,Batrachoidiformes,Batrachoididae,Thalassophryne
39042,GCF_051107435.1,Fish,Chordata,Actinopteri,Chaetodontiformes,Chaetodontidae,Chaetodon
39042,GCA_051107435.1,Fish,Chordata,Actinopteri,Chaetodontiformes,Chaetodontidae,Chaetodon
394691,GCA_043250625.1,Fish,Chordata,Actinopteri,Perciformes,Sebastidae,Sebastes
394691,GCF_043250625.1,Fish,Chordata,Actinopteri,Perciformes,Sebastidae,Sebastes
396775,GCA_023373845.1,Fish,Chordata,Actinopteri,,Sciaenidae,Nibea
396798,GCA_048128715.1,Fish,Chordata,Actinopteri,Lutjaniformes,Lutjanidae,Symphorus
40147,GCA_030684275.1,Fish,Chordata,Actinopteri,Acipenseriformes,Acipenseridae,Acipenser
40499,GCA_977019275.1,Fish,Chordata,Actinopteri,Lutjaniformes,Lutjanidae,Ocyurus
40503,GCA_050947775.1,Fish,Chordata,Actinopteri,Lutjaniformes,Lutjanidae,Lutjanus
40507,GCA_041380415.1,Fish,Chordata,Actinopteri,Lutjaniformes,Lutjanidae,Rhomboplites
40830,GCA_936440315.1,Fish,Chordata,Actinopteri,Cypriniformes,Cyprinidae,Barbus
409849,GCF_009829125.3,Fish,Chordata,Actinopteri,Gobiiformes,Gobiidae,Periophthalmus
409849,GCA_009829125.3,Fish,Chordata,Actinopteri,Gobiiformes,Gobiidae,Periophthalmus
412623,GCF_040956055.1,Fish,Chordata,Actinopteri,Lophiiformes,Brachionichthyidae,Brachionichthys
412623,GCA_040956055.2,Fish,Chordata,Actinopteri,Lophiiformes,Brachionichthyidae,Brachionichthys
41447,GCA_041682515.1,Fish,Chordata,Actinopteri,Carangiformes,Carangidae,Seriola
417921,GCF_013103735.1,Fish,Chordata,Actinopteri,Perciformes,Percidae,Etheostoma
418454,GCA_044905845.1,Fish,Chordata,Actinopteri,Osmeriformes,Salangidae,Protosalanx
420107,GCA_963576455.2,Fish,Chordata,Actinopteri,Cichliformes,Cichlidae,Neolamprologus
42514,GCF_015220715.1,Fish,Chordata,Actinopteri,Characiformes,Serrasalmidae,Pygocentrus
42514,GCA_015220715.1,Fish,Chordata,Actinopteri,Characiformes,Serrasalmidae,Pygocentrus
42528,GCA_040208305.1,Fish,Chordata,Actinopteri,Characiformes,Serrasalmidae,Piaractus
42563,GCA_017165825.1,Fish,Chordata,Actinopteri,Characiformes,Hepsetidae,Hepsetus
426094,GCA_971798655.1,Fish,Chordata,Actinopteri,Perciformes,Triglidae,Chelidonichthys
426098,GCA_963514095.1,Fish,Chordata,Actinopteri,Perciformes,Triglidae,Eutrigla
42636,GCA_023856365.1,Fish,Chordata,Actinopteri,Osteoglossiformes,Mormyridae,Brienomyrus
42663,GCA_036326025.1,Fish,Chordata,Actinopteri,Cypriniformes,Leuciscidae,Chrosomus
42892,GCA_040112795.1,Fish,Chordata,Actinopteri,Clupeiformes,Engraulidae,Engraulis
432798,GCA_035221665.1,Fish,Chordata,Chondrichthyes,Rajiformes,Rajidae,Okamejei
433684,GCA_003711565.2,Fish,Chordata,Actinopteri,Tetraodontiformes,Tetraodontidae,Takifugu
433684,GCF_003711565.1,Fish,Chordata,Actinopteri,Tetraodontiformes,Tetraodontidae,Takifugu
433685,GCA_004026145.2,Fish,Chordata,Actinopteri,Tetraodontiformes,Tetraodontidae,Takifugu
435161,GCA_030544235.1,Fish,Chordata,Actinopteri,Scombriformes,Trichiuridae,Lepturacanthus
435163,GCA_009823395.1,Fish,Chordata,Actinopteri,Tetraodontiformes,Monacanthidae,Thamnaconus
435218,GCA_016801845.1,Fish,Chordata,Actinopteri,,Polynemidae,Polydactylus
441366,GCF_900634775.1,Fish,Chordata,Actinopteri,Blenniiformes,Gobiesocidae,Gouania
441366,GCA_900634775.2,Fish,Chordata,Actinopteri,Blenniiformes,Gobiesocidae,Gouania
443677,GCF_027579695.1,Fish,Chordata,Actinopteri,Siluriformes,Ariidae,Neoarius
443729,GCA_977005145.1,Fish,Chordata,Actinopteri,Carangiformes,Carangidae,Trachinotus
445358,GCA_053574625.1,Fish,Chordata,Actinopteri,Spariformes,Nemipteridae,Nemipterus
446415,GCA_951799395.1,Fish,Chordata,Actinopteri,Argentiniformes,Argentinidae,Argentina
446457,GCA_933228915.1,Fish,Chordata,Actinopteri,Atheriniformes,Telmatherinidae,Telmatherina
446776,GCA_051861665.1,Fish,Chordata,Actinopteri,Characiformes,Serrasalmidae,Acnodon
44932,GCA_964260565.1,Fish,Chordata,Actinopteri,Gadiformes,Gadidae,Boreogadus
450224,GCA_029853015.1,Fish,Chordata,Actinopteri,Perciformes,Triglidae,Chelidonichthys
451745,GCF_014905685.2,Fish,Chordata,Actinopteri,Cyprinodontiformes,Rivulidae,Nematolebias
454631,GCA_964273455.2,Fish,Chordata,Actinopteri,Cichliformes,Cichlidae,Rhamphochromis
454631,GCA_963969265.1,Fish,Chordata,Actinopteri,Cichliformes,Cichlidae,Rhamphochromis
473457,GCA_029692085.1,Fish,Chordata,Actinopteri,Anguilliformes,Muraenidae,Gymnothorax
473459,GCA_029721435.1,Fish,Chordata,Actinopteri,Anguilliformes,Muraenidae,Gymnothorax
476915,GCA_054506975.1,Fish,Chordata,Actinopteri,Perciformes,Stichaeidae,Chirolophis
47969,GCA_013358895.1,Fish,Chordata,Actinopteri,Cichliformes,Cichlidae,Oreochromis
47969,GCF_013358895.1,Fish,Chordata,Actinopteri,Cichliformes,Cichlidae,Oreochromis
481459,GCF_016920845.1,Fish,Chordata,Actinopteri,Perciformes,Gasterosteidae,Gasterosteus
48171,GCA_963514085.1,Fish,Chordata,Actinopteri,Mugiliformes,Mugilidae,Chelon
48193,GCF_022458985.1,Fish,Chordata,Actinopteri,Mugiliformes,Mugilidae,Mugil
48193,GCA_022458985.1,Fish,Chordata,Actinopteri,Mugiliformes,Mugilidae,Mugil
48416,GCA_040110945.1,Fish,Chordata,Actinopteri,Perciformes,Zoarcidae,Zoarces
48668,GCA_951802725.1,Fish,Chordata,Actinopteri,Cypriniformes,Leuciscidae,Rutilus
48698,GCA_013036085.2,Fish,Chordata,Actinopteri,Cyprinodontiformes,Poeciliidae,Poecilia
48913,GCA_977110885.1,Fish,Chordata,Actinopteri,Spariformes,Sparidae,Diplodus
48915,GCA_963678695.2,Fish,Chordata,Actinopteri,Spariformes,Sparidae,Diplodus
490388,GCF_045791955.1,Fish,Chordata,Actinopteri,Salmoniformes,Salmonidae,Oncorhynchus
497151,GCA_054083465.1,Fish,Chordata,Actinopteri,Spariformes,Sparidae,Evynnis
497904,GCA_049949165.1,Fish,Chordata,Actinopteri,Perciformes,Gasterosteidae,Pungitius
50351,GCA_039737535.1,Fish,Chordata,Actinopteri,Spariformes,Sparidae,Lagodon
50593,GCA_965643245.1,Fish,Chordata,Actinopteri,Spariformes,Sparidae,Pagellus
50595,GCA_965243705.1,Fish,Chordata,Actinopteri,Spariformes,Sparidae,Spondyliosoma
50790,GCA_024666655.1,Fish,Chordata,Actinopteri,,Pomacentridae,Dascyllus
508554,GCF_963584025.1,Fish,Chordata,Actinopteri,Labriformes,Labridae,Labrus
508554,GCA_963584025.1,Fish,Chordata,Actinopteri,Labriformes,Labridae,Labrus
508607,GCA_975247245.1,Fish,Chordata,Actinopteri,Perciformes,Agonidae,Agonus
508657,GCA_026929865.2,Fish,Chordata,Actinopteri,Uranoscopiformes,Ammodytidae,Hyperoplus
51549,GCF_024679245.1,Fish,Chordata,Actinopteri,Cypriniformes,Gobionidae,Pseudorasbora
51996,GCA_029721515.1,Fish,Chordata,Actinopteri,Perciformes,Synanceiidae,Synanceia
52617,GCA_049309305.1,Fish,Chordata,Actinopteri,Cypriniformes,Cyprinidae,Carassius
526623,GCA_977007055.1,Fish,Chordata,Actinopteri,Pleuronectiformes,Scophthalmidae,Zeugopterus
52904,GCA_003186165.1,Fish,Chordata,Actinopteri,Pleuronectiformes,Scophthalmidae,Scophthalmus
52904,GCF_022379125.1,Fish,Chordata,Actinopteri,Pleuronectiformes,Scophthalmidae,Scophthalmus
54267,GCA_037038625.1,Fish,Chordata,Actinopteri,Cyprinodontiformes,Fundulidae,Fundulus
54267,GCA_037039145.1,Fish,Chordata,Actinopteri,Cyprinodontiformes,Fundulidae,Fundulus
54337,GCA_029931835.1,Fish,Chordata,Actinopteri,Perciformes,Percidae,Etheostoma
54343,GCA_008692095.1,Fish,Chordata,Actinopteri,Perciformes,Percidae,Etheostoma
54343,GCF_008692095.1,Fish,Chordata,Actinopteri,Perciformes,Percidae,Etheostoma
54556,GCA_964188525.1,Fish,Chordata,Actinopteri,Cypriniformes,Leuciscidae,Alburnus
54556,GCA_964188515.1,Fish,Chordata,Actinopteri,Cypriniformes,Leuciscidae,Alburnus
546530,GCF_033978685.3,Fish,Chordata,Actinopteri,Syngnathiformes,Syngnathidae,Nerophis
55135,GCA_044704955.1,Fish,Chordata,Chondrichthyes,,Pristiophoridae,Pristiophorus
55135,GCF_044704955.1,Fish,Chordata,Chondrichthyes,,Pristiophoridae,Pristiophorus
55291,GCA_016835505.1,Fish,Chordata,Cladistia,Polypteriformes,Polypteridae,Polypterus
55291,GCF_016835505.1,Fish,Chordata,Cladistia,Polypteriformes,Polypteridae,Polypterus
56716,GCF_900634415.1,Fish,Chordata,Actinopteri,Perciformes,Bovichtidae,Cottoperca
56720,GCA_963383615.1,Fish,Chordata,Actinopteri,Blenniiformes,Blenniidae,Lipophrys
56723,GCF_963930695.1,Fish,Chordata,Actinopteri,Labriformes,Labridae,Labrus
56723,GCA_963930695.1,Fish,Chordata,Actinopteri,Labriformes,Labridae,Labrus
56726,GCA_910591455.2,Fish,Chordata,Actinopteri,Perciformes,Pholidae,Pholis
56733,GCA_036324505.1,Fish,Chordata,Actinopteri,Perciformes,Eleginopidae,Eleginops
56733,GCF_036324505.1,Fish,Chordata,Actinopteri,Perciformes,Eleginopidae,Eleginops
56737,GCA_977007615.1,Fish,Chordata,Actinopteri,Perciformes,Trachinidae,Trachinus
57862,GCA_965643125.1,Fish,Chordata,Actinopteri,Blenniiformes,Tripterygiidae,Tripterygion
57865,GCA_023631565.1,Fish,Chordata,Actinopteri,Perciformes,Percidae,Gymnocephalus
57982,GCF_964194155.1,Fish,Chordata,Chondrichthyes,Lamniformes,Alopiidae,Cetorhinus
57982,GCA_964194155.1,Fish,Chordata,Chondrichthyes,Lamniformes,Alopiidae,Cetorhinus
58220,GCA_030347415.2,Fish,Chordata,Actinopteri,Carangiformes,Carangidae,Decapterus
58319,GCA_024453875.1,Fish,Chordata,Actinopteri,Cypriniformes,Leuciscidae,Scardinius
58319,GCA_964197995.1,Fish,Chordata,Actinopteri,Cypriniformes,Leuciscidae,Scardinius
58323,GCA_023718395.1,Fish,Chordata,Actinopteri,Cypriniformes,Leuciscidae,Leucaspius
58324,GCA_037504845.1,Fish,Chordata,Actinopteri,Cypriniformes,Leuciscidae,Phoxinus
58324,GCA_949152265.1,Fish,Chordata,Actinopteri,Cypriniformes,Leuciscidae,Phoxinus
58325,GCA_965113325.1,Fish,Chordata,Actinopteri,Cypriniformes,Leuciscidae,Leuciscus
58325,GCA_965113295.1,Fish,Chordata,Actinopteri,Cypriniformes,Leuciscidae,Leuciscus
586833,GCF_902150065.1,Fish,Chordata,Actinopteri,Holocentriformes,Holocentridae,Myripristis
586865,GCA_044231675.1,Fish,Chordata,Actinopteri,Syngnathiformes,Callionymidae,Synchiropus
586865,GCA_044231685.1,Fish,Chordata,Actinopteri,Syngnathiformes,Callionymidae,Synchiropus
588211,GCA_977014485.1,Fish,Chordata,Actinopteri,Kurtiformes,Apogonidae,Astrapogon
59291,GCA_964263955.1,Fish,Chordata,Actinopteri,Salmoniformes,Salmonidae,Coregonus
59861,GCF_020615455.1,Fish,Chordata,Actinopteri,Salmoniformes,Salmonidae,Coregonus
61126,GCA_039654925.2,Fish,Chordata,Actinopteri,Anguilliformes,Anguillidae,Anguilla
61643,GCA_910589615.1,Fish,Chordata,Actinopteri,Perciformes,Cottidae,Taurulus
61819,GCA_013435755.1,Fish,Chordata,Actinopteri,Cichliformes,Cichlidae,Amphilophus
61970,GCA_052858605.1,Fish,Chordata,Actinopteri,Acipenseriformes,Acipenseridae,Acipenser
61971,GCA_036884735.1,Fish,Chordata,Actinopteri,Acipenseriformes,Acipenseridae,Huso
63155,GCF_007364275.1,Fish,Chordata,Actinopteri,Cichliformes,Cichlidae,Archocentrus
63155,GCA_007364275.2,Fish,Chordata,Actinopteri,Cichliformes,Cichlidae,Archocentrus
637954,GCA_964034765.1,Fish,Chordata,Actinopteri,Gobiiformes,Gobiidae,Knipowitschia
639287,GCA_034509495.1,Fish,Chordata,Actinopteri,Characiformes,Acestrorhynchidae,Acestrorhynchus
64108,GCA_960531495.1,Fish,Chordata,Actinopteri,Zeiformes,Zeidae,Zeus
641296,GCA_034769265.1,Fish,Chordata,Actinopteri,Carangiformes,Echeneidae,Remorina
64144,GCA_900324465.2,Fish,Chordata,Actinopteri,Anabantiformes,Anabantidae,Anabas
64144,GCF_900324465.2,Fish,Chordata,Actinopteri,Anabantiformes,Anabantidae,Anabas
64152,GCA_033026295.1,Fish,Chordata,Actinopteri,Anabantiformes,Channidae,Channa
642563,GCA_034552555.1,Fish,Chordata,Actinopteri,Characiformes,Prochilodontidae,Semaprochilodus
642989,GCF_051991255.1,Fish,Chordata,Actinopteri,Syngnathiformes,Syngnathidae,Vanacampus
655342,GCA_026937815.1,Fish,Chordata,Actinopteri,Perciformes,Percidae,Etheostoma
658148,GCA_977063065.1,Fish,Chordata,Actinopteri,Gobiiformes,Gobiidae,Coryphopterus
667116,GCF_053455715.1,Fish,Chordata,Chondrichthyes,Rajiformes,Arhynchobatidae,Rhinoraja
66913,GCA_023375685.2,Fish,Chordata,Actinopteri,Siluriformes,Ictaluridae,Ictalurus
66913,GCF_023375685.1,Fish,Chordata,Actinopteri,Siluriformes,Ictaluridae,Ictalurus
67549,GCA_030578275.1,Fish,Chordata,Actinopteri,Cypriniformes,Leuciscidae,Meda
683832,GCA_036247105.2,Fish,Chordata,Actinopteri,Cypriniformes,Cyprinidae,Cirrhinus
685728,GCF_009764475.1,Fish,Chordata,Chondrichthyes,Rhinopristiformes,Pristidae,Pristis
685728,GCA_009764475.2,Fish,Chordata,Chondrichthyes,Rhinopristiformes,Pristidae,Pristis
685904,GCA_041682065.1,Fish,Chordata,Actinopteri,Siluriformes,Clariidae,Clarias
69234,GCA_033032245.1,Fish,Chordata,Actinopteri,Cyprinodontiformes,Poeciliidae,Poecilia
69241,GCA_030533455.1,Fish,Chordata,Actinopteri,Cyprinodontiformes,Cyprinodontidae,Cyprinodon
69293,GCF_964276395.1,Fish,Chordata,Actinopteri,Perciformes,Gasterosteidae,Gasterosteus
69293,GCA_046562415.1,Fish,Chordata,Actinopteri,Perciformes,Gasterosteidae,Gasterosteus
693459,GCF_024500275.1,Fish,Chordata,Actinopteri,Syngnathiformes,Syngnathidae,Phycodurus
693459,GCA_024500275.1,Fish,Chordata,Actinopteri,Syngnathiformes,Syngnathidae,Phycodurus
69811,GCA_021554675.1,Fish,Chordata,Actinopteri,Cypriniformes,Leuciscidae,Leuciscus
69812,GCA_052054765.1,Fish,Chordata,Actinopteri,Cyprinodontiformes,Poeciliidae,Micropoecilia
698409,GCF_052324685.1,Fish,Chordata,Actinopteri,Gymnotiformes,Hypopomidae,Brachyhypopomus
698409,GCA_052324685.1,Fish,Chordata,Actinopteri,Gymnotiformes,Hypopomidae,Brachyhypopomus
69944,GCA_964260585.1,Fish,Chordata,Actinopteri,Gadiformes,Lotidae,Lota
70543,GCA_019703515.2,Fish,Chordata,Actinopteri,Cypriniformes,Catostomidae,Myxocyprinus
70543,GCF_019703515.2,Fish,Chordata,Actinopteri,Cypriniformes,Catostomidae,Myxocyprinus
70546,GCA_046562865.1,Fish,Chordata,Actinopteri,Cypriniformes,Xenocyprididae,Xenocypris
70548,GCA_040144785.1,Fish,Chordata,Actinopteri,Cypriniformes,Xenocyprididae,Plagiognathops
71183,GCA_964187695.1,Fish,Chordata,Actinopteri,Cypriniformes,Leuciscidae,Anaecypris
71183,GCA_964187705.1,Fish,Chordata,Actinopteri,Cypriniformes,Leuciscidae,Anaecypris
714202,GCA_034769755.1,Fish,Chordata,Actinopteri,Gobiiformes,Gobiidae,Odontamblyopus
714203,GCA_030686955.1,Fish,Chordata,Actinopteri,Gobiiformes,Gobiidae,Odontamblyopus
72011,GCA_054083455.1,Fish,Chordata,Actinopteri,Spariformes,Sparidae,Acanthopagrus
72105,GCF_015220745.1,Fish,Chordata,Actinopteri,Perciformes,Sebastidae,Sebastes
72105,GCA_015220745.1,Fish,Chordata,Actinopteri,Perciformes,Sebastidae,Sebastes
721872,GCA_975146105.1,Fish,Chordata,Actinopteri,Anguilliformes,Ophichthidae,Myrichthys
723540,GCF_963921235.1,Fish,Chordata,Chondrichthyes,Myliobatiformes,Myliobatidae,Mobula
723540,GCA_963921235.1,Fish,Chordata,Chondrichthyes,Myliobatiformes,Myliobatidae,Mobula
72450,GCA_043790635.1,Fish,Chordata,Actinopteri,Perciformes,Hexagrammidae,Hexagrammos
748366,GCA_023376895.1,Fish,Chordata,Actinopteri,Cypriniformes,Cyprinidae,Aspiorhynchus
74940,GCA_002831465.1,Fish,Chordata,Actinopteri,Salmoniformes,Salmonidae,Oncorhynchus
74940,GCF_018296145.1,Fish,Chordata,Actinopteri,Salmoniformes,Salmonidae,Oncorhynchus
75038,GCF_020382885.2,Fish,Chordata,Actinopteri,,Scatophagidae,Scatophagus
75042,GCA_053572195.1,Fish,Chordata,Actinopteri,,Siganidae,Siganus
75329,GCA_027580225.2,Fish,Chordata,Actinopteri,Cypriniformes,Cobitidae,Misgurnus
75329,GCF_027580225.2,Fish,Chordata,Actinopteri,Cypriniformes,Cobitidae,Misgurnus
75352,GCA_018812025.1,Fish,Chordata,Actinopteri,Cypriniformes,Xenocyprididae,Megalobrama
75352,GCF_018812025.1,Fish,Chordata,Actinopteri,Cypriniformes,Xenocyprididae,Megalobrama
75356,GCA_039654765.1,Fish,Chordata,Actinopteri,Cypriniformes,Xenocyprididae,Mylopharyngodon
75358,GCA_041684115.1,Fish,Chordata,Actinopteri,Cypriniformes,Xenocyprididae,Parabramis
75372,GCA_046118805.1,Fish,Chordata,Actinopteri,Cypriniformes,Xenocyprididae,Squaliobarbus
75743,GCF_047496885.1,Fish,Chordata,Chondrichthyes,Carcharhiniformes,Scyliorhinidae,Scyliorhinus
75934,GCA_040894045.1,Fish,Chordata,Actinopteri,Esociformes,Umbridae,Umbra
75939,GCA_029465975.1,Fish,Chordata,Actinopteri,Esociformes,Umbridae,Dallia
762045,GCA_030347295.1,Fish,Chordata,Actinopteri,Clupeiformes,Engraulidae,Setipinna
762751,GCA_040805835.1,Fish,Chordata,Actinopteri,Cichliformes,Cichlidae,Chromidotilapia
76338,GCA_054084055.1,Fish,Chordata,Actinopteri,Labriformes,Labridae,Thalassoma
76338,GCA_054084025.1,Fish,Chordata,Actinopteri,Labriformes,Labridae,Thalassoma
76340,GCA_033000465.1,Fish,Chordata,Actinopteri,,Sciaenidae,Sciaenops
7748,GCA_965212235.1,Fish,Chordata,Hyperoartia,Petromyzontiformes,Petromyzontidae,Lampetra
7748,GCA_964198595.1,Fish,Chordata,Hyperoartia,Petromyzontiformes,Petromyzontidae,Lampetra
7750,GCA_965212315.1,Fish,Chordata,Hyperoartia,Petromyzontiformes,Petromyzontidae,Lampetra
7753,GCA_015708825.1,Fish,Chordata,Hyperoartia,Petromyzontiformes,Petromyzontidae,Lethenteron
7753,GCF_015708825.1,Fish,Chordata,Hyperoartia,Petromyzontiformes,Petromyzontidae,Lethenteron
7757,GCA_010993605.1,Fish,Chordata,Hyperoartia,Petromyzontiformes,Petromyzontidae,Petromyzon
7757,GCF_048934315.1,Fish,Chordata,Hyperoartia,Petromyzontiformes,Petromyzontidae,Petromyzon
77594,GCA_977064505.1,Fish,Chordata,Actinopteri,Gobiiformes,Gobiidae,Gobius
7767,GCA_041222605.1,Fish,Chordata,Myxini,Myxiniformes,Myxinidae,Eptatretus
7769,GCA_040869285.1,Fish,Chordata,Myxini,Myxiniformes,Myxinidae,Myxine
7769,GCF_040869285.1,Fish,Chordata,Myxini,Myxiniformes,Myxinidae,Myxine
7782,GCA_028641065.1,Fish,Chordata,Chondrichthyes,Rajiformes,Rajidae,Leucoraja
7782,GCF_028641065.1,Fish,Chordata,Chondrichthyes,Rajiformes,Rajidae,Leucoraja
7788,GCA_977017645.1,Fish,Chordata,Chondrichthyes,Torpediniformes,Torpedinidae,Torpedo
7792,GCF_036365525.1,Fish,Chordata,Chondrichthyes,Heterodontiformes,Heterodontidae,Heterodontus
7792,GCA_036365525.1,Fish,Chordata,Chondrichthyes,Heterodontiformes,Heterodontidae,Heterodontus
7798,GCA_050613895.1,Fish,Chordata,Chondrichthyes,Squaliformes,Squalidae,Squalus
7815,GCA_037974335.1,Fish,Chordata,Chondrichthyes,Carcharhiniformes,Carcharhinidae,Prionace
7830,GCA_902713615.2,Fish,Chordata,Chondrichthyes,Carcharhiniformes,Scyliorhinidae,Scyliorhinus
7830,GCF_902713615.1,Fish,Chordata,Chondrichthyes,Carcharhiniformes,Scyliorhinidae,Scyliorhinus
7873,GCA_035084275.1,Fish,Chordata,Chondrichthyes,Chimaeriformes,Chimaeridae,Hydrolagus
7906,GCA_010645085.2,Fish,Chordata,Actinopteri,Acipenseriformes,Acipenseridae,Acipenser
7906,GCF_902713425.1,Fish,Chordata,Actinopteri,Acipenseriformes,Acipenseridae,Acipenser
7913,GCA_017654505.1,Fish,Chordata,Actinopteri,Acipenseriformes,Polyodontidae,Polyodon
7913,GCF_017654505.1,Fish,Chordata,Actinopteri,Acipenseriformes,Polyodontidae,Polyodon
7917,GCA_043380575.1,Fish,Chordata,Actinopteri,Semionotiformes,Lepisosteidae,Atractosteus
7918,GCF_040954835.1,Fish,Chordata,Actinopteri,Semionotiformes,Lepisosteidae,Lepisosteus
7918,GCF_000242695.1,Fish,Chordata,Actinopteri,Semionotiformes,Lepisosteidae,Lepisosteus
7932,GCA_019176425.1,Fish,Chordata,Actinopteri,Elopiformes,Megalopidae,Megalops
7936,GCA_013347855.1,Fish,Chordata,Actinopteri,Anguilliformes,Anguillidae,Anguilla
7936,GCF_013347855.1,Fish,Chordata,Actinopteri,Anguilliformes,Anguillidae,Anguilla
7937,GCA_025169545.1,Fish,Chordata,Actinopteri,Anguilliformes,Anguillidae,Anguilla
7938,GCF_018555375.3,Fish,Chordata,Actinopteri,Anguilliformes,Anguillidae,Anguilla
7938,GCA_018555375.3,Fish,Chordata,Actinopteri,Anguilliformes,Anguillidae,Anguilla
7943,GCA_047653785.1,Fish,Chordata,Actinopteri,Anguilliformes,Congridae,Conger
7950,GCF_900700415.2,Fish,Chordata,Actinopteri,Clupeiformes,Clupeidae,Clupea
7955,GCA_000002035.4,Fish,Chordata,Actinopteri,Cypriniformes,Danionidae,Danio
7955,GCF_000002035.6,Fish,Chordata,Actinopteri,Cypriniformes,Danionidae,Danio
7957,GCA_014332655.1,Fish,Chordata,Actinopteri,Cypriniformes,Cyprinidae,Carassius
7957,GCF_003368295.1,Fish,Chordata,Actinopteri,Cypriniformes,Cyprinidae,Carassius
7959,GCA_019924925.1,Fish,Chordata,Actinopteri,Cypriniformes,Xenocyprididae,Ctenopharyngodon
7959,GCF_019924925.1,Fish,Chordata,Actinopteri,Cypriniformes,Xenocyprididae,Ctenopharyngodon
796020,GCA_037576825.1,Fish,Chordata,Actinopteri,Siluriformes,Pangasiidae,Pangasius
7962,GCA_000951615.2,Fish,Chordata,Actinopteri,Cypriniformes,Cyprinidae,Cyprinus
7962,GCF_018340385.1,Fish,Chordata,Actinopteri,Cypriniformes,Cyprinidae,Cyprinus
7965,GCA_037950665.1,Fish,Chordata,Actinopteri,Cypriniformes,Xenocyprididae,Hypophthalmichthys
79690,GCF_030144855.1,Fish,Chordata,Chondrichthyes,Myliobatiformes,Dasyatidae,Hypanus
79690,GCA_030144855.1,Fish,Chordata,Chondrichthyes,Myliobatiformes,Dasyatidae,Hypanus
7994,GCF_023375975.1,Fish,Chordata,Actinopteri,Characiformes,Acestrorhamphidae,Astyanax
7998,GCA_001660625.3,Fish,Chordata,Actinopteri,Siluriformes,Ictaluridae,Ictalurus
7998,GCF_001660625.3,Fish,Chordata,Actinopteri,Siluriformes,Ictaluridae,Ictalurus
8005,GCF_013358815.1,Fish,Chordata,Actinopteri,Gymnotiformes,Gymnotidae,Electrophorus
8005,GCA_013358815.1,Fish,Chordata,Actinopteri,Gymnotiformes,Gymnotidae,Electrophorus
8010,GCA_000721915.3,Fish,Chordata,Actinopteri,Esociformes,Esocidae,Esox
8010,GCF_011004845.1,Fish,Chordata,Actinopteri,Esociformes,Esocidae,Esox
8014,GCA_038355195.1,Fish,Chordata,Actinopteri,Osmeriformes,Osmeridae,Osmerus
8014,GCF_038355195.1,Fish,Chordata,Actinopteri,Osmeriformes,Osmeridae,Osmerus
8017,GCA_021184085.1,Fish,Chordata,Actinopteri,Salmoniformes,Salmonidae,Oncorhynchus
8017,GCF_021184085.1,Fish,Chordata,Actinopteri,Salmoniformes,Salmonidae,Oncorhynchus
8018,GCA_012931545.1,Fish,Chordata,Actinopteri,Salmoniformes,Salmonidae,Oncorhynchus
8018,GCF_023373465.1,Fish,Chordata,Actinopteri,Salmoniformes,Salmonidae,Oncorhynchus
8019,GCF_002021735.2,Fish,Chordata,Actinopteri,Salmoniformes,Salmonidae,Oncorhynchus
8022,GCF_013265735.2,Fish,Chordata,Actinopteri,Salmoniformes,Salmonidae,Oncorhynchus
8023,GCA_006149115.2,Fish,Chordata,Actinopteri,Salmoniformes,Salmonidae,Oncorhynchus
8023,GCF_034236695.1,Fish,Chordata,Actinopteri,Salmoniformes,Salmonidae,Oncorhynchus
8030,GCF_905237065.1,Fish,Chordata,Actinopteri,Salmoniformes,Salmonidae,Salmo
8030,GCF_000233375.1,Fish,Chordata,Actinopteri,Salmoniformes,Salmonidae,Salmo
8032,GCA_043791845.1,Fish,Chordata,Actinopteri,Salmoniformes,Salmonidae,Salmo
8032,GCF_901001165.1,Fish,Chordata,Actinopteri,Salmoniformes,Salmonidae,Salmo
8036,GCF_045679555.1,Fish,Chordata,Actinopteri,Salmoniformes,Salmonidae,Salvelinus
8036,GCA_045679555.1,Fish,Chordata,Actinopteri,Salmoniformes,Salmonidae,Salvelinus
8038,GCF_029448725.1,Fish,Chordata,Actinopteri,Salmoniformes,Salmonidae,Salvelinus
8038,GCA_029448725.1,Fish,Chordata,Actinopteri,Salmoniformes,Salmonidae,Salvelinus
8039,GCA_052928225.1,Fish,Chordata,Actinopteri,Salmoniformes,Salmonidae,Salvelinus
8040,GCF_016432855.1,Fish,Chordata,Actinopteri,Salmoniformes,Salmonidae,Salvelinus
8049,GCA_902167405.1,Fish,Chordata,Actinopteri,Gadiformes,Gadidae,Gadus
8049,GCF_902167405.1,Fish,Chordata,Actinopteri,Gadiformes,Gadidae,Gadus
8063,GCA_964660975.1,Fish,Chordata,Actinopteri,Gadiformes,Merlucciidae,Merluccius
80720,GCA_031168955.1,Fish,Chordata,Actinopteri,Gadiformes,Gadidae,Gadus
80720,GCF_031168955.1,Fish,Chordata,Actinopteri,Gadiformes,Gadidae,Gadus
8073,GCA_037951165.2,Fish,Chordata,Actinopteri,Lophiiformes,Lophiidae,Lophius
8078,GCA_011125445.2,Fish,Chordata,Actinopteri,Cyprinodontiformes,Fundulidae,Fundulus
8078,GCF_011125445.2,Fish,Chordata,Actinopteri,Cyprinodontiformes,Fundulidae,Fundulus
8081,GCA_046042705.1,Fish,Chordata,Actinopteri,Cyprinodontiformes,Poeciliidae,Poecilia
8081,GCF_000633615.1,Fish,Chordata,Actinopteri,Cyprinodontiformes,Poeciliidae,Poecilia
80810,GCA_038088235.1,Fish,Chordata,Actinopteri,Cypriniformes,Xenocyprididae,Zacco
80810,GCA_053455835.1,Fish,Chordata,Actinopteri,Cypriniformes,Xenocyprididae,Zacco
8083,GCA_002775205.2,Fish,Chordata,Actinopteri,Cyprinodontiformes,Poeciliidae,Xiphophorus
8083,GCF_002775205.1,Fish,Chordata,Actinopteri,Cyprinodontiformes,Poeciliidae,Xiphophorus
8084,GCA_003331165.2,Fish,Chordata,Actinopteri,Cyprinodontiformes,Poeciliidae,Xiphophorus
8084,GCF_003331165.1,Fish,Chordata,Actinopteri,Cyprinodontiformes,Poeciliidae,Xiphophorus
8090,GCF_002234675.1,Fish,Chordata,Actinopteri,Beloniformes,Adrianichthyidae,Oryzias
80966,GCF_021347895.1,Fish,Chordata,Actinopteri,,Pomacentridae,Acanthochromis
80966,GCA_021347895.1,Fish,Chordata,Actinopteri,,Pomacentridae,Acanthochromis
8097,GCA_977012325.1,Fish,Chordata,Actinopteri,Perciformes,Cottidae,Myoxocephalus
80970,GCA_027123335.1,Fish,Chordata,Actinopteri,,Pomacentridae,Amphiprion
80972,GCA_022539595.1,Fish,Chordata,Actinopteri,,Pomacentridae,Amphiprion
80972,GCF_022539595.1,Fish,Chordata,Actinopteri,,Pomacentridae,Amphiprion
80991,GCA_053813585.1,Fish,Chordata,Actinopteri,,Pomacentridae,Premnas
8103,GCF_009769545.1,Fish,Chordata,Actinopteri,Perciformes,Cyclopteridae,Cyclopterus
8103,GCA_009769545.1,Fish,Chordata,Actinopteri,Perciformes,Cyclopteridae,Cyclopterus
8128,GCF_001858045.2,Fish,Chordata,Actinopteri,Cichliformes,Cichlidae,Oreochromis
8144,GCA_046562855.1,Fish,Chordata,Actinopteri,Cichliformes,Cichlidae,Sarotherodon
8154,GCA_900246225.3,Fish,Chordata,Actinopteri,Cichliformes,Cichlidae,Astatotilapia
8154,GCF_900246225.1,Fish,Chordata,Actinopteri,Cichliformes,Cichlidae,Astatotilapia
81636,GCA_964030765.1,Fish,Chordata,Actinopteri,Gadiformes,Gadidae,Micromesistius
8167,GCA_004354835.1,Fish,Chordata,Actinopteri,Perciformes,Percidae,Perca
8167,GCF_004354835.1,Fish,Chordata,Actinopteri,Perciformes,Percidae,Perca
8168,GCF_010015445.1,Fish,Chordata,Actinopteri,Perciformes,Percidae,Perca
8168,GCA_010015445.1,Fish,Chordata,Actinopteri,Perciformes,Percidae,Perca
8173,GCA_965226575.1,Fish,Chordata,Actinopteri,Spariformes,Sparidae,Pagrus
8175,GCA_003309015.1,Fish,Chordata,Actinopteri,Spariformes,Sparidae,Sparus
8175,GCF_900880675.1,Fish,Chordata,Actinopteri,Spariformes,Sparidae,Sparus
8177,GCA_013436515.1,Fish,Chordata,Actinopteri,Spariformes,Sparidae,Acanthopagrus
8177,GCF_904848185.1,Fish,Chordata,Actinopteri,Spariformes,Sparidae,Acanthopagrus
8187,GCA_001640805.2,Fish,Chordata,Actinopteri,,Centropomidae,Lates
8187,GCF_001640805.2,Fish,Chordata,Actinopteri,,Centropomidae,Lates
8210,GCA_053525255.1,Fish,Chordata,Actinopteri,Perciformes,Nototheniidae,Notothenia
8226,GCA_041053085.1,Fish,Chordata,Actinopteri,Scombriformes,Scombridae,Katsuwonus
8227,GCA_029490765.1,Fish,Chordata,Actinopteri,Scombriformes,Scombridae,Euthynnus
8236,GCF_914725855.1,Fish,Chordata,Actinopteri,Scombriformes,Scombridae,Thunnus
8236,GCA_914725855.2,Fish,Chordata,Actinopteri,Scombriformes,Scombridae,Thunnus
82366,GCA_026259375.1,Fish,Chordata,Actinopteri,Pleuronectiformes,Pleuronectidae,Verasper
8237,GCF_963924715.1,Fish,Chordata,Actinopteri,Scombriformes,Scombridae,Thunnus
8237,GCA_963924715.1,Fish,Chordata,Actinopteri,Scombriformes,Scombridae,Thunnus
8241,GCA_054135365.1,Fish,Chordata,Actinopteri,Scombriformes,Scombridae,Thunnus
8245,GCF_016859285.1,Fish,Chordata,Actinopteri,Istiophoriformes,Xiphiidae,Xiphias
8255,GCA_001904815.2,Fish,Chordata,Actinopteri,Pleuronectiformes,Paralichthyidae,Paralichthys
8255,GCF_024713975.1,Fish,Chordata,Actinopteri,Pleuronectiformes,Paralichthyidae,Paralichthys
8260,GCF_949316205.1,Fish,Chordata,Actinopteri,Pleuronectiformes,Pleuronectidae,Platichthys
8260,GCA_949316205.1,Fish,Chordata,Actinopteri,Pleuronectiformes,Pleuronectidae,Platichthys
8262,GCF_947347685.1,Fish,Chordata,Actinopteri,Pleuronectiformes,Pleuronectidae,Pleuronectes
8262,GCA_947347685.1,Fish,Chordata,Actinopteri,Pleuronectiformes,Pleuronectidae,Pleuronectes
8265,GCA_038501795.1,Fish,Chordata,Actinopteri,Pleuronectiformes,Pleuronectidae,Pseudopleuronectes
82655,GCF_963514075.1,Fish,Chordata,Actinopteri,Anguilliformes,Congridae,Conger
82655,GCA_963514075.1,Fish,Chordata,Actinopteri,Anguilliformes,Congridae,Conger
8267,GCF_009819705.1,Fish,Chordata,Actinopteri,Pleuronectiformes,Pleuronectidae,Hippoglossus
8284,GCA_022829025.1,Fish,Chordata,Actinopteri,Cypriniformes,Leuciscidae,Squalius
8284,GCA_949319135.1,Fish,Chordata,Actinopteri,Cypriniformes,Leuciscidae,Squalius
82899,GCA_050575295.2,Fish,Chordata,Actinopteri,Centrarchiformes,Cheilodactylidae,Cheilodactylus
83875,GCA_045865225.1,Fish,Chordata,Actinopteri,Carangiformes,Carangidae,Trachurus
84645,GCF_022985175.1,Fish,Chordata,Actinopteri,Cypriniformes,Cyprinidae,Labeo
85417,GCA_951799975.1,Fish,Chordata,Actinopteri,Gobiiformes,Gobiidae,Gobius
85418,GCA_053525515.1,Fish,Chordata,Actinopteri,Gobiiformes,Gobiidae,Gobius
85418,GCA_965278345.2,Fish,Chordata,Actinopteri,Gobiiformes,Gobiidae,Gobius
85422,GCA_049640105.1,Fish,Chordata,Actinopteri,Gobiiformes,Gobiidae,Knipowitschia
857570,GCA_034753235.1,Fish,Chordata,Actinopteri,Salmoniformes,Salmonidae,Oncorhynchus
861768,GCA_902810595.1,Fish,Chordata,Actinopteri,Salmoniformes,Salmonidae,Coregonus
861788,GCA_036851935.1,Fish,Chordata,Actinopteri,Salmoniformes,Salmonidae,Coregonus
86220,GCA_036850595.2,Fish,Chordata,Actinopteri,Gobiiformes,Rhyacichthyidae,Rhyacichthys
86224,GCA_020698575.1,Fish,Chordata,Actinopteri,Gobiiformes,Eleotridae,Bostrychus
86250,GCA_040285405.1,Fish,Chordata,Actinopteri,Gobiiformes,Eleotridae,Oxyeleotris
86932,GCA_030578255.1,Fish,Chordata,Actinopteri,Cypriniformes,Leuciscidae,Tiaroga
87757,GCA_965276695.1,Fish,Chordata,Actinopteri,Syngnathiformes,Mullidae,Mullus
87759,GCA_977007045.1,Fish,Chordata,Actinopteri,Spariformes,Sparidae,Sarpa
879810,GCA_049082045.1,Fish,Chordata,Actinopteri,Blenniiformes,Clinidae,Cristiceps
882753,GCA_013358685.1,Fish,Chordata,Actinopteri,Lophiiformes,Antennariidae,Antennarius
89578,GCA_049190665.1,Fish,Chordata,Actinopteri,Lepidogalaxiiformes,,Lepidogalaxias
90069,GCF_958295425.1,Fish,Chordata,Actinopteri,Pleuronectiformes,Soleidae,Solea
90069,GCA_958295425.1,Fish,Chordata,Actinopteri,Pleuronectiformes,Soleidae,Solea
90074,GCA_963457635.1,Fish,Chordata,Actinopteri,Pleuronectiformes,Soleidae,Microchirus
90313,GCA_036934945.2,Fish,Chordata,Actinopteri,Salmoniformes,Salmonidae,Oncorhynchus
90313,GCF_036934945.1,Fish,Chordata,Actinopteri,Salmoniformes,Salmonidae,Oncorhynchus
90735,GCA_030506205.2,Fish,Chordata,Actinopteri,Cypriniformes,Cobitidae,Paramisgurnus
90735,GCF_030506205.2,Fish,Chordata,Actinopteri,Cypriniformes,Cobitidae,Paramisgurnus
91721,GCA_018136845.1,Fish,Chordata,Actinopteri,Osteoglossiformes,Osteoglossidae,Heterotis
930266,GCF_030463535.1,Fish,Chordata,Actinopteri,Characiformes,Bryconidae,Salminus
930266,GCA_030463535.1,Fish,Chordata,Actinopteri,Characiformes,Bryconidae,Salminus
933932,GCA_946808225.1,Fish,Chordata,Actinopteri,Siluriformes,Siluridae,Silurus
933992,GCA_024489055.1,Fish,Chordata,Actinopteri,Cypriniformes,Xenocyprididae,Chanodichthys
933992,GCF_024489055.1,Fish,Chordata,Actinopteri,Cypriniformes,Xenocyprididae,Chanodichthys
941984,GCF_017976425.1,Fish,Chordata,Actinopteri,,Toxotidae,Toxotes
94232,GCA_051314025.1,Fish,Chordata,Actinopteri,Perciformes,Serranidae,Epinephelus
946358,GCA_017639675.1,Fish,Chordata,Actinopteri,Galaxiiformes,Galaxiidae,Aplochiton
94953,GCA_965643205.1,Fish,Chordata,Actinopteri,Perciformes,Serranidae,Serranus
94984,GCA_963691815.1,Fish,Chordata,Actinopteri,Perciformes,Trachinidae,Echiichthys
95145,GCA_040802735.1,Fish,Chordata,Actinopteri,Batrachoidiformes,Batrachoididae,Opsanus
96998,GCA_040437555.1,Fish,Chordata,Actinopteri,Cichliformes,Cichlidae,Petenia
980385,GCA_046127435.1,Fish,Chordata,Actinopteri,Perciformes,Stichaeidae,Anisarchus
992332,GCA_024868665.2,Fish,Chordata,Actinopteri,Cypriniformes,Nemacheilidae,Triplophysa
992332,GCF_024868665.1,Fish,Chordata,Actinopteri,Cypriniformes,Nemacheilidae,Triplophysa
99883,GCA_051020875.1,Fish,Chordata,Actinopteri,Tetraodontiformes,Tetraodontidae,Tetraodon
99883,GCA_051020865.1,Fish,Chordata,Actinopteri,Tetraodontiformes,Tetraodontidae,Tetraodon
1003335,GCF_001417885.1,Fungi_Protists,Ascomycota,Saccharomycetes,Saccharomycetales,Saccharomycetaceae,Kluyveromyces
1005962,GCA_019443345.1,Fungi_Protists,Ascomycota,Pichiomycetes,Pichiales,Pichiaceae,Ogataea
100756,GCA_964264465.1,Fungi_Protists,Basidiomycota,Agaricomycetes,Russulales,Hericiaceae,Hericium
100902,GCA_014154955.1,Fungi_Protists,Ascomycota,Sordariomycetes,Hypocreales,Nectriaceae,Fusarium
100903,GCA_016164145.2,Fungi_Protists,Ascomycota,Sordariomycetes,Hypocreales,Nectriaceae,Fusarium
100903,GCA_016170085.2,Fungi_Protists,Ascomycota,Sordariomycetes,Hypocreales,Nectriaceae,Fusarium
100910,GCA_051805555.1,Fungi_Protists,Basidiomycota,Microbotryomycetes,Sporidiobolales,Sporidiobolaceae,Rhodosporidiobolus
101028,GCA_000974265.2,Fungi_Protists,Ascomycota,Sordariomycetes,Hypocreales,Nectriaceae,Fusarium
101201,GCA_026401105.1,Fungi_Protists,Ascomycota,Sordariomycetes,Hypocreales,Hypocreaceae,Trichoderma
101201,GCA_020647865.1,Fungi_Protists,Ascomycota,Sordariomycetes,Hypocreales,Hypocreaceae,Trichoderma
1032817,GCA_965154565.1,Fungi_Protists,Basidiomycota,Agaricomycetes,Agaricales,Inocybaceae,Inocybe
1033783,GCA_964330295.1,Fungi_Protists,Basidiomycota,Agaricomycetes,Russulales,Russulaceae,Russula
1034331,GCA_000968835.1,Fungi_Protists,Ascomycota,Saccharomycetes,Saccharomycetales,Saccharomycetaceae,Eremothecium
1042133,GCF_019915245.1,Fungi_Protists,Ascomycota,Sordariomycetes,Hypocreales,Nectriaceae,Fusarium
104224,GCA_965620545.1,Fungi_Protists,Basidiomycota,Agaricomycetes,Agaricales,Hygrophoraceae,Hygrocybe
1047171,GCA_002937425.1,Fungi_Protists,Ascomycota,Dothideomycetes,Mycosphaerellales,Mycosphaerellaceae,Zymoseptoria
1051616,GCA_019553885.1,Fungi_Protists,Ascomycota,Sordariomycetes,Glomerellales,Plectosphaerellaceae,Verticillium
105697,GCA_943193625.1,Fungi_Protists,Mucoromycota,Mucoromycetes,Mucorales,Mucoraceae,Mucor
1069201,GCF_016861625.1,Fungi_Protists,Ascomycota,Eurotiomycetes,Eurotiales,Aspergillaceae,Aspergillus
1071378,GCF_000227115.2,Fungi_Protists,Ascomycota,Saccharomycetes,Saccharomycetales,Saccharomycetaceae,Naumovozyma
1071380,GCF_000315915.1,Fungi_Protists,Ascomycota,Saccharomycetes,Saccharomycetales,Saccharomycetaceae,Henningerozyma
1071381,GCF_000236905.1,Fungi_Protists,Ascomycota,Saccharomycetes,Saccharomycetales,Saccharomycetaceae,Tetrapisispora
1071383,GCF_000348985.1,Fungi_Protists,Ascomycota,Saccharomycetes,Saccharomycetales,Saccharomycetaceae,Huiozyma
107463,GCA_964656405.1,Fungi_Protists,Ascomycota,Lecanoromycetes,Teloschistales,Teloschistaceae,Xanthoria
1080349,GCF_001298625.1,Fungi_Protists,Ascomycota,Saccharomycetes,Saccharomycetales,Saccharomycetaceae,Saccharomyces
108428,GCA_037367355.1,Fungi_Protists,Ascomycota,Dothideomycetes,Botryosphaeriales,Botryosphaeriaceae,Neoscytalidium
108569,GCA_047495995.1,Fungi_Protists,Ascomycota,Leotiomycetes,Helotiales,Dermateaceae,Neofabraea
108571,GCA_045999785.1,Fungi_Protists,Ascomycota,Leotiomycetes,Helotiales,Dermateaceae,Phlyctema
1093211,GCA_976913895.1,Fungi_Protists,Ascomycota,Dothideomycetes,Mycosphaerellales,Mycosphaerellaceae,Ramularia
1099800,GCA_051599425.1,Fungi_Protists,Ascomycota,,,,Saitoella
111140,GCA_965112905.1,Fungi_Protists,Basidiomycota,Agaricomycetes,Russulales,Russulaceae,Russula
111463,GCA_020360975.2,Fungi_Protists,Ascomycota,Sordariomycetes,Hypocreales,Ophiocordycipitaceae,Hirsutella
112263,GCA_031590215.1,Fungi_Protists,Ascomycota,Saccharomycetes,Saccharomycetales,Saccharomycetaceae,Maudiozyma
1136231,GCF_000315875.1,Fungi_Protists,Ascomycota,Pichiomycetes,Serinales,Debaryomycetaceae,Candida
1143185,GCA_946403475.1,Fungi_Protists,Ascomycota,Saccharomycetes,Saccharomycetales,Saccharomycetaceae,Torulaspora
1143193,GCA_000292605.2,Fungi_Protists,Ascomycota,Sordariomycetes,Magnaporthales,Pyriculariaceae,Pyricularia
114497,GCA_963580265.1,Fungi_Protists,Ascomycota,Sordariomycetes,Hypocreales,Cordycipitaceae,Cordyceps
114524,GCA_900682665.1,Fungi_Protists,Ascomycota,Saccharomycetes,Saccharomycetales,Saccharomycetaceae,Saccharomyces
114524,GCA_003327635.1,Fungi_Protists,Ascomycota,Saccharomycetes,Saccharomycetales,Saccharomycetaceae,Saccharomyces
114525,GCA_029884715.1,Fungi_Protists,Ascomycota,Saccharomycetes,Saccharomycetales,Saccharomycetaceae,Saccharomyces
114525,GCA_029884725.1,Fungi_Protists,Ascomycota,Saccharomycetes,Saccharomycetales,Saccharomycetaceae,Saccharomyces
1157608,GCA_029876055.1,Fungi_Protists,Ascomycota,Sordariomycetes,Sordariales,,Madurella
1159556,GCA_024397435.1,Fungi_Protists,Ascomycota,Sordariomycetes,Hypocreales,Clavicipitaceae,Ustilaginoidea
1159556,GCA_016803955.1,Fungi_Protists,Ascomycota,Sordariomycetes,Hypocreales,Clavicipitaceae,Ustilaginoidea
1160507,GCF_000292725.1,Fungi_Protists,Ascomycota,Saccharomycetes,Saccharomycetales,Saccharomycetaceae,Saccharomyces
1165456,GCA_947243785.1,Fungi_Protists,Ascomycota,Saccharomycetes,Saccharomycetales,Saccharomycetaceae,Saccharomyces
1169566,GCA_964248975.1,Fungi_Protists,Basidiomycota,Agaricomycetes,Agaricales,Inocybaceae,Inocybe
117187,GCA_003316975.2,Fungi_Protists,Ascomycota,Sordariomycetes,Hypocreales,Nectriaceae,Fusarium
117187,GCA_051167505.1,Fungi_Protists,Ascomycota,Sordariomycetes,Hypocreales,Nectriaceae,Fusarium
1176355,GCA_022605425.2,Fungi_Protists,Microsporidia,,,Dubosqiidae,Hamiltosporidium
1178016,GCF_000280035.1,Fungi_Protists,Microsporidia,,,Unikaryonidae,Encephalitozoon
1181997,GCA_030389615.1,Fungi_Protists,Ascomycota,Sordariomycetes,Hypocreales,Clavicipitaceae,Epichloe
1182966,GCA_000568005.1,Fungi_Protists,Ascomycota,Saccharomycetes,Saccharomycetales,Saccharomycetaceae,Saccharomyces
120017,GCA_023748715.1,Fungi_Protists,Basidiomycota,Ustilaginomycetes,Ustilaginales,Ustilaginaceae,Ustilago
120040,GCA_013423225.1,Fungi_Protists,Ascomycota,Sordariomycetes,Hypocreales,Nectriaceae,Fusarium
120042,GCA_013347345.2,Fungi_Protists,Ascomycota,Sordariomycetes,Hypocreales,Nectriaceae,Fusarium
1202531,GCA_000400815.2,Fungi_Protists,Ascomycota,Sordariomycetes,Glomerellales,Plectosphaerellaceae,Verticillium
1202976,GCA_018466975.1,Fungi_Protists,Basidiomycota,Agaricomycetes,Polyporales,Sparassidaceae,Sparassis
121618,GCA_029906385.1,Fungi_Protists,Ascomycota,Dothideomycetes,Botryosphaeriales,Botryosphaeriaceae,Neofusicoccum
121627,GCF_013368755.1,Fungi_Protists,Ascomycota,Eurotiomycetes,Eurotiales,Trichocomaceae,Talaromyces
1220207,GCF_016861865.1,Fungi_Protists,Ascomycota,Eurotiomycetes,Eurotiales,Aspergillaceae,Aspergillus
1220207,GCA_016861865.1,Fungi_Protists,Ascomycota,Eurotiomycetes,Eurotiales,Aspergillaceae,Aspergillus
1220494,GCA_905220315.1,Fungi_Protists,Ascomycota,Saccharomycetes,Saccharomycetales,Saccharomycetaceae,Saccharomyces
122368,GCF_002742065.1,Fungi_Protists,Ascomycota,Dothideomycetes,Mycosphaerellales,Mycosphaerellaceae,Cercospora
122368,GCA_963585935.1,Fungi_Protists,Ascomycota,Dothideomycetes,Mycosphaerellales,Mycosphaerellaceae,Cercospora
1230383,GCA_900149145.1,Fungi_Protists,Basidiomycota,Malasseziomycetes,Malasseziales,Malasseziaceae,Malassezia
123925,GCA_964235245.1,Fungi_Protists,Basidiomycota,Agaricomycetes,Agaricales,Clitocybaceae,Collybia
1254446,GCA_029635245.1,Fungi_Protists,Ascomycota,Eurotiomycetes,Onygenales,Nannizziopsiaceae,Nannizziopsis
1266744,GCA_048569275.1,Fungi_Protists,Ascomycota,Eurotiomycetes,Eurotiales,Trichocomaceae,Talaromyces
1268659,GCF_036426115.1,Fungi_Protists,Basidiomycota,Tremellomycetes,Tremellales,Cryptococcaceae,Kwoniella
1276217,GCA_021117315.1,Fungi_Protists,Ascomycota,Sordariomycetes,Diaporthales,Cryphonectriaceae,Immersiporthe
1276529,GCA_900099495.1,Fungi_Protists,Ascomycota,Dothideomycetes,Mycosphaerellales,Mycosphaerellaceae,Zymoseptoria
1276532,GCA_900184115.1,Fungi_Protists,Ascomycota,Dothideomycetes,Mycosphaerellales,Mycosphaerellaceae,Zymoseptoria
1276537,GCA_900184105.1,Fungi_Protists,Ascomycota,Dothideomycetes,Mycosphaerellales,Mycosphaerellaceae,Zymoseptoria
1276538,GCA_900091695.1,Fungi_Protists,Ascomycota,Dothideomycetes,Mycosphaerellales,Mycosphaerellaceae,Zymoseptoria
1278899,GCA_041379975.1,Fungi_Protists,Ascomycota,Sordariomycetes,Hypocreales,Clavicipitaceae,Metarhizium
128442,GCA_001571465.2,Fungi_Protists,Ascomycota,Eurotiomycetes,Eurotiales,Trichocomaceae,Talaromyces
1287682,GCA_016413765.1,Fungi_Protists,Ascomycota,Eurotiomycetes,Eurotiales,Aspergillaceae,Aspergillus
1292971,GCA_000975675.2,Fungi_Protists,Ascomycota,Saccharomycetes,Saccharomycetales,Saccharomycetaceae,Saccharomyces
1293430,GCA_000975705.2,Fungi_Protists,Ascomycota,Saccharomycetes,Saccharomycetales,Saccharomycetaceae,Saccharomyces
1294303,GCA_000975735.4,Fungi_Protists,Ascomycota,Saccharomycetes,Saccharomycetales,Saccharomycetaceae,Saccharomyces
1294304,GCA_000975765.2,Fungi_Protists,Ascomycota,Saccharomycetes,Saccharomycetales,Saccharomycetaceae,Saccharomyces
1294305,GCA_000975585.2,Fungi_Protists,Ascomycota,Saccharomycetes,Saccharomycetales,Saccharomycetaceae,Saccharomyces
1294306,GCA_000975615.2,Fungi_Protists,Ascomycota,Saccharomycetes,Saccharomycetales,Saccharomycetaceae,Saccharomyces
1294307,GCA_000975795.2,Fungi_Protists,Ascomycota,Saccharomycetes,Saccharomycetales,Saccharomycetaceae,Saccharomyces
1294308,GCA_000975825.2,Fungi_Protists,Ascomycota,Saccharomycetes,Saccharomycetales,Saccharomycetaceae,Saccharomyces
1294310,GCA_000975975.3,Fungi_Protists,Ascomycota,Saccharomycetes,Saccharomycetales,Saccharomycetaceae,Saccharomyces
1294311,GCA_000976035.2,Fungi_Protists,Ascomycota,Saccharomycetes,Saccharomycetales,Saccharomycetaceae,Saccharomyces
1294312,GCA_000976065.2,Fungi_Protists,Ascomycota,Saccharomycetes,Saccharomycetales,Saccharomycetaceae,Saccharomyces
1294313,GCA_000976095.2,Fungi_Protists,Ascomycota,Saccharomycetes,Saccharomycetales,Saccharomycetaceae,Saccharomyces
1294314,GCA_000976125.2,Fungi_Protists,Ascomycota,Saccharomycetes,Saccharomycetales,Saccharomycetaceae,Saccharomyces
1294315,GCA_000976155.4,Fungi_Protists,Ascomycota,Saccharomycetes,Saccharomycetales,Saccharomycetaceae,Saccharomyces
1294317,GCA_000976215.2,Fungi_Protists,Ascomycota,Saccharomycetes,Saccharomycetales,Saccharomycetaceae,Saccharomyces
1294318,GCA_000976245.2,Fungi_Protists,Ascomycota,Saccharomycetes,Saccharomycetales,Saccharomycetaceae,Saccharomyces
1294319,GCA_000976275.4,Fungi_Protists,Ascomycota,Saccharomycetes,Saccharomycetales,Saccharomycetaceae,Saccharomyces
1294320,GCA_000976305.2,Fungi_Protists,Ascomycota,Saccharomycetes,Saccharomycetales,Saccharomycetaceae,Saccharomyces
1294321,GCA_000976335.2,Fungi_Protists,Ascomycota,Saccharomycetes,Saccharomycetales,Saccharomycetaceae,Saccharomyces
1294322,GCA_000976365.2,Fungi_Protists,Ascomycota,Saccharomycetes,Saccharomycetales,Saccharomycetaceae,Saccharomyces
1294323,GCA_000976395.2,Fungi_Protists,Ascomycota,Saccharomycetes,Saccharomycetales,Saccharomycetaceae,Saccharomyces
1294324,GCA_000976425.2,Fungi_Protists,Ascomycota,Saccharomycetes,Saccharomycetales,Saccharomycetaceae,Saccharomyces
1294325,GCA_000976455.3,Fungi_Protists,Ascomycota,Saccharomycetes,Saccharomycetales,Saccharomycetaceae,Saccharomyces
1294326,GCA_000976485.2,Fungi_Protists,Ascomycota,Saccharomycetes,Saccharomycetales,Saccharomycetaceae,Saccharomyces
1294327,GCA_000976515.2,Fungi_Protists,Ascomycota,Saccharomycetes,Saccharomycetales,Saccharomycetaceae,Saccharomyces
1294328,GCA_000976545.2,Fungi_Protists,Ascomycota,Saccharomycetes,Saccharomycetales,Saccharomycetaceae,Saccharomyces
1294329,GCA_000976575.4,Fungi_Protists,Ascomycota,Saccharomycetes,Saccharomycetales,Saccharomycetaceae,Saccharomyces
1294330,GCA_000976605.3,Fungi_Protists,Ascomycota,Saccharomycetes,Saccharomycetales,Saccharomycetaceae,Saccharomyces
1294331,GCA_000662435.2,Fungi_Protists,Ascomycota,Saccharomycetes,Saccharomycetales,Saccharomycetaceae,Saccharomyces
1294332,GCA_000976665.2,Fungi_Protists,Ascomycota,Saccharomycetes,Saccharomycetales,Saccharomycetaceae,Saccharomyces
1294333,GCA_000976695.3,Fungi_Protists,Ascomycota,Saccharomycetes,Saccharomycetales,Saccharomycetaceae,Saccharomyces
1294334,GCA_000976725.3,Fungi_Protists,Ascomycota,Saccharomycetes,Saccharomycetales,Saccharomycetaceae,Saccharomyces
1294335,GCA_000976755.2,Fungi_Protists,Ascomycota,Saccharomycetes,Saccharomycetales,Saccharomycetaceae,Saccharomyces
1294336,GCA_000976785.2,Fungi_Protists,Ascomycota,Saccharomycetes,Saccharomycetales,Saccharomycetaceae,Saccharomyces
1294337,GCA_000976815.3,Fungi_Protists,Ascomycota,Saccharomycetes,Saccharomycetales,Saccharomycetaceae,Saccharomyces
1294338,GCA_000976845.3,Fungi_Protists,Ascomycota,Saccharomycetes,Saccharomycetales,Saccharomycetaceae,Saccharomyces
1294339,GCA_000976875.3,Fungi_Protists,Ascomycota,Saccharomycetes,Saccharomycetales,Saccharomycetaceae,Saccharomyces
1294340,GCA_000976905.2,Fungi_Protists,Ascomycota,Saccharomycetes,Saccharomycetales,Saccharomycetaceae,Saccharomyces
1294341,GCA_000976935.2,Fungi_Protists,Ascomycota,Saccharomycetes,Saccharomycetales,Saccharomycetaceae,Saccharomyces
1294342,GCA_000976965.3,Fungi_Protists,Ascomycota,Saccharomycetes,Saccharomycetales,Saccharomycetaceae,Saccharomyces
1294343,GCA_000976995.2,Fungi_Protists,Ascomycota,Saccharomycetes,Saccharomycetales,Saccharomycetaceae,Saccharomyces
1294344,GCA_000977025.2,Fungi_Protists,Ascomycota,Saccharomycetes,Saccharomycetales,Saccharomycetaceae,Saccharomyces
1294345,GCA_000977055.4,Fungi_Protists,Ascomycota,Saccharomycetes,Saccharomycetales,Saccharomycetaceae,Saccharomyces
1294346,GCA_000977085.2,Fungi_Protists,Ascomycota,Saccharomycetes,Saccharomycetales,Saccharomycetaceae,Saccharomyces
1294347,GCA_000977115.3,Fungi_Protists,Ascomycota,Saccharomycetes,Saccharomycetales,Saccharomycetaceae,Saccharomyces
1294348,GCA_000977145.2,Fungi_Protists,Ascomycota,Saccharomycetes,Saccharomycetales,Saccharomycetaceae,Saccharomyces
1294349,GCA_000977175.3,Fungi_Protists,Ascomycota,Saccharomycetes,Saccharomycetales,Saccharomycetaceae,Saccharomyces
1294350,GCA_000977205.2,Fungi_Protists,Ascomycota,Saccharomycetes,Saccharomycetales,Saccharomycetaceae,Saccharomyces
1294351,GCA_000977235.2,Fungi_Protists,Ascomycota,Saccharomycetes,Saccharomycetales,Saccharomycetaceae,Saccharomyces
1294352,GCA_000977265.3,Fungi_Protists,Ascomycota,Saccharomycetes,Saccharomycetales,Saccharomycetaceae,Saccharomyces
1294353,GCA_000977295.3,Fungi_Protists,Ascomycota,Saccharomycetes,Saccharomycetales,Saccharomycetaceae,Saccharomyces
1294354,GCA_000977325.2,Fungi_Protists,Ascomycota,Saccharomycetes,Saccharomycetales,Saccharomycetaceae,Saccharomyces
1294355,GCA_000977355.3,Fungi_Protists,Ascomycota,Saccharomycetes,Saccharomycetales,Saccharomycetaceae,Saccharomyces
1294356,GCA_000977385.2,Fungi_Protists,Ascomycota,Saccharomycetes,Saccharomycetales,Saccharomycetaceae,Saccharomyces
1294357,GCA_000977415.2,Fungi_Protists,Ascomycota,Saccharomycetes,Saccharomycetales,Saccharomycetaceae,Saccharomyces
1294358,GCA_000977445.2,Fungi_Protists,Ascomycota,Saccharomycetes,Saccharomycetales,Saccharomycetaceae,Saccharomyces
1294359,GCA_000977475.3,Fungi_Protists,Ascomycota,Saccharomycetes,Saccharomycetales,Saccharomycetaceae,Saccharomyces
1294360,GCA_000977505.2,Fungi_Protists,Ascomycota,Saccharomycetes,Saccharomycetales,Saccharomycetaceae,Saccharomyces
1294361,GCA_000977535.2,Fungi_Protists,Ascomycota,Saccharomycetes,Saccharomycetales,Saccharomycetaceae,Saccharomyces
1294362,GCA_000977565.2,Fungi_Protists,Ascomycota,Saccharomycetes,Saccharomycetales,Saccharomycetaceae,Saccharomyces
1294363,GCA_000977595.3,Fungi_Protists,Ascomycota,Saccharomycetes,Saccharomycetales,Saccharomycetaceae,Saccharomyces
1294364,GCA_000977625.3,Fungi_Protists,Ascomycota,Saccharomycetes,Saccharomycetales,Saccharomycetaceae,Saccharomyces
1294365,GCA_000977655.2,Fungi_Protists,Ascomycota,Saccharomycetes,Saccharomycetales,Saccharomycetaceae,Saccharomyces
1294366,GCA_000977685.2,Fungi_Protists,Ascomycota,Saccharomycetes,Saccharomycetales,Saccharomycetaceae,Saccharomyces
1294367,GCA_000977715.4,Fungi_Protists,Ascomycota,Saccharomycetes,Saccharomycetales,Saccharomycetaceae,Saccharomyces
1294368,GCA_000977745.2,Fungi_Protists,Ascomycota,Saccharomycetes,Saccharomycetales,Saccharomycetaceae,Saccharomyces
1294370,GCA_000977805.2,Fungi_Protists,Ascomycota,Saccharomycetes,Saccharomycetales,Saccharomycetaceae,Saccharomyces
1294371,GCA_000977835.2,Fungi_Protists,Ascomycota,Saccharomycetes,Saccharomycetales,Saccharomycetaceae,Saccharomyces
1294372,GCA_000977865.2,Fungi_Protists,Ascomycota,Saccharomycetes,Saccharomycetales,Saccharomycetaceae,Saccharomyces
1294373,GCA_000977895.3,Fungi_Protists,Ascomycota,Saccharomycetes,Saccharomycetales,Saccharomycetaceae,Saccharomyces
1294374,GCA_000977925.3,Fungi_Protists,Ascomycota,Saccharomycetes,Saccharomycetales,Saccharomycetaceae,Saccharomyces
1294375,GCA_000977955.2,Fungi_Protists,Ascomycota,Saccharomycetes,Saccharomycetales,Saccharomycetaceae,Saccharomyces
1294376,GCA_000977985.2,Fungi_Protists,Ascomycota,Saccharomycetes,Saccharomycetales,Saccharomycetaceae,Saccharomyces
1294377,GCA_000978015.2,Fungi_Protists,Ascomycota,Saccharomycetes,Saccharomycetales,Saccharomycetaceae,Saccharomyces
1294379,GCA_000978075.3,Fungi_Protists,Ascomycota,Saccharomycetes,Saccharomycetales,Saccharomycetaceae,Saccharomyces
1294380,GCA_000978105.2,Fungi_Protists,Ascomycota,Saccharomycetes,Saccharomycetales,Saccharomycetaceae,Saccharomyces
1294381,GCA_000978135.2,Fungi_Protists,Ascomycota,Saccharomycetes,Saccharomycetales,Saccharomycetaceae,Saccharomyces
1294382,GCA_000978165.2,Fungi_Protists,Ascomycota,Saccharomycetes,Saccharomycetales,Saccharomycetaceae,Saccharomyces
1294383,GCA_000978195.3,Fungi_Protists,Ascomycota,Saccharomycetes,Saccharomycetales,Saccharomycetaceae,Saccharomyces
1294384,GCA_000978225.2,Fungi_Protists,Ascomycota,Saccharomycetes,Saccharomycetales,Saccharomycetaceae,Saccharomyces
1294385,GCA_000978255.2,Fungi_Protists,Ascomycota,Saccharomycetes,Saccharomycetales,Saccharomycetaceae,Saccharomyces
1294386,GCA_000978285.2,Fungi_Protists,Ascomycota,Saccharomycetes,Saccharomycetales,Saccharomycetaceae,Saccharomyces
1294387,GCA_000978315.2,Fungi_Protists,Ascomycota,Saccharomycetes,Saccharomycetales,Saccharomycetaceae,Saccharomyces
1294388,GCA_000978345.2,Fungi_Protists,Ascomycota,Saccharomycetes,Saccharomycetales,Saccharomycetaceae,Saccharomyces
1295531,GCF_001720195.1,Fungi_Protists,Basidiomycota,Tremellomycetes,Tremellales,Cryptococcaceae,Cryptococcus
1295534,GCF_036810415.1,Fungi_Protists,Basidiomycota,Tremellomycetes,Tremellales,Cryptococcaceae,Kwoniella
1296096,GCF_000512605.2,Fungi_Protists,Basidiomycota,Tremellomycetes,Tremellales,Cryptococcaceae,Kwoniella
1296100,GCF_000512585.2,Fungi_Protists,Basidiomycota,Tremellomycetes,Tremellales,Cryptococcaceae,Kwoniella
1296105,GCF_000835755.1,Fungi_Protists,Basidiomycota,Tremellomycetes,Tremellales,Cryptococcaceae,Cryptococcus
1296109,GCF_000836335.1,Fungi_Protists,Basidiomycota,Tremellomycetes,Tremellales,Cryptococcaceae,Cryptococcus
1296121,GCF_000512565.2,Fungi_Protists,Basidiomycota,Tremellomycetes,Tremellales,Cryptococcaceae,Kwoniella
1296122,GCF_000507465.2,Fungi_Protists,Basidiomycota,Tremellomycetes,Tremellales,Cryptococcaceae,Kwoniella
1296266,GCA_000975645.3,Fungi_Protists,Ascomycota,Saccharomycetes,Saccharomycetales,Saccharomycetaceae,Saccharomyces
1300067,GCA_000633125.1,Fungi_Protists,Basidiomycota,Agaricomycetes,Agaricales,Physalacriaceae,Flammulina
1301332,GCA_965225635.1,Fungi_Protists,Ascomycota,Lecanoromycetes,Teloschistales,Teloschistaceae,Flavoplaca
132580,GCA_050230855.1,Fungi_Protists,Ascomycota,Sordariomycetes,Glomerellales,Plectosphaerellaceae,Verticillium
1328300,GCF_025433545.1,Fungi_Protists,Ascomycota,Sordariomycetes,Hypocreales,Nectriaceae,Fusarium
1331945,GCA_020647705.1,Fungi_Protists,Ascomycota,Sordariomycetes,Hypocreales,Hypocreaceae,Trichoderma
1341132,GCA_030015405.1,Fungi_Protists,Ascomycota,Eurotiomycetes,Eurotiales,Aspergillaceae,Aspergillus
1342318,GCA_047716335.1,Fungi_Protists,Ascomycota,Pichiomycetes,Pichiales,Pichiaceae,Komagataella
13502,GCF_011074865.1,Fungi_Protists,Ascomycota,Pichiomycetes,Pichiales,Pichiaceae,Brettanomyces
13684,GCA_002267005.1,Fungi_Protists,Ascomycota,Dothideomycetes,Pleosporales,Phaeosphaeriaceae,Parastagonospora
13684,GCA_008452785.1,Fungi_Protists,Ascomycota,Dothideomycetes,Pleosporales,Phaeosphaeriaceae,Parastagonospora
1380566,GCF_001653235.2,Fungi_Protists,Ascomycota,Sordariomycetes,Hypocreales,Clavicipitaceae,Pochonia
1381934,GCA_029542885.1,Fungi_Protists,Basidiomycota,Malasseziomycetes,Malasseziales,Malasseziaceae,Malassezia
1381935,GCA_029542865.1,Fungi_Protists,Basidiomycota,Malasseziomycetes,Malasseziales,Malasseziaceae,Malassezia
1396488,GCA_002216205.1,Fungi_Protists,Basidiomycota,Tremellomycetes,Tremellales,Cryptococcaceae,Cryptococcus
1398758,GCA_951640195.1,Fungi_Protists,Basidiomycota,Agaricomycetes,Agaricales,Hygrophoraceae,Porpolomopsis
1423913,GCF_036810445.1,Fungi_Protists,Basidiomycota,Tremellomycetes,Tremellales,Cryptococcaceae,Kwoniella
1423914,GCA_036810365.1,Fungi_Protists,Basidiomycota,Tremellomycetes,Tremellales,Cryptococcaceae,Kwoniella
1423916,GCA_053525085.1,Fungi_Protists,Basidiomycota,Tremellomycetes,Tremellales,Cryptococcaceae,Cryptococcus
1423917,GCA_053525075.1,Fungi_Protists,Basidiomycota,Tremellomycetes,Tremellales,Cryptococcaceae,Cryptococcus
1423918,GCA_053525095.1,Fungi_Protists,Basidiomycota,Tremellomycetes,Tremellales,Cryptococcaceae,Cryptococcus
1423932,GCA_053525195.1,Fungi_Protists,Basidiomycota,Tremellomycetes,Tremellales,Cryptococcaceae,Cryptococcus
1423934,GCA_053525155.1,Fungi_Protists,Basidiomycota,Tremellomycetes,Tremellales,Cryptococcaceae,Cryptococcus
1423935,GCA_053525145.1,Fungi_Protists,Basidiomycota,Tremellomycetes,Tremellales,Cryptococcaceae,Cryptococcus
1423939,GCA_053525205.1,Fungi_Protists,Basidiomycota,Tremellomycetes,Tremellales,Cryptococcaceae,Cryptococcus
1423948,GCA_053525215.1,Fungi_Protists,Basidiomycota,Tremellomycetes,Tremellales,Cryptococcaceae,Cryptococcus
1423951,GCA_053525135.1,Fungi_Protists,Basidiomycota,Tremellomycetes,Tremellales,Cryptococcaceae,Cryptococcus
143232,GCF_020906515.1,Fungi_Protists,Basidiomycota,Tremellomycetes,Trichosporonales,Trichosporonaceae,Vanrija
1434269,GCA_000733235.3,Fungi_Protists,Ascomycota,Saccharomycetes,Saccharomycetales,Saccharomycetaceae,Saccharomyces
1437815,GCA_000613145.2,Fungi_Protists,Ascomycota,Dipodascomycetes,Dipodascales,,Yarrowia
1441469,GCA_051125915.1,Fungi_Protists,Ascomycota,Eurotiomycetes,Eurotiales,Trichocomaceae,Talaromyces
1445506,GCA_000590845.2,Fungi_Protists,Ascomycota,Dipodascomycetes,Dipodascales,,Yarrowia
1445506,GCA_037223515.1,Fungi_Protists,Ascomycota,Dipodascomycetes,Dipodascales,,Yarrowia
145971,GCF_023278565.1,Fungi_Protists,Ascomycota,Sordariomycetes,Glomerellales,Glomerellaceae,Colletotrichum
1463510,GCA_976943335.1,Fungi_Protists,Basidiomycota,Exobasidiomycetes,Microstromatales,,Parajaminaea
1464785,GCA_029959195.1,Fungi_Protists,Basidiomycota,Agaricomycetes,Phallales,Phallaceae,Dictyophora
1471999,GCA_964638085.1,Fungi_Protists,Basidiomycota,Agaricomycetes,Agaricales,Hygrophoraceae,Gliophorus
1471999,GCA_964638125.1,Fungi_Protists,Basidiomycota,Agaricomycetes,Agaricales,Hygrophoraceae,Gliophorus
148305,GCF_004355905.1,Fungi_Protists,Ascomycota,Sordariomycetes,Magnaporthales,Pyriculariaceae,Pyricularia
148313,GCA_965644035.1,Fungi_Protists,Ascomycota,Sordariomycetes,Diaporthales,Gnomoniaceae,Discula
1484957,GCA_024752435.1,Fungi_Protists,Ascomycota,Leotiomycetes,Phacidiales,Phacidiaceae,Allantophomopsis
148631,GCA_963924405.1,Fungi_Protists,Ascomycota,Pichiomycetes,Serinales,Debaryomycetaceae,Kurtzmaniella
1491008,GCA_020045945.2,Fungi_Protists,Ascomycota,Sordariomycetes,Hypocreales,Hypocreaceae,Trichoderma
1491479,GCA_019565615.1,Fungi_Protists,Ascomycota,Sordariomycetes,Hypocreales,Hypocreaceae,Trichoderma
150365,GCA_033807595.1,Fungi_Protists,Ascomycota,Dothideomycetes,Mycosphaerellales,Teratosphaeriaceae,Acrodontium
1514897,GCA_029542905.1,Fungi_Protists,Basidiomycota,Malasseziomycetes,Malasseziales,Malasseziaceae,Malassezia
152933,GCA_964235335.1,Fungi_Protists,Basidiomycota,Agaricomycetes,Russulales,Russulaceae,Lactarius
152947,GCA_963281015.1,Fungi_Protists,Basidiomycota,Agaricomycetes,Russulales,Russulaceae,Lactarius
152964,GCA_964656355.1,Fungi_Protists,Basidiomycota,Agaricomycetes,Russulales,Russulaceae,Russula
152964,GCA_964656295.1,Fungi_Protists,Basidiomycota,Agaricomycetes,Russulales,Russulaceae,Russula
152966,GCA_963926505.1,Fungi_Protists,Basidiomycota,Agaricomycetes,Russulales,Russulaceae,Russula
152972,GCA_965121685.1,Fungi_Protists,Basidiomycota,Agaricomycetes,Russulales,Russulaceae,Russula
1543685,GCA_024584535.1,Fungi_Protists,Ascomycota,Sordariomycetes,Glomerellales,Glomerellaceae,Colletotrichum
155726,GCA_054130635.1,Fungi_Protists,Mucoromycota,Mucoromycetes,Mucorales,Cunninghamellaceae,Cunninghamella
1562205,GCA_046115455.1,Fungi_Protists,Ascomycota,Sordariomycetes,Amphisphaeriales,Sporocadaceae,Neopestalotiopsis
1568907,GCA_047834895.1,Fungi_Protists,Ascomycota,Dothideomycetes,Pleosporales,Pleosporaceae,Alternaria
157483,GCA_963422465.1,Fungi_Protists,Ascomycota,Lichinomycetes,Lichinales,Lichinaceae,Lichina
1578925,GCF_004337985.1,Fungi_Protists,Ascomycota,Sordariomycetes,Magnaporthales,Pyriculariaceae,Pyricularia
160389,GCA_019059555.1,Fungi_Protists,Ascomycota,Dothideomycetes,Pleosporales,Pleosporaceae,Alternaria
1616224,GCA_021378265.1,Fungi_Protists,Ascomycota,Sordariomycetes,Hypocreales,Clavicipitaceae,Epichloe
161978,GCA_965645245.1,Fungi_Protists,Ascomycota,Lecanoromycetes,Peltigerales,Massalongiaceae,Massalongia
1651941,GCF_039105145.1,Fungi_Protists,Basidiomycota,Tremellomycetes,Tremellales,Cryptococcaceae,Kwoniella
1659837,GCA_026367775.1,Fungi_Protists,Ascomycota,Dothideomycetes,Pleosporales,Pleosporaceae,Exserohilum
1659846,GCA_033182465.1,Fungi_Protists,Basidiomycota,Agaricomycetes,Hymenochaetales,Hymenochaetaceae,Sanghuangporus
168172,GCF_021901695.1,Fungi_Protists,Basidiomycota,Pucciniomycetes,Pucciniales,Pucciniaceae,Puccinia
1689686,GCA_905067625.1,Fungi_Protists,Ascomycota,Leotiomycetes,Erysiphales,Erysiphaceae,Blumeria
170446,GCA_016906555.1,Fungi_Protists,Basidiomycota,Agaricomycetes,Cantharellales,Ceratobasidiaceae,Ceratobasidium
1725355,GCA_001936135.1,Fungi_Protists,Ascomycota,Saccharomycetes,Ascoideales,Saccharomycopsidaceae,Saccharomycopsis
1734106,GCF_008629635.2,Fungi_Protists,Basidiomycota,Tremellomycetes,Tremellales,Cryptococcaceae,Kwoniella
174074,GCA_947623385.2,Fungi_Protists,Ascomycota,Lecanoromycetes,Lecanorales,Cladoniaceae,Cladonia
174425,GCA_965642285.1,Fungi_Protists,Ascomycota,Lichinomycetes,Lichinales,Lichinaceae,Lichina
175686,GCA_041442975.1,Fungi_Protists,Basidiomycota,Agaricomycetes,Hymenochaetales,Hymenochaetaceae,Sanghuangporus
176009,GCA_964197685.1,Fungi_Protists,Basidiomycota,Agaricomycetes,Agaricales,Tricholomataceae,Tricholoma
176275,GCA_014607475.1,Fungi_Protists,Ascomycota,Sordariomycetes,Hypocreales,Cordycipitaceae,Beauveria
176794,GCA_975961605.1,Fungi_Protists,Basidiomycota,Agaricomycetes,Russulales,Russulaceae,Russula
1775926,GCF_963989305.1,Fungi_Protists,Ascomycota,Pichiomycetes,Serinales,Debaryomycetaceae,Lodderomyces
1775926,GCA_963989305.1,Fungi_Protists,Ascomycota,Pichiomycetes,Serinales,Debaryomycetaceae,Lodderomyces
1779456,GCA_964034925.1,Fungi_Protists,Basidiomycota,Agaricomycetes,Agaricales,Tricholomataceae,Tricholoma
180528,GCA_029542845.1,Fungi_Protists,Basidiomycota,Malasseziomycetes,Malasseziales,Malasseziaceae,Malassezia
181123,GCA_023105775.2,Fungi_Protists,Basidiomycota,Pucciniomycetes,Pucciniales,Sphaerophragmiaceae,Austropuccinia
181123,GCA_023105745.2,Fungi_Protists,Basidiomycota,Pucciniomycetes,Pucciniales,Sphaerophragmiaceae,Austropuccinia
181124,GCA_025815895.1,Fungi_Protists,Basidiomycota,Agaricomycetes,Agaricales,Marasmiaceae,Marasmius
181124,GCF_018924745.1,Fungi_Protists,Basidiomycota,Agaricomycetes,Agaricales,Marasmiaceae,Marasmius
181762,GCF_017499595.1,Fungi_Protists,Basidiomycota,Agaricomycetes,Agaricales,Strophariaceae,Psilocybe
182092,GCA_032594075.1,Fungi_Protists,Ascomycota,Leotiomycetes,Helotiales,Sclerotiniaceae,Botrytis
182096,GCF_016861735.1,Fungi_Protists,Ascomycota,Eurotiomycetes,Eurotiales,Aspergillaceae,Aspergillus
182096,GCA_016861735.1,Fungi_Protists,Ascomycota,Eurotiomycetes,Eurotiales,Aspergillaceae,Aspergillus
1821822,GCA_029542985.1,Fungi_Protists,Basidiomycota,Malasseziomycetes,Malasseziales,Malasseziaceae,Malassezia
1821823,GCA_029542765.1,Fungi_Protists,Basidiomycota,Malasseziomycetes,Malasseziales,Malasseziaceae,Malassezia
182845,GCA_024515735.1,Fungi_Protists,Ascomycota,Sordariomycetes,Hypocreales,Nectriaceae,Calonectria
1859122,GCF_036417295.1,Fungi_Protists,Basidiomycota,Tremellomycetes,Tremellales,Cryptococcaceae,Cryptococcus
1890680,GCA_977066725.1,Fungi_Protists,Basidiomycota,Tremellomycetes,Trichosporonales,Tetragoniomycetaceae,Cryptotrichosporon
190013,GCA_963576785.1,Fungi_Protists,Basidiomycota,Agaricomycetes,Agaricales,Agaricaceae,Chlorophyllum
1910964,GCA_977013585.1,Fungi_Protists,Mucoromycota,Mortierellomycetes,Mortierellales,Mortierellaceae,Linnemannia
191333,GCA_045529685.1,Fungi_Protists,Ascomycota,Dipodascomycetes,Dipodascales,Trichomonascaceae,Blastobotrys
191333,GCA_045529695.1,Fungi_Protists,Ascomycota,Dipodascomycetes,Dipodascales,Trichomonascaceae,Blastobotrys
191334,GCA_036871495.1,Fungi_Protists,Ascomycota,Dipodascomycetes,Dipodascales,Trichomonascaceae,Blastobotrys
192523,GCA_001682475.1,Fungi_Protists,Basidiomycota,Agaricomycetes,Agaricales,Agaricaceae,Agaricus
192524,GCA_014872705.1,Fungi_Protists,Basidiomycota,Agaricomycetes,Agaricales,Agaricaceae,Agaricus
194684,GCA_051903565.1,Fungi_Protists,Basidiomycota,Agaricomycetes,Polyporales,Irpicaceae,Irpex
195108,GCF_026873545.1,Fungi_Protists,Ascomycota,Sordariomycetes,Hypocreales,Nectriaceae,Fusarium
196228,GCA_042608485.1,Fungi_Protists,Basidiomycota,Agaricomycetes,Polyporales,Ischnodermataceae,Ischnoderma
1987369,GCA_900290405.1,Fungi_Protists,Ascomycota,Saccharomycetes,Saccharomycetales,Saccharomycetaceae,Saccharomyces
2020962,GCF_029542925.1,Fungi_Protists,Basidiomycota,Malasseziomycetes,Malasseziales,Malasseziaceae,Malassezia
2022760,GCA_029489945.1,Fungi_Protists,Ascomycota,Sordariomycetes,Amphisphaeriales,Apiosporaceae,Nigrospora
2029752,GCA_015678955.1,Fungi_Protists,Ascomycota,Sordariomycetes,Diaporthales,Cryphonectriaceae,Chrysoporthe
2034170,GCF_028502605.1,Fungi_Protists,Ascomycota,Sordariomycetes,Hypocreales,Hypocreaceae,Trichoderma
205686,GCA_016097375.2,Fungi_Protists,Ascomycota,Dothideomycetes,Pleosporales,Didymellaceae,Ascochyta
205924,GCA_963573315.1,Fungi_Protists,Mucoromycota,Mortierellomycetes,Mortierellales,Mortierellaceae,Entomortierella
2060973,GCF_022605165.1,Fungi_Protists,Ascomycota,Sordariomycetes,Hypocreales,Ophiocordycipitaceae,Purpureocillium
2065218,GCA_050655635.1,Fungi_Protists,Basidiomycota,Pucciniomycetes,Pucciniales,Pucciniaceae,Puccinia
2070801,GCA_029449355.1,Fungi_Protists,Ascomycota,Eurotiomycetes,Onygenales,Nannizziopsiaceae,Emydomyces
2074862,GCA_965654425.1,Fungi_Protists,Basidiomycota,Agaricomycetes,Agaricales,Omphalotaceae,Rhodocollybia
208348,GCA_019358815.1,Fungi_Protists,Basidiomycota,Pucciniomycetes,Pucciniales,Pucciniaceae,Puccinia
209136,GCA_033220425.1,Fungi_Protists,Ascomycota,Lecanoromycetes,Lecanorales,Stereocaulaceae,Lepraria
2093215,GCA_044344055.1,Fungi_Protists,Ascomycota,Pichiomycetes,Serinales,Metschnikowiaceae,Candidozyma
2093777,GCF_035222275.1,Fungi_Protists,Ascomycota,Sordariomycetes,Sordariales,Podosporaceae,Podospora
2093779,GCF_035222375.1,Fungi_Protists,Ascomycota,Sordariomycetes,Sordariales,Podosporaceae,Podospora
2093780,GCF_035222475.1,Fungi_Protists,Ascomycota,Sordariomycetes,Sordariales,Podosporaceae,Podospora
211097,GCA_030370665.1,Fungi_Protists,Ascomycota,Saccharomycetes,Saccharomycodales,Saccharomycodaceae,Hanseniaspora
214684,GCF_000091045.1,Fungi_Protists,Basidiomycota,Tremellomycetes,Tremellales,Cryptococcaceae,Cryptococcus
215465,GCA_024114885.1,Fungi_Protists,Ascomycota,Dothideomycetes,Mycosphaerellales,Mycosphaerellaceae,Septoria
2163413,GCA_004217705.1,Fungi_Protists,Ascomycota,Pichiomycetes,Serinales,Metschnikowiaceae,Metschnikowia
2173144,GCA_041721605.1,Fungi_Protists,Ascomycota,Sordariomycetes,Magnaporthales,Pyriculariaceae,Pyricularia
218633,GCA_050574885.1,Fungi_Protists,Ascomycota,Sordariomycetes,Hypocreales,Cordycipitaceae,Cordyceps
222052,GCA_965275855.1,Fungi_Protists,Basidiomycota,Agaricomycetes,Agaricales,Cortinariaceae,Phlegmacium
2231603,GCF_028009165.1,Fungi_Protists,Ascomycota,Sordariomycetes,Hypocreales,Cordycipitaceae,Akanthomyces
223818,GCF_029542785.1,Fungi_Protists,Basidiomycota,Malasseziomycetes,Malasseziales,Malasseziaceae,Malassezia
226126,GCF_947241705.1,Fungi_Protists,Ascomycota,Saccharomycetes,Saccharomycetales,Saccharomycetaceae,Saccharomyces
226230,GCF_947243775.1,Fungi_Protists,Ascomycota,Saccharomycetes,Saccharomycetales,Saccharomycetaceae,Saccharomyces
2268375,GCA_963580335.1,Fungi_Protists,Ascomycota,Sordariomycetes,Ophiostomatales,Ophiostomataceae,Leptographium
2268382,GCA_009650685.1,Fungi_Protists,Basidiomycota,Tremellomycetes,Tremellales,Cryptococcaceae,Cryptococcus
2268990,GCA_042466605.1,Fungi_Protists,Ascomycota,Saccharomycetes,Saccharomycodales,Saccharomycodaceae,Hanseniaspora
227321,GCF_000011425.1,Fungi_Protists,Ascomycota,Eurotiomycetes,Eurotiales,Aspergillaceae,Aspergillus
2282107,GCA_002287475.2,Fungi_Protists,Basidiomycota,Agaricomycetes,Hymenochaetales,Hymenochaetaceae,Pyrrhoderma
2283408,GCA_051148585.1,Fungi_Protists,Ascomycota,Sordariomycetes,Glomerellales,Glomerellaceae,Colletotrichum
229533,GCF_000240135.3,Fungi_Protists,Ascomycota,Sordariomycetes,Hypocreales,Nectriaceae,Fusarium
230603,GCA_019953615.1,Fungi_Protists,Ascomycota,Saccharomycetes,Saccharomycetales,Saccharomycetaceae,Saccharomyces
230603,GCA_027557585.1,Fungi_Protists,Ascomycota,Saccharomycetes,Saccharomycetales,Saccharomycetaceae,Saccharomyces
230827,GCA_964187995.1,Fungi_Protists,Basidiomycota,Agaricomycetes,Agaricales,Paralepistaceae,Ripartites
2315449,GCF_029203305.1,Fungi_Protists,Ascomycota,Pichiomycetes,Serinales,Debaryomycetaceae,Yamadazyma
2320235,GCA_033439255.1,Fungi_Protists,Basidiomycota,Agaricomycetes,Russulales,Hericiaceae,Hericium
235443,GCA_011801205.1,Fungi_Protists,Basidiomycota,Tremellomycetes,Tremellales,Cryptococcaceae,Cryptococcus
235443,GCF_000149245.1,Fungi_Protists,Basidiomycota,Tremellomycetes,Tremellales,Cryptococcaceae,Cryptococcus
237561,GCF_000182965.3,Fungi_Protists,Ascomycota,Pichiomycetes,Serinales,Debaryomycetaceae,Candida
242507,GCF_000002495.2,Fungi_Protists,Ascomycota,Sordariomycetes,Magnaporthales,Pyriculariaceae,Pyricularia
249478,GCA_014826065.1,Fungi_Protists,Basidiomycota,Ustilaginomycetes,Ustilaginales,Ustilaginaceae,Anthracocystis
2496157,GCA_051013725.1,Fungi_Protists,Ascomycota,Dipodascomycetes,Dipodascales,Dipodascaceae,Magnusiomyces
2502994,GCA_040822265.1,Fungi_Protists,Ascomycota,Sordariomycetes,Hypocreales,Nectriaceae,Fusarium
251360,GCA_054130785.1,Fungi_Protists,Ascomycota,Sordariomycetes,Hypocreales,Nectriaceae,Fusarium
252803,GCA_013177335.1,Fungi_Protists,Basidiomycota,Tremellomycetes,Trichosporonales,Trichosporonaceae,Apiotrichum
253288,GCA_029542965.1,Fungi_Protists,Basidiomycota,Malasseziomycetes,Malasseziales,Malasseziaceae,Malassezia
2545709,GCF_027921745.1,Fungi_Protists,Ascomycota,Schizosaccharomycetes,Schizosaccharomycetales,Schizosaccharomycetaceae,Schizosaccharomyces
2570311,GCA_021378235.1,Fungi_Protists,Ascomycota,Sordariomycetes,Hypocreales,Clavicipitaceae,Epichloe
2587412,GCA_017654855.1,Fungi_Protists,Ascomycota,Sordariomycetes,Sordariales,Podosporaceae,Podospora
2591691,GCA_006352305.1,Fungi_Protists,Basidiomycota,Tremellomycetes,Tremellales,Cryptococcaceae,Cryptococcus
2594544,GCA_051132625.1,Fungi_Protists,Ascomycota,Sordariomycetes,Xylariales,Hypoxylaceae,Hypoxylon
2602009,GCA_039700795.1,Fungi_Protists,Ascomycota,Dothideomycetes,Pleosporales,Didymosphaeriaceae,Laburnicola
2609844,GCF_035222485.1,Fungi_Protists,Ascomycota,Sordariomycetes,Sordariales,Podosporaceae,Podospora
264083,GCA_951802425.1,Fungi_Protists,Basidiomycota,Agaricomycetes,Agaricales,Clavariaceae,Clavaria
264951,GCA_003990805.1,Fungi_Protists,Ascomycota,Eurotiomycetes,Eurotiales,Thermoascaceae,Paecilomyces
2696576,GCA_003999685.1,Fungi_Protists,Basidiomycota,Agaricomycetes,Polyporales,Taiwanofungaceae,Taiwanofungus
2698480,GCA_018127085.1,Fungi_Protists,Ascomycota,Pneumocystomycetes,Pneumocystales,Pneumocystaceae,Pneumocystis
2709074,GCA_965217405.1,Fungi_Protists,Basidiomycota,Agaricomycetes,Gomphales,Gomphaceae,Phaeoclavulina
271129,GCA_023273805.1,Fungi_Protists,Basidiomycota,Exobasidiomycetes,Exobasidiales,Exobasidiaceae,Exobasidium
27288,GCF_000237345.1,Fungi_Protists,Ascomycota,Saccharomycetes,Saccharomycetales,Saccharomycetaceae,Naumovozyma
27291,GCF_002079055.1,Fungi_Protists,Ascomycota,Saccharomycetes,Saccharomycetales,Saccharomycetaceae,Saccharomyces
27292,GCA_011022315.1,Fungi_Protists,Ascomycota,Saccharomycetes,Saccharomycetales,Saccharomycetaceae,Saccharomyces
27293,GCA_964275055.1,Fungi_Protists,Ascomycota,Saccharomycetes,Saccharomycetales,Saccharomycetaceae,Monosporozyma
27294,GCA_964275045.1,Fungi_Protists,Ascomycota,Saccharomycetes,Saccharomycetales,Saccharomycetaceae,Monosporozyma
27327,GCA_003401635.1,Fungi_Protists,Ascomycota,Pichiomycetes,Serinales,Metschnikowiaceae,Metschnikowia
27328,GCA_939531405.1,Fungi_Protists,Ascomycota,Pichiomycetes,Serinales,Metschnikowiaceae,Metschnikowia
27335,GCA_049907295.1,Fungi_Protists,Ascomycota,Sordariomycetes,Glomerellales,Plectosphaerellaceae,Verticillium
27337,GCA_003320035.1,Fungi_Protists,Ascomycota,Sordariomycetes,Glomerellales,Plectosphaerellaceae,Verticillium
273371,GCA_026650225.1,Fungi_Protists,Ascomycota,Pichiomycetes,Serinales,Debaryomycetaceae,Candida
2747967,GCA_023101225.1,Fungi_Protists,Ascomycota,Sordariomycetes,Hypocreales,Nectriaceae,Fusarium
2747968,GCA_025433535.2,Fungi_Protists,Ascomycota,Sordariomycetes,Hypocreales,Nectriaceae,Fusarium
2750198,GCA_040822225.1,Fungi_Protists,Ascomycota,Sordariomycetes,Hypocreales,Nectriaceae,Fusarium
2770021,GCA_036287355.1,Fungi_Protists,Basidiomycota,Tremellomycetes,Tremellales,Cryptococcaceae,Kwoniella
2770022,GCA_036428585.1,Fungi_Protists,Basidiomycota,Tremellomycetes,Tremellales,Cryptococcaceae,Kwoniella
2770023,GCA_036426225.1,Fungi_Protists,Basidiomycota,Tremellomycetes,Tremellales,Cryptococcaceae,Cryptococcus
2770024,GCA_036428645.1,Fungi_Protists,Basidiomycota,Tremellomycetes,Tremellales,Cryptococcaceae,Kwoniella
2770025,GCA_036427605.1,Fungi_Protists,Basidiomycota,Tremellomycetes,Tremellales,Cryptococcaceae,Cryptococcus
278021,GCA_007674295.1,Fungi_Protists,Microsporidia,,,,Antonospora
278131,GCA_032882995.1,Fungi_Protists,Ascomycota,Schizosaccharomycetes,Schizosaccharomycetales,Schizosaccharomycetaceae,Schizosaccharomyces
2788929,GCA_043792045.1,Fungi_Protists,Basidiomycota,Agaricomycetes,Polyporales,Phaeolaceae,Wolfiporia
2792576,GCA_046529785.1,Fungi_Protists,Ascomycota,Leotiomycetes,Helotiales,Ploettnerulaceae,Rhynchosporium
279322,GCF_030864355.1,Fungi_Protists,Basidiomycota,Tremellomycetes,Trichosporonales,Trichosporonaceae,Cutaneotrichosporon
279322,GCA_030864325.1,Fungi_Protists,Basidiomycota,Tremellomycetes,Trichosporonales,Trichosporonaceae,Cutaneotrichosporon
27973,GCA_024399255.1,Fungi_Protists,Microsporidia,,,Unikaryonidae,Encephalitozoon
279894,GCA_050930895.1,Fungi_Protists,Ascomycota,Dipodascomycetes,Dipodascales,Trichomonascaceae,Sugiyamaella
280036,GCF_005498985.1,Fungi_Protists,Basidiomycota,Ustilaginomycetes,Ustilaginales,Ustilaginaceae,Sporisorium
2802321,GCA_016767195.1,Fungi_Protists,Ascomycota,Dothideomycetes,Pleosporales,Didymellaceae,Stagonosporopsis
282267,GCA_050916195.1,Fungi_Protists,Ascomycota,Sordariomycetes,Hypocreales,Nectriaceae,Fusarium
282269,GCA_032355295.1,Fungi_Protists,Ascomycota,Sordariomycetes,Hypocreales,Nectriaceae,Fusarium
2822767,GCA_965233645.1,Fungi_Protists,Basidiomycota,Agaricomycetes,Agaricales,Inocybaceae,Inocybe
2826930,GCA_020342235.1,Fungi_Protists,Ascomycota,Saccharomycetes,Ascoideales,Saccharomycopsidaceae,Saccharomycopsis
2834323,GCA_021950295.1,Fungi_Protists,Ascomycota,Sordariomycetes,Hypocreales,Clavicipitaceae,Epichloe
283643,GCF_000149385.1,Fungi_Protists,Basidiomycota,Tremellomycetes,Tremellales,Cryptococcaceae,Cryptococcus
284591,GCA_000002525.1,Fungi_Protists,Ascomycota,Dipodascomycetes,Dipodascales,,Yarrowia
284591,GCF_000002525.2,Fungi_Protists,Ascomycota,Dipodascomycetes,Dipodascales,,Yarrowia
284592,GCA_000006445.2,Fungi_Protists,Ascomycota,Pichiomycetes,Serinales,Debaryomycetaceae,Debaryomyces
284592,GCF_000006445.2,Fungi_Protists,Ascomycota,Pichiomycetes,Serinales,Debaryomycetaceae,Debaryomyces
284811,GCF_000091025.4,Fungi_Protists,Ascomycota,Saccharomycetes,Saccharomycetales,Saccharomycetaceae,Eremothecium
284813,GCF_000091225.2,Fungi_Protists,Microsporidia,,,Unikaryonidae,Encephalitozoon
28572,GCA_004299765.1,Fungi_Protists,Ascomycota,Eurotiomycetes,Eurotiales,Trichocomaceae,Talaromyces
2857486,GCA_040104375.1,Fungi_Protists,Ascomycota,Sordariomycetes,Xylariales,Hypoxylaceae,Annulohypoxylon
286661,GCA_001592805.2,Fungi_Protists,Ascomycota,Dothideomycetes,,,Peltaster
2878321,GCA_976943345.1,Fungi_Protists,Basidiomycota,Exobasidiomycetes,Microstromatales,,Jaminaea
2886949,GCA_965113265.1,Fungi_Protists,Ascomycota,Lichinomycetes,Lichinales,Porocyphaceae,Ephebe
28985,GCA_000002515.1,Fungi_Protists,Ascomycota,Saccharomycetes,Saccharomycetales,Saccharomycetaceae,Kluyveromyces
28985,GCF_000002515.2,Fungi_Protists,Ascomycota,Saccharomycetes,Saccharomycetales,Saccharomycetaceae,Kluyveromyces
2898544,GCA_025433565.1,Fungi_Protists,Ascomycota,Sordariomycetes,Hypocreales,Nectriaceae,Fusarium
2898545,GCA_025433615.1,Fungi_Protists,Ascomycota,Sordariomycetes,Hypocreales,Nectriaceae,Fusarium
2902605,GCA_051312685.1,Fungi_Protists,Ascomycota,Eurotiomycetes,Onygenales,Ajellomycetaceae,Histoplasma
291208,GCF_035610405.1,Fungi_Protists,Ascomycota,Pichiomycetes,Serinales,Metschnikowiaceae,Australozyma
291208,GCA_035610405.1,Fungi_Protists,Ascomycota,Pichiomycetes,Serinales,Metschnikowiaceae,Australozyma
2929575,GCA_022965775.1,Fungi_Protists,Ascomycota,Dothideomycetes,Mycosphaerellales,Mycosphaerellaceae,Cercospora
2932746,GCA_032598715.1,Fungi_Protists,Ascomycota,Pichiomycetes,Serinales,Debaryomycetaceae,
294750,GCF_002954075.1,Fungi_Protists,Basidiomycota,Tremellomycetes,Tremellales,Cryptococcaceae,Cryptococcus
294750,GCA_002954075.1,Fungi_Protists,Basidiomycota,Tremellomycetes,Tremellales,Cryptococcaceae,Cryptococcus
2962918,GCA_052815655.1,Fungi_Protists,Basidiomycota,Agaricomycetes,Agaricales,Porotheleaceae,Gerronema
29833,GCA_050947715.1,Fungi_Protists,Ascomycota,Saccharomycetes,Saccharomycodales,Saccharomycodaceae,Hanseniaspora
29833,GCA_050230735.1,Fungi_Protists,Ascomycota,Saccharomycetes,Saccharomycodales,Saccharomycodaceae,Hanseniaspora
29856,GCA_026958235.1,Fungi_Protists,Ascomycota,Sordariomycetes,Hypocreales,Bionectriaceae,Clonostachys
29875,GCA_020647635.1,Fungi_Protists,Ascomycota,Sordariomycetes,Hypocreales,Hypocreaceae,Trichoderma
29879,GCA_965284875.1,Fungi_Protists,Ascomycota,Sordariomycetes,Sordariales,Sordariaceae,Neurospora
29911,GCA_036768455.1,Fungi_Protists,Ascomycota,Dothideomycetes,Pleosporales,Pleosporaceae,Alternaria
3016916,GCA_965199485.1,Fungi_Protists,Basidiomycota,Agaricomycetes,Polyporales,Sparassidaceae,Sparassis
3016916,GCA_965199605.1,Fungi_Protists,Basidiomycota,Agaricomycetes,Polyporales,Sparassidaceae,Sparassis
3025216,GCA_051599415.1,Fungi_Protists,Ascomycota,Taphrinomycetes,Taphrinales,,Savitreella
3026404,GCA_046114455.1,Fungi_Protists,Ascomycota,Sordariomycetes,Ophiostomatales,Ophiostomataceae,Sporothrix
3031751,GCA_029542825.1,Fungi_Protists,Basidiomycota,Malasseziomycetes,Malasseziales,Malasseziaceae,Malassezia
3040995,GCA_030864385.1,Fungi_Protists,Basidiomycota,Tremellomycetes,Trichosporonales,Trichosporonaceae,Cutaneotrichosporon
3059160,GCA_964035595.1,Fungi_Protists,Basidiomycota,Agaricomycetes,Polyporales,Cerrenaceae,Somion
307758,GCA_900080155.1,Fungi_Protists,Basidiomycota,Ustilaginomycetes,Ustilaginales,Ustilaginaceae,Ustilago
3080368,GCA_050084555.1,Fungi_Protists,Basidiomycota,Tremellomycetes,Trichosporonales,Trichosporonaceae,Trichosporon
3081051,GCA_040256855.1,Fungi_Protists,Ascomycota,Saccharomycetes,Saccharomycodales,Saccharomycodaceae,Hanseniaspora
310288,GCA_035985395.1,Fungi_Protists,Ascomycota,Eurotiomycetes,Eurotiales,Aspergillaceae,Penicillium
3103959,GCA_037042885.1,Fungi_Protists,Basidiomycota,Agaricomycetes,Auriculariales,Auriculariaceae,Auricularia
3103960,GCA_037042915.1,Fungi_Protists,Basidiomycota,Agaricomycetes,Auriculariales,Auriculariaceae,Auricularia
310453,GCA_020912385.1,Fungi_Protists,Ascomycota,Dothideomycetes,Botryosphaeriales,Botryosphaeriaceae,Neofusicoccum
3108682,GCA_046115495.1,Fungi_Protists,Ascomycota,Eurotiomycetes,Eurotiales,Trichocomaceae,Talaromyces
3114500,GCA_053477585.1,Fungi_Protists,Ascomycota,Sordariomycetes,Diaporthales,Melanconiellaceae,
3117384,GCA_051101175.1,Fungi_Protists,Ascomycota,Pichiomycetes,Serinales,Debaryomycetaceae,Candida
3119571,GCA_029678045.1,Fungi_Protists,Ascomycota,Dipodascomycetes,Dipodascales,Dipodascaceae,Magnusiomyces
312227,GCA_900535975.1,Fungi_Protists,Ascomycota,Dipodascomycetes,Dipodascales,,
3129044,GCA_042257055.1,Fungi_Protists,Ascomycota,Saccharomycetes,Saccharomycetales,Saccharomycetaceae,Saccharomyces
3158075,GCF_964197705.1,Fungi_Protists,Ascomycota,Eurotiomycetes,Eurotiales,Aspergillaceae,Penicillium
3158075,GCA_964197705.1,Fungi_Protists,Ascomycota,Eurotiomycetes,Eurotiales,Aspergillaceae,Penicillium
3163303,GCA_964199335.1,Fungi_Protists,Basidiomycota,Agaricomycetes,Russulales,Russulaceae,Russula
31870,GCA_029226625.1,Fungi_Protists,Ascomycota,Sordariomycetes,Glomerellales,Glomerellaceae,Colletotrichum
318829,GCA_021764705.1,Fungi_Protists,Ascomycota,Sordariomycetes,Magnaporthales,Pyriculariaceae,Pyricularia
318829,GCA_004785725.2,Fungi_Protists,Ascomycota,Sordariomycetes,Magnaporthales,Pyriculariaceae,Pyricularia
321614,GCA_016801405.1,Fungi_Protists,Ascomycota,Dothideomycetes,Pleosporales,Phaeosphaeriaceae,Parastagonospora
322104,GCF_000209165.1,Fungi_Protists,Ascomycota,Pichiomycetes,Serinales,Debaryomycetaceae,Scheffersomyces
326039,GCA_951394315.1,Fungi_Protists,Basidiomycota,Agaricomycetes,Russulales,Russulaceae,Lactarius
326628,GCA_040126005.1,Fungi_Protists,Ascomycota,Sordariomycetes,Xylariales,Hypoxylaceae,Annulohypoxylon
327505,GCA_048164945.1,Fungi_Protists,Ascomycota,Sordariomycetes,Hypocreales,Nectriaceae,Fusarium
327505,GCA_001702695.2,Fungi_Protists,Ascomycota,Sordariomycetes,Hypocreales,Nectriaceae,Fusarium
330879,GCF_000002655.1,Fungi_Protists,Ascomycota,Eurotiomycetes,Eurotiales,Aspergillaceae,Aspergillus
331639,GCA_050230685.1,Fungi_Protists,Ascomycota,Saccharomycetes,Saccharomycodales,Saccharomycodaceae,Hanseniaspora
332648,GCF_000143535.2,Fungi_Protists,Ascomycota,Leotiomycetes,Helotiales,Sclerotiniaceae,Botrytis
332952,GCF_014117465.1,Fungi_Protists,Ascomycota,Eurotiomycetes,Eurotiales,Aspergillaceae,Aspergillus
334518,GCA_024752465.1,Fungi_Protists,Ascomycota,Leotiomycetes,Phacidiales,Phacidiaceae,Allantophomopsis
334819,GCF_000149555.1,Fungi_Protists,Ascomycota,Sordariomycetes,Hypocreales,Nectriaceae,Fusarium
3367071,GCA_049863605.1,Fungi_Protists,Ascomycota,Saccharomycetes,Phaffomycetales,Phaffomycetaceae,Cyberlindnera
3367072,GCA_049863505.1,Fungi_Protists,Ascomycota,Saccharomycetes,Phaffomycetales,Phaffomycetaceae,Barnettozyma
3375939,GCA_051943065.1,Fungi_Protists,Ascomycota,Pichiomycetes,Serinales,Metschnikowiaceae,Metschnikowia
3390039,GCA_048164905.1,Fungi_Protists,Basidiomycota,Agaricomycetes,Polyporales,Polyporaceae,Cryptoporus
3392078,GCA_047655315.1,Fungi_Protists,Ascomycota,Pichiomycetes,Serinales,Metschnikowiaceae,Metschnikowia
3395814,GCA_965788925.1,Fungi_Protists,Basidiomycota,Agaricomycetes,Boletales,Gyroporaceae,Gyroporus
3420003,GCA_963971245.1,Fungi_Protists,Ascomycota,Lecanoromycetes,Lecanorales,Cladoniaceae,Cladonia
34387,GCA_047301375.1,Fungi_Protists,Ascomycota,Eurotiomycetes,Onygenales,Arthrodermataceae,Trichophyton
3440260,GCA_949709995.1,Fungi_Protists,Ascomycota,Eurotiomycetes,Onygenales,Arachnomycetaceae,Arachnomyces
34406,GCF_034447905.1,Fungi_Protists,Ascomycota,Sordariomycetes,Glomerellales,Glomerellaceae,Colletotrichum
34458,GCA_002900995.3,Fungi_Protists,Basidiomycota,Agaricomycetes,Polyporales,Polyporaceae,Ganoderma
34465,GCA_964023155.1,Fungi_Protists,Basidiomycota,Agaricomycetes,Polyporales,Polyporaceae,Ganoderma
3473903,GCA_054134755.1,Fungi_Protists,Ascomycota,Sordariomycetes,Hypocreales,Stachybotryaceae,Myrothecium
3473904,GCA_054134715.1,Fungi_Protists,Ascomycota,Sordariomycetes,Amphisphaeriales,Sporocadaceae,Neopestalotiopsis
3474293,GCA_054134705.1,Fungi_Protists,Ascomycota,Sordariomycetes,Xylariales,Diatrypaceae,Eutypella
35717,GCA_024198275.1,Fungi_Protists,Ascomycota,Sordariomycetes,Hypocreales,Clavicipitaceae,Epichloe
36015,GCA_030062975.1,Fungi_Protists,Ascomycota,Pichiomycetes,Pichiales,Pichiaceae,Pichia
36035,GCF_020623625.1,Fungi_Protists,Ascomycota,Saccharomycetes,Saccharomycodales,Saccharomycodaceae,Saccharomycodes
36050,GCF_019609905.1,Fungi_Protists,Ascomycota,Sordariomycetes,Hypocreales,Nectriaceae,Fusarium
36651,GCF_016767815.1,Fungi_Protists,Ascomycota,Eurotiomycetes,Eurotiales,Aspergillaceae,Penicillium
367110,GCF_000182925.2,Fungi_Protists,Ascomycota,Sordariomycetes,Sordariales,Sordariaceae,Neurospora
367775,GCF_000185945.1,Fungi_Protists,Basidiomycota,Tremellomycetes,Tremellales,Cryptococcaceae,Cryptococcus
36911,GCA_009498055.1,Fungi_Protists,Ascomycota,Pichiomycetes,Serinales,Metschnikowiaceae,Clavispora
36914,GCF_030384665.1,Fungi_Protists,Ascomycota,Pichiomycetes,Serinales,Debaryomycetaceae,Lodderomyces
37727,GCA_009650675.1,Fungi_Protists,Ascomycota,Eurotiomycetes,Eurotiales,Trichocomaceae,Talaromyces
37769,GCA_036428525.1,Fungi_Protists,Basidiomycota,Tremellomycetes,Tremellales,Cryptococcaceae,Cryptococcus
378274,GCA_963555575.2,Fungi_Protists,Basidiomycota,Agaricomycetes,Agaricales,Hygrophoraceae,Hygrocybe
38082,GCA_017301755.1,Fungi_Protists,Ascomycota,Pneumocystomycetes,Pneumocystales,Pneumocystaceae,Pneumocystis
381046,GCA_047495675.1,Fungi_Protists,Ascomycota,Saccharomycetes,Saccharomycetales,Saccharomycetaceae,Lachancea
381046,GCA_053525315.1,Fungi_Protists,Ascomycota,Saccharomycetes,Saccharomycetales,Saccharomycetaceae,Lachancea
383678,GCA_964035675.1,Fungi_Protists,Basidiomycota,Agaricomycetes,Polyporales,Fomitopsidaceae,Fomitopsis
388837,GCA_965113095.1,Fungi_Protists,Basidiomycota,Agaricomycetes,Boletales,Boletaceae,Aureoboletus
38945,GCA_011800155.1,Fungi_Protists,Basidiomycota,Agaricomycetes,Agaricales,Physalacriaceae,Flammulina
38945,GCA_945909995.2,Fungi_Protists,Basidiomycota,Agaricomycetes,Agaricales,Physalacriaceae,Flammulina
392538,GCA_029952725.1,Fungi_Protists,Basidiomycota,Exobasidiomycetes,Tilletiales,Tilletiaceae,Salmacisia
394432,GCA_048934185.1,Fungi_Protists,Basidiomycota,Agaricomycetes,Agaricales,Physalacriaceae,Cylindrobasidium
396571,GCA_003615085.1,Fungi_Protists,Ascomycota,Sordariomycetes,Hypocreales,Nectriaceae,Fusarium
39932,GCA_965240495.1,Fungi_Protists,Ascomycota,Leotiomycetes,Leotiales,Leotiaceae,Leotia
39966,GCA_013433165.1,Fungi_Protists,Basidiomycota,Agaricomycetes,Agaricales,Lyophyllaceae,Hypsizygus
40145,GCA_026075535.2,Fungi_Protists,Basidiomycota,Agaricomycetes,Agaricales,Tricholomataceae,Tricholoma
40199,GCA_025948275.1,Fungi_Protists,Ascomycota,Sordariomycetes,Hypocreales,Nectriaceae,Fusarium
403056,GCA_049724125.1,Fungi_Protists,Ascomycota,Sordariomycetes,Magnaporthales,Pyriculariaceae,Xenopyricularia
403063,GCA_004337975.1,Fungi_Protists,Ascomycota,Sordariomycetes,Magnaporthales,Pyriculariaceae,Pyricularia
40410,GCA_023523875.1,Fungi_Protists,Basidiomycota,Tremellomycetes,Tremellales,Cryptococcaceae,Cryptococcus
40469,GCA_024712875.1,Fungi_Protists,Basidiomycota,Agaricomycetes,Hymenochaetales,Hymenochaetaceae,Inonotus
40559,GCA_022560135.1,Fungi_Protists,Ascomycota,Leotiomycetes,Helotiales,Sclerotiniaceae,Botrytis
41058,GCA_008274985.1,Fungi_Protists,Ascomycota,Eurotiomycetes,Eurotiales,Aspergillaceae,Aspergillus
418785,GCA_963565915.2,Fungi_Protists,Basidiomycota,Agaricomycetes,Agaricales,Entolomataceae,Entoloma
42260,GCF_013402915.1,Fungi_Protists,Ascomycota,Saccharomycetes,Saccharomycetales,Saccharomycetaceae,Zygotorulaspora
425264,GCA_003691605.1,Fungi_Protists,Basidiomycota,Malasseziomycetes,Malasseziales,Malasseziaceae,Malassezia
426428,GCF_000149955.1,Fungi_Protists,Ascomycota,Sordariomycetes,Hypocreales,Nectriaceae,Fusarium
42805,GCA_024072835.1,Fungi_Protists,Ascomycota,Sordariomycetes,Hypocreales,Clavicipitaceae,Epichloe
430498,GCA_031310005.1,Fungi_Protists,Ascomycota,Orbiliomycetes,Orbiliales,Orbiliaceae,Dactylellina
431241,GCA_002006585.1,Fungi_Protists,Ascomycota,Sordariomycetes,Hypocreales,Hypocreaceae,Trichoderma
43265,GCA_052426175.1,Fungi_Protists,Ascomycota,Sordariomycetes,Hypocreales,Cordycipitaceae,Cordyceps
43265,GCA_051103115.1,Fungi_Protists,Ascomycota,Sordariomycetes,Hypocreales,Cordycipitaceae,Cordyceps
438356,GCA_004299825.1,Fungi_Protists,Ascomycota,Dothideomycetes,Mycosphaerellales,Mycosphaerellaceae,Cercospora
438356,GCA_024499215.1,Fungi_Protists,Ascomycota,Dothideomycetes,Mycosphaerellales,Mycosphaerellaceae,Cercospora
44072,GCA_946409495.1,Fungi_Protists,Ascomycota,Dipodascomycetes,Dipodascales,Trichomonascaceae,Blastobotrys
44092,GCA_004014935.1,Fungi_Protists,Ascomycota,Saccharomycetes,Ascoideales,Saccharomycopsidaceae,Saccharomycopsis
443226,GCF_018416015.2,Fungi_Protists,Ascomycota,Eurotiomycetes,Onygenales,Onygenaceae,Coccidioides
447093,GCA_017355575.1,Fungi_Protists,Ascomycota,Eurotiomycetes,Onygenales,Ajellomycetaceae,Histoplasma
447254,GCA_023658505.1,Fungi_Protists,Ascomycota,Sordariomycetes,Hypocreales,Clavicipitaceae,Epichloe
45130,GCA_008452705.1,Fungi_Protists,Ascomycota,Dothideomycetes,Pleosporales,Pleosporaceae,Bipolaris
45133,GCA_035621335.1,Fungi_Protists,Ascomycota,Dothideomycetes,Botryosphaeriales,Botryosphaeriaceae,Lasiodiplodia
45151,GCA_025557955.1,Fungi_Protists,Ascomycota,Dothideomycetes,Pleosporales,Pleosporaceae,Pyrenophora
45151,GCF_003171515.1,Fungi_Protists,Ascomycota,Dothideomycetes,Pleosporales,Pleosporaceae,Pyrenophora
45286,GCF_001548555.1,Fungi_Protists,Ascomycota,Saccharomycetes,Saccharomycetales,Saccharomycetaceae,Eremothecium
45286,GCA_001548555.1,Fungi_Protists,Ascomycota,Saccharomycetes,Saccharomycetales,Saccharomycetaceae,Eremothecium
45354,GCA_900106115.1,Fungi_Protists,Ascomycota,Pichiomycetes,Serinales,Metschnikowiaceae,Sungouiella
45357,GCA_019332025.1,Fungi_Protists,Ascomycota,Pichiomycetes,Serinales,Metschnikowiaceae,Candidozyma
45513,GCA_044705675.1,Fungi_Protists,Ascomycota,Pichiomycetes,Serinales,Debaryomycetaceae,Scheffersomyces
45537,GCA_965358655.1,Fungi_Protists,Ascomycota,Pichiomycetes,Serinales,Debaryomycetaceae,Diutina
45537,GCA_965286745.1,Fungi_Protists,Ascomycota,Pichiomycetes,Serinales,Debaryomycetaceae,Diutina
456999,GCA_024722335.1,Fungi_Protists,Basidiomycota,Agaricomycetes,Cantharellales,Ceratobasidiaceae,Rhizoctonia
460519,GCA_001708085.1,Fungi_Protists,Ascomycota,Pichiomycetes,Pichiales,Pichiaceae,Komagataella
460523,GCA_017161175.1,Fungi_Protists,Ascomycota,Pichiomycetes,Pichiales,Pichiaceae,Ogataea
463681,GCA_040250155.1,Fungi_Protists,Ascomycota,Eurotiomycetes,Eurotiales,Aspergillaceae,Penicillium
46634,GCA_017949455.1,Fungi_Protists,Ascomycota,Dothideomycetes,Dothideales,Saccotheciaceae,Aureobasidium
468558,GCA_000975915.3,Fungi_Protists,Ascomycota,Saccharomycetes,Saccharomycetales,Saccharomycetaceae,Saccharomyces
47278,GCA_022701375.1,Fungi_Protists,Ascomycota,Sordariomycetes,Hypocreales,,Trichothecium
47428,GCA_902506015.1,Fungi_Protists,Basidiomycota,Agaricomycetes,Agaricales,Physalacriaceae,Armillaria
47428,GCA_964034915.1,Fungi_Protists,Basidiomycota,Agaricomycetes,Agaricales,Physalacriaceae,Armillaria
47752,GCA_051247085.1,Fungi_Protists,Ascomycota,Leotiomycetes,Helotiales,Arachnopezizaceae,Arachnopeziza
47801,GCA_023650635.1,Fungi_Protists,Ascomycota,Sordariomycetes,Hypocreales,Clavicipitaceae,Epichloe
48095,GCF_042100115.1,Fungi_Protists,Ascomycota,Dothideomycetes,Pleosporales,Pleosporaceae,Alternaria
48100,GCA_002952155.1,Fungi_Protists,Ascomycota,Dothideomycetes,Pleosporales,Pleosporaceae,Alternaria
48254,GCF_014133895.1,Fungi_Protists,Ascomycota,Saccharomycetes,Saccharomycetales,Saccharomycetaceae,Torulaspora
48490,GCA_024047395.1,Fungi_Protists,Ascomycota,Sordariomycetes,Hypocreales,Nectriaceae,Fusarium
48563,GCA_046055875.1,Fungi_Protists,Basidiomycota,Agaricomycetes,Boletales,Suillaceae,Suillus
48703,GCA_017354895.1,Fungi_Protists,Ascomycota,Sordariomycetes,Sordariales,Podosporaceae,Podospora
4896,GCF_000002945.2,Fungi_Protists,Ascomycota,Schizosaccharomycetes,Schizosaccharomycetales,Schizosaccharomycetaceae,Schizosaccharomyces
4897,GCA_032883015.1,Fungi_Protists,Ascomycota,Schizosaccharomycetes,Schizosaccharomycetales,Schizosaccharomycetaceae,Schizosaccharomyces
4897,GCA_958267425.1,Fungi_Protists,Ascomycota,Schizosaccharomycetes,Schizosaccharomycetales,Schizosaccharomycetaceae,Schizosaccharomyces
49012,GCA_053455765.1,Fungi_Protists,Basidiomycota,Ustilaginomycetes,Ustilaginales,Ustilaginaceae,Sporisorium
4909,GCF_003054445.1,Fungi_Protists,Ascomycota,Pichiomycetes,Pichiales,Pichiaceae,Pichia
4909,GCA_003033855.1,Fungi_Protists,Ascomycota,Pichiomycetes,Pichiales,Pichiaceae,Pichia
4911,GCA_002356615.1,Fungi_Protists,Ascomycota,Saccharomycetes,Saccharomycetales,Saccharomycetaceae,Kluyveromyces
4911,GCA_001660455.1,Fungi_Protists,Ascomycota,Saccharomycetes,Saccharomycetales,Saccharomycetaceae,Kluyveromyces
491253,GCA_036429605.1,Fungi_Protists,Ascomycota,Sordariomycetes,Hypocreales,Hypocreaceae,Cladobotryum
4922,GCA_001708105.1,Fungi_Protists,Ascomycota,Pichiomycetes,Pichiales,Pichiaceae,Komagataella
4922,GCA_040938385.1,Fungi_Protists,Ascomycota,Pichiomycetes,Pichiales,Pichiaceae,Komagataella
4927,GCA_019321675.1,Fungi_Protists,Ascomycota,Saccharomycetes,Phaffomycetales,Wickerhamomycetaceae,Wickerhamomyces
4927,GCA_050059845.1,Fungi_Protists,Ascomycota,Saccharomycetes,Phaffomycetales,Wickerhamomycetaceae,Wickerhamomyces
4929,GCA_037116185.1,Fungi_Protists,Ascomycota,Pichiomycetes,Serinales,Debaryomycetaceae,Meyerozyma
4931,GCA_019431265.1,Fungi_Protists,Ascomycota,Saccharomycetes,Saccharomycetales,Saccharomycetaceae,Saccharomyces
4932,GCA_000734875.3,Fungi_Protists,Ascomycota,Saccharomycetes,Saccharomycetales,Saccharomycetaceae,Saccharomyces
4932,GCA_001029075.1,Fungi_Protists,Ascomycota,Saccharomycetes,Saccharomycetales,Saccharomycetaceae,Saccharomyces
493452,GCA_052855235.1,Fungi_Protists,Basidiomycota,Agaricomycetes,Agaricales,Squamanitaceae,Floccularia
4944,GCA_001936275.1,Fungi_Protists,Ascomycota,Saccharomycetes,Ascoideales,Saccharomycopsidaceae,Saccharomycopsis
4950,GCF_000243375.1,Fungi_Protists,Ascomycota,Saccharomycetes,Saccharomycetales,Saccharomycetaceae,Torulaspora
4950,GCA_003013175.1,Fungi_Protists,Ascomycota,Saccharomycetes,Saccharomycetales,Saccharomycetaceae,Torulaspora
4952,GCA_003054305.1,Fungi_Protists,Ascomycota,Dipodascomycetes,Dipodascales,,Yarrowia
4952,GCA_034642105.1,Fungi_Protists,Ascomycota,Dipodascomycetes,Dipodascales,,Yarrowia
4956,GCF_000026365.1,Fungi_Protists,Ascomycota,Saccharomycetes,Saccharomycetales,Saccharomycetaceae,Zygosaccharomyces
4959,GCA_028412075.1,Fungi_Protists,Ascomycota,Pichiomycetes,Serinales,Debaryomycetaceae,Debaryomyces
4959,GCA_036689635.1,Fungi_Protists,Ascomycota,Pichiomycetes,Serinales,Debaryomycetaceae,Debaryomyces
498019,GCA_002759435.3,Fungi_Protists,Ascomycota,Pichiomycetes,Serinales,Metschnikowiaceae,Candidozyma
498019,GCA_018831645.1,Fungi_Protists,Ascomycota,Pichiomycetes,Serinales,Metschnikowiaceae,Candidozyma
498257,GCA_000952015.1,Fungi_Protists,Ascomycota,Sordariomycetes,Glomerellales,Plectosphaerellaceae,Verticillium
500148,GCF_013426205.1,Fungi_Protists,Ascomycota,Sordariomycetes,Hypocreales,Clavicipitaceae,Metarhizium
500148,GCA_013426205.1,Fungi_Protists,Ascomycota,Sordariomycetes,Hypocreales,Clavicipitaceae,Metarhizium
500171,GCA_043790985.1,Fungi_Protists,Ascomycota,Sordariomycetes,Glomerellales,Glomerellaceae,Colletotrichum
5007,GCF_011074885.1,Fungi_Protists,Ascomycota,Pichiomycetes,Pichiales,Pichiaceae,Brettanomyces
5017,GCA_026367875.1,Fungi_Protists,Ascomycota,Dothideomycetes,Pleosporales,Pleosporaceae,Bipolaris
502869,GCA_000976005.2,Fungi_Protists,Ascomycota,Saccharomycetes,Saccharomycetales,Saccharomycetaceae,Saccharomyces
5037,GCA_017310585.1,Fungi_Protists,Ascomycota,Eurotiomycetes,Onygenales,Ajellomycetaceae,Histoplasma
50376,GCA_007735645.1,Fungi_Protists,Ascomycota,Dothideomycetes,Venturiales,Venturiaceae,Venturia
50381,GCA_040954535.1,Fungi_Protists,Basidiomycota,Agaricomycetes,Hymenochaetales,Hirschioporaceae,Pallidohirschioporus
5044,GCA_051201255.1,Fungi_Protists,Ascomycota,Sordariomycetes,Hypocreales,Bionectriaceae,Hapsidospora
5059,GCA_012895975.1,Fungi_Protists,Ascomycota,Eurotiomycetes,Eurotiales,Aspergillaceae,Aspergillus
5059,GCA_009856665.1,Fungi_Protists,Ascomycota,Eurotiomycetes,Eurotiales,Aspergillaceae,Aspergillus
5061,GCA_019288275.1,Fungi_Protists,Ascomycota,Eurotiomycetes,Eurotiales,Aspergillaceae,Aspergillus
5062,GCA_008032055.1,Fungi_Protists,Ascomycota,Eurotiomycetes,Eurotiales,Aspergillaceae,Aspergillus
5066,GCA_046000195.1,Fungi_Protists,Ascomycota,Eurotiomycetes,Eurotiales,Aspergillaceae,Aspergillus
5068,GCA_049803905.1,Fungi_Protists,Ascomycota,Eurotiomycetes,Eurotiales,Aspergillaceae,Aspergillus
5076,GCA_044231845.1,Fungi_Protists,Ascomycota,Eurotiomycetes,Eurotiales,Aspergillaceae,Penicillium
5076,GCA_000710275.1,Fungi_Protists,Ascomycota,Eurotiomycetes,Eurotiales,Aspergillaceae,Penicillium
5082,GCA_030518555.1,Fungi_Protists,Ascomycota,Eurotiomycetes,Eurotiales,Aspergillaceae,Penicillium
50926,GCA_964605785.1,Fungi_Protists,Ascomycota,Lecanoromycetes,Lecanorales,Cladoniaceae,Cladonia
50943,GCA_965153415.1,Fungi_Protists,Ascomycota,Lecanoromycetes,Lecanorales,Cladoniaceae,Cladonia
5098,GCA_025999795.1,Fungi_Protists,Ascomycota,Eurotiomycetes,Eurotiales,Aspergillaceae,Monascus
510516,GCF_000184455.2,Fungi_Protists,Ascomycota,Eurotiomycetes,Eurotiales,Aspergillaceae,Aspergillus
5113,GCA_023658615.1,Fungi_Protists,Ascomycota,Sordariomycetes,Hypocreales,Clavicipitaceae,Epichloe
51221,GCA_029959215.1,Fungi_Protists,Basidiomycota,Agaricomycetes,Agaricales,Tricholomataceae,Tricholoma
5142,GCA_052058435.1,Fungi_Protists,Ascomycota,Sordariomycetes,Sordariales,Sordariaceae,Neurospora
51453,GCA_009835125.1,Fungi_Protists,Ascomycota,Sordariomycetes,Hypocreales,Hypocreaceae,Trichoderma
51453,GCA_054161515.1,Fungi_Protists,Ascomycota,Sordariomycetes,Hypocreales,Hypocreaceae,Trichoderma
5147,GCF_033870435.1,Fungi_Protists,Ascomycota,Sordariomycetes,Sordariales,Sordariaceae,Sordaria
5207,GCA_010065295.1,Fungi_Protists,Basidiomycota,Tremellomycetes,Tremellales,Cryptococcaceae,Cryptococcus
5207,GCA_002216725.1,Fungi_Protists,Basidiomycota,Tremellomycetes,Tremellales,Cryptococcaceae,Cryptococcus
5208,GCA_001720245.2,Fungi_Protists,Basidiomycota,Tremellomycetes,Tremellales,Cryptococcaceae,Cryptococcus
523103,GCA_047301425.1,Fungi_Protists,Ascomycota,Eurotiomycetes,Onygenales,Arthrodermataceae,Trichophyton
5286,GCA_051805525.1,Fungi_Protists,Basidiomycota,Microbotryomycetes,Sporidiobolales,Sporidiobolaceae,Rhodotorula
5321,GCA_019677325.2,Fungi_Protists,Basidiomycota,Agaricomycetes,Agaricales,Pleurotaceae,Pleurotus
5322,GCA_001956935.2,Fungi_Protists,Basidiomycota,Agaricomycetes,Agaricales,Pleurotaceae,Pleurotus
5322,GCA_029852705.2,Fungi_Protists,Basidiomycota,Agaricomycetes,Agaricales,Pleurotaceae,Pleurotus
5327,GCA_001302255.2,Fungi_Protists,Basidiomycota,Agaricomycetes,Polyporales,Polyporaceae,Trametes
5341,GCA_006228365.1,Fungi_Protists,Basidiomycota,Agaricomycetes,Agaricales,Agaricaceae,Agaricus
5341,GCA_943193715.1,Fungi_Protists,Basidiomycota,Agaricomycetes,Agaricales,Agaricaceae,Agaricus
5353,GCA_015476405.1,Fungi_Protists,Basidiomycota,Agaricomycetes,Agaricales,Omphalotaceae,Lentinula
544711,GCA_017310615.1,Fungi_Protists,Ascomycota,Eurotiomycetes,Onygenales,Ajellomycetaceae,Histoplasma
5454,GCF_004011695.2,Fungi_Protists,Ascomycota,Dothideomycetes,Pleosporales,Didymellaceae,Ascochyta
54551,GCA_030168465.1,Fungi_Protists,Ascomycota,Pichiomycetes,Pichiales,Pichiaceae,Pichia
5476,GCA_003454735.1,Fungi_Protists,Ascomycota,Pichiomycetes,Serinales,Debaryomycetaceae,Candida
5476,GCA_002835845.1,Fungi_Protists,Ascomycota,Pichiomycetes,Serinales,Debaryomycetaceae,Candida
5477,GCA_037935595.1,Fungi_Protists,Ascomycota,Pichiomycetes,Pichiales,Pichiaceae,Ogataea
5478,GCF_010111755.1,Fungi_Protists,Ascomycota,Saccharomycetes,Saccharomycetales,Saccharomycetaceae,Nakaseomyces
5478,GCF_000002545.3,Fungi_Protists,Ascomycota,Saccharomycetes,Saccharomycetales,Saccharomycetaceae,Nakaseomyces
5480,GCA_053456525.1,Fungi_Protists,Ascomycota,Pichiomycetes,Serinales,Debaryomycetaceae,Candida
5480,GCA_036288975.1,Fungi_Protists,Ascomycota,Pichiomycetes,Serinales,Debaryomycetaceae,Candida
5481,GCA_965362145.1,Fungi_Protists,Ascomycota,Pichiomycetes,Serinales,Debaryomycetaceae,Diutina
5482,GCA_013177555.1,Fungi_Protists,Ascomycota,Pichiomycetes,Serinales,Debaryomycetaceae,Candida
5493,GCA_051530125.1,Fungi_Protists,Ascomycota,Pichiomycetes,Serinales,Debaryomycetaceae,Kurtzmaniella
5493,GCA_031851675.1,Fungi_Protists,Ascomycota,Pichiomycetes,Serinales,Debaryomycetaceae,Kurtzmaniella
5499,GCF_020509005.1,Fungi_Protists,Ascomycota,Dothideomycetes,Mycosphaerellales,Mycosphaerellaceae,Fulvia
5499,GCA_035196885.1,Fungi_Protists,Ascomycota,Dothideomycetes,Mycosphaerellales,Mycosphaerellaceae,Fulvia
5507,GCA_014857085.1,Fungi_Protists,Ascomycota,Sordariomycetes,Hypocreales,Nectriaceae,Fusarium
5507,GCA_013347355.2,Fungi_Protists,Ascomycota,Sordariomycetes,Hypocreales,Nectriaceae,Fusarium
5515,GCA_038181435.1,Fungi_Protists,Ascomycota,Sordariomycetes,Hypocreales,Nectriaceae,Fusarium
5516,GCA_900074845.1,Fungi_Protists,Ascomycota,Sordariomycetes,Hypocreales,Nectriaceae,Fusarium
5518,GCA_000599445.1,Fungi_Protists,Ascomycota,Sordariomycetes,Hypocreales,Nectriaceae,Fusarium
5518,GCA_019343145.1,Fungi_Protists,Ascomycota,Sordariomycetes,Hypocreales,Nectriaceae,Fusarium
55194,GCA_024498975.1,Fungi_Protists,Basidiomycota,Malasseziomycetes,Malasseziales,Malasseziaceae,Malassezia
55194,GCA_009938135.1,Fungi_Protists,Basidiomycota,Malasseziomycetes,Malasseziales,Malasseziaceae,Malassezia
55200,GCA_023658475.1,Fungi_Protists,Ascomycota,Sordariomycetes,Hypocreales,Clavicipitaceae,Epichloe
5537,GCA_034406715.1,Fungi_Protists,Basidiomycota,Microbotryomycetes,Sporidiobolales,Sporidiobolaceae,Rhodotorula
5544,GCA_019097725.1,Fungi_Protists,Ascomycota,Sordariomycetes,Hypocreales,Hypocreaceae,Trichoderma
5570,GCA_050273025.1,Fungi_Protists,Ascomycota,Dothideomycetes,Gloniales,Gloniaceae,Cenococcum
557324,GCA_963556145.1,Fungi_Protists,Basidiomycota,Agaricomycetes,Agaricales,Hygrophoraceae,Hygrocybe
5580,GCA_043161985.1,Fungi_Protists,Ascomycota,Dothideomycetes,Dothideales,Saccotheciaceae,Aureobasidium
559292,GCA_000146045.2,Fungi_Protists,Ascomycota,Saccharomycetes,Saccharomycetales,Saccharomycetaceae,Saccharomyces
559292,GCF_000146045.2,Fungi_Protists,Ascomycota,Saccharomycetes,Saccharomycetales,Saccharomycetaceae,Saccharomyces
559295,GCF_000142805.1,Fungi_Protists,Ascomycota,Saccharomycetes,Saccharomycetales,Saccharomycetaceae,Lachancea
5599,GCA_020085065.1,Fungi_Protists,Ascomycota,Dothideomycetes,Pleosporales,Pleosporaceae,Alternaria
5619,GCA_006149155.1,Fungi_Protists,Basidiomycota,Tremellomycetes,Tremellales,Cryptococcaceae,Cryptococcus
5627,GCA_041464085.1,Fungi_Protists,Basidiomycota,Agaricomycetes,Polyporales,Grifolaceae,Grifola
5630,GCA_927399515.3,Fungi_Protists,Basidiomycota,Agaricomycetes,Polyporales,Laetiporaceae,Laetiporus
5636,GCA_965154625.1,Fungi_Protists,Basidiomycota,Agaricomycetes,Agaricales,Mycenaceae,Panellus
56406,GCA_050947605.1,Fungi_Protists,Ascomycota,Saccharomycetes,Saccharomycodales,Saccharomycodaceae,Hanseniaspora
56406,GCA_036287555.1,Fungi_Protists,Ascomycota,Saccharomycetes,Saccharomycodales,Saccharomycodaceae,Hanseniaspora
56409,GCA_050230655.1,Fungi_Protists,Ascomycota,Saccharomycetes,Saccharomycodales,Saccharomycodaceae,Hanseniaspora
564305,GCF_035658355.1,Fungi_Protists,Basidiomycota,Tremellomycetes,Tremellales,Cryptococcaceae,Kwoniella
56482,GCA_965218175.1,Fungi_Protists,Ascomycota,Lecanoromycetes,Lecanorales,Ramalinaceae,Ramalina
566037,GCA_000412225.2,Fungi_Protists,Ascomycota,Saccharomycetes,Saccharomycetales,Saccharomycetaceae,Eremothecium
566093,GCA_965605795.1,Fungi_Protists,Basidiomycota,Agaricomycetes,Agaricales,Hygrophoraceae,Hygrocybe
56615,GCA_002762355.2,Fungi_Protists,Basidiomycota,Pucciniomycetes,Pucciniales,Pucciniaceae,Puccinia
56646,GCF_900007375.1,Fungi_Protists,Ascomycota,Sordariomycetes,Hypocreales,Nectriaceae,Fusarium
56665,GCA_034753255.1,Fungi_Protists,Ascomycota,Sordariomycetes,Hypocreales,Nectriaceae,Fusarium
568076,GCA_037177735.1,Fungi_Protists,Ascomycota,Sordariomycetes,Hypocreales,Clavicipitaceae,Metarhizium
569361,GCA_037179535.1,Fungi_Protists,Ascomycota,Sordariomycetes,Hypocreales,Nectriaceae,Fusarium
573508,GCA_044706195.1,Fungi_Protists,Ascomycota,Eurotiomycetes,Eurotiales,Aspergillaceae,Aspergillus
573729,GCF_000226095.1,Fungi_Protists,Ascomycota,Sordariomycetes,Sordariales,Chaetomiaceae,Thermothelomyces
573826,GCF_000026945.1,Fungi_Protists,Ascomycota,Pichiomycetes,Serinales,Debaryomycetaceae,Candida
574677,GCA_976943355.1,Fungi_Protists,Basidiomycota,Exobasidiomycetes,Microstromatales,,Sympodiomycopsis
57485,GCA_964106605.1,Fungi_Protists,Ascomycota,Dothideomycetes,Dothideales,Dothideaceae,Rhizosphaera
578113,GCA_000818155.1,Fungi_Protists,Ascomycota,Sordariomycetes,Diaporthales,Cytosporaceae,Cytospora
578455,GCF_000226115.1,Fungi_Protists,Ascomycota,Sordariomycetes,Sordariales,Chaetomiaceae,Thermothielavioides
580240,GCA_000292815.1,Fungi_Protists,Ascomycota,Saccharomycetes,Saccharomycetales,Saccharomycetaceae,Saccharomyces
58839,GCA_051312775.1,Fungi_Protists,Microsporidia,,,Unikaryonidae,Encephalitozoon
58853,GCA_943193705.1,Fungi_Protists,Ascomycota,Sordariomycetes,Hypocreales,Hypocreaceae,Trichoderma
588596,GCF_026210795.1,Fungi_Protists,Mucoromycota,Glomeromycetes,Glomerales,Glomeraceae,Rhizophagus
596167,GCA_033807695.1,Fungi_Protists,Basidiomycota,Agaricomycetes,Polyporales,Polyporaceae,Daedaleopsis
59765,GCA_003977725.1,Fungi_Protists,Ascomycota,Sordariomycetes,Hypocreales,Nectriaceae,Fusarium
60169,GCA_034423695.1,Fungi_Protists,Ascomycota,Eurotiomycetes,Eurotiales,Aspergillaceae,Penicillium
6035,GCA_027571585.1,Fungi_Protists,Microsporidia,,,Unikaryonidae,Encephalitozoon
6039,GCF_036630325.1,Fungi_Protists,Microsporidia,,,Nosematidae,Vairimorpha
61207,GCA_017357885.1,Fungi_Protists,Ascomycota,Leotiomycetes,Helotiales,Sclerotiniaceae,Monilinia
61284,GCA_050859235.1,Fungi_Protists,Ascomycota,Sordariomycetes,Hypocreales,Nectriaceae,Fusarium
61366,GCA_016802195.1,Fungi_Protists,Ascomycota,Sordariomycetes,Hypocreales,Nectriaceae,Fusarium
61372,GCA_048165035.1,Fungi_Protists,Ascomycota,Sordariomycetes,Hypocreales,Nectriaceae,Fusarium
61374,GCA_049306905.1,Fungi_Protists,Ascomycota,Sordariomycetes,Hypocreales,Nectriaceae,Fusarium
62690,GCA_900519115.1,Fungi_Protists,Ascomycota,Leotiomycetes,Erysiphales,Erysiphaceae,Blumeria
62727,GCA_030378345.1,Fungi_Protists,Ascomycota,Leotiomycetes,Erysiphales,Erysiphaceae,Podosphaera
62758,GCA_009192285.1,Fungi_Protists,Ascomycota,Pezizomycetes,Pezizales,Morchellaceae,Morchella
63378,GCA_026210745.1,Fungi_Protists,Basidiomycota,Exobasidiomycetes,Exobasidiales,Exobasidiaceae,Exobasidium
63419,GCA_050494205.1,Fungi_Protists,Ascomycota,Eurotiomycetes,Onygenales,Arthrodermataceae,Trichophyton
63577,GCA_041053265.1,Fungi_Protists,Ascomycota,Sordariomycetes,Hypocreales,Hypocreaceae,Trichoderma
63577,GCA_020647795.1,Fungi_Protists,Ascomycota,Sordariomycetes,Hypocreales,Hypocreaceae,Trichoderma
644223,GCF_000027005.1,Fungi_Protists,Ascomycota,Pichiomycetes,Pichiales,Pichiaceae,Komagataella
645589,GCA_051027275.1,Fungi_Protists,Ascomycota,Sordariomycetes,Diaporthales,Melanconiellaceae,Sinodiscula
64636,GCA_048569445.1,Fungi_Protists,Ascomycota,Sordariomycetes,Hypocreales,Clavicipitaceae,Marquandomyces
64657,GCA_030708415.1,Fungi_Protists,Basidiomycota,Tremellomycetes,Tremellales,Tremellaceae,Tremella
64660,GCA_025854295.1,Fungi_Protists,Basidiomycota,Agaricomycetes,Agaricales,Lyophyllaceae,Lyophyllum
648681,GCA_015708445.2,Fungi_Protists,Basidiomycota,Agaricomycetes,Agaricales,Entolomataceae,Clitopilus
654392,GCA_014857105.1,Fungi_Protists,Ascomycota,Sordariomycetes,Hypocreales,Nectriaceae,Fusarium
654480,GCA_020631695.1,Fungi_Protists,Ascomycota,Sordariomycetes,Hypocreales,Hypocreaceae,Trichoderma
658763,GCA_000151485.1,Fungi_Protists,Ascomycota,Saccharomycetes,Saccharomycetales,Saccharomycetaceae,Saccharomyces
660027,GCF_013085055.1,Fungi_Protists,Ascomycota,Sordariomycetes,Hypocreales,Nectriaceae,Fusarium
660034,GCA_031834405.1,Fungi_Protists,Ascomycota,Sordariomycetes,Hypocreales,Nectriaceae,Fusarium
665079,GCA_001857865.1,Fungi_Protists,Ascomycota,Leotiomycetes,Helotiales,Sclerotiniaceae,Sclerotinia
671987,GCA_013390285.1,Fungi_Protists,Ascomycota,Dothideomycetes,Pleosporales,Pleosporaceae,Exserohilum
688394,GCA_008728235.1,Fungi_Protists,Mucoromycota,Mucoromycetes,Mucorales,Lichtheimiaceae,Lichtheimia
690256,GCA_040869005.1,Fungi_Protists,Ascomycota,Sordariomycetes,Glomerellales,Glomerellaceae,Colletotrichum
690256,GCA_039271565.1,Fungi_Protists,Ascomycota,Sordariomycetes,Glomerellales,Glomerellaceae,Colletotrichum
690259,GCA_038023885.1,Fungi_Protists,Ascomycota,Sordariomycetes,Glomerellales,Glomerellaceae,Colletotrichum
69774,GCA_039634405.1,Fungi_Protists,Ascomycota,Eurotiomycetes,Eurotiales,Aspergillaceae,Penicillium
69781,GCF_001723175.1,Fungi_Protists,Ascomycota,Eurotiomycetes,Eurotiales,Aspergillaceae,Penicillium
702382,GCA_052084505.1,Fungi_Protists,Ascomycota,Sordariomycetes,Hypocreales,Hypocreaceae,Trichoderma
71668,GCA_964017145.1,Fungi_Protists,Basidiomycota,Agaricomycetes,Agaricales,Strophariaceae,Agrocybe
71694,GCA_977065745.1,Fungi_Protists,Basidiomycota,Agaricomycetes,Agaricales,Psathyrellaceae,Coprinopsis
71717,GCA_951394405.1,Fungi_Protists,Basidiomycota,Agaricomycetes,Agaricales,Psathyrellaceae,Coprinellus
717740,GCA_003856795.1,Fungi_Protists,Ascomycota,Pichiomycetes,Serinales,Debaryomycetaceae,Hyphopichia
717741,GCA_003856775.1,Fungi_Protists,Ascomycota,Pichiomycetes,Serinales,Debaryomycetaceae,Hyphopichia
71905,GCA_965250825.1,Fungi_Protists,Basidiomycota,Agaricomycetes,Agaricales,Mycenaceae,Mycena
71933,GCA_965266955.1,Fungi_Protists,Basidiomycota,Agaricomycetes,Agaricales,Amanitaceae,Amanita
71936,GCA_965649405.1,Fungi_Protists,Basidiomycota,Agaricomycetes,Agaricales,Entolomataceae,Clitopilus
71936,GCA_965649415.1,Fungi_Protists,Basidiomycota,Agaricomycetes,Agaricales,Entolomataceae,Clitopilus
71948,GCA_977035705.1,Fungi_Protists,Basidiomycota,Agaricomycetes,Agaricales,Strophariaceae,Kuehneromyces
72032,GCA_036034705.1,Fungi_Protists,Ascomycota,Sordariomycetes,Microascales,Ceratocystidaceae,Thielaviopsis
72144,GCF_042764415.1,Fungi_Protists,Ascomycota,Sordariomycetes,Sordariales,,Remersonia
72559,GCA_900162835.1,Fungi_Protists,Basidiomycota,Ustilaginomycetes,Ustilaginales,Ustilaginaceae,Sporisorium
72712,GCA_032206225.1,Fungi_Protists,Ascomycota,Sordariomycetes,Hypocreales,Nectriaceae,Fusarium
73501,GCA_008080495.1,Fungi_Protists,Ascomycota,Sordariomycetes,Hypocreales,Cordycipitaceae,Cordyceps
742136,GCA_051247835.1,Fungi_Protists,Ascomycota,Leotiomycetes,Helotiales,Arachnopezizaceae,Arachnopeziza
746128,GCA_024220425.1,Fungi_Protists,Ascomycota,Eurotiomycetes,Eurotiales,Aspergillaceae,Aspergillus
746128,GCA_028752175.1,Fungi_Protists,Ascomycota,Eurotiomycetes,Eurotiales,Aspergillaceae,Aspergillus
749444,GCA_964341195.1,Fungi_Protists,Basidiomycota,Agaricomycetes,Agaricales,Clavariaceae,Ramariopsis
749586,GCA_039634435.1,Fungi_Protists,Ascomycota,Dothideomycetes,Pleosporales,Didymellaceae,Ascochyta
749593,GCA_040893085.1,Fungi_Protists,Ascomycota,Dothideomycetes,Pleosporales,Didymellaceae,Epicoccum
749633,GCA_039634465.1,Fungi_Protists,Ascomycota,Dothideomycetes,Pleosporales,Didymellaceae,Didymella
759273,GCF_001672515.1,Fungi_Protists,Ascomycota,Sordariomycetes,Glomerellales,Glomerellaceae,Colletotrichum
76351,GCA_049000075.1,Fungi_Protists,Basidiomycota,Agaricomycetes,Cantharellales,Ceratobasidiaceae,Ceratobasidium
76773,GCA_010232095.1,Fungi_Protists,Basidiomycota,Malasseziomycetes,Malasseziales,Malasseziaceae,Malassezia
76774,GCA_029542945.1,Fungi_Protists,Basidiomycota,Malasseziomycetes,Malasseziales,Malasseziaceae,Malassezia
76775,GCF_003290485.1,Fungi_Protists,Basidiomycota,Malasseziomycetes,Malasseziales,Malasseziaceae,Malassezia
76777,GCA_900149135.1,Fungi_Protists,Basidiomycota,Malasseziomycetes,Malasseziales,Malasseziaceae,Malassezia
77020,GCA_014493585.1,Fungi_Protists,Basidiomycota,Malasseziomycetes,Malasseziales,Malasseziaceae,Malassezia
78070,GCA_963556305.1,Fungi_Protists,Ascomycota,Lecanoromycetes,Lecanorales,Parmeliaceae,Platismatia
78403,GCA_917563905.1,Fungi_Protists,Ascomycota,Sordariomycetes,Hypocreales,Nectriaceae,Neonectria
79588,GCA_023658445.1,Fungi_Protists,Ascomycota,Sordariomycetes,Hypocreales,Clavicipitaceae,Epichloe
79589,GCA_023650705.1,Fungi_Protists,Ascomycota,Sordariomycetes,Hypocreales,Clavicipitaceae,Epichloe
79591,GCA_023658535.1,Fungi_Protists,Ascomycota,Sordariomycetes,Hypocreales,Clavicipitaceae,Epichloe
796027,GCF_001640025.1,Fungi_Protists,Ascomycota,Dipodascomycetes,Dipodascales,Trichomonascaceae,Sugiyamaella
796027,GCA_001640025.2,Fungi_Protists,Ascomycota,Dipodascomycetes,Dipodascales,Trichomonascaceae,Sugiyamaella
79815,GCA_054372435.1,Fungi_Protists,Ascomycota,Sordariomycetes,Sordariales,Chaetomiaceae,Arcopilus
82508,GCA_044759035.1,Fungi_Protists,Basidiomycota,Tremellomycetes,Trichosporonales,Trichosporonaceae,Trichosporon
82525,GCA_951802195.1,Fungi_Protists,Basidiomycota,Tremellomycetes,Cystofilobasidiales,Mrakiaceae,Tausonia
84753,GCA_031214725.1,Fungi_Protists,Basidiomycota,Ustilaginomycetes,Ustilaginales,Ustilaginaceae,Moesziomyces
857007,GCA_964213195.1,Fungi_Protists,Basidiomycota,Agaricomycetes,Boletales,Boletaceae,Butyriboletus
85828,GCA_041412015.1,Fungi_Protists,Ascomycota,Sordariomycetes,Amphisphaeriales,Sporocadaceae,Pestalotiopsis
85929,GCA_052057135.1,Fungi_Protists,Ascomycota,Dothideomycetes,Mycosphaerellales,Mycosphaerellaceae,Sphaerulina
86836,GCA_051805505.1,Fungi_Protists,Basidiomycota,Microbotryomycetes,Sporidiobolales,Sporidiobolaceae,Rhodotorula
86839,GCA_051805495.1,Fungi_Protists,Basidiomycota,Microbotryomycetes,Sporidiobolales,Sporidiobolaceae,Rhodotorula
871575,GCF_000187245.1,Fungi_Protists,Ascomycota,Pichiomycetes,Pichiales,Pichiaceae,Ogataea
871575,GCA_037948965.1,Fungi_Protists,Ascomycota,Pichiomycetes,Pichiales,Pichiaceae,Ogataea
87252,GCA_029945375.1,Fungi_Protists,Basidiomycota,Agaricomycetes,Agaricales,Agaricaceae,Agaricus
87276,GCA_964340765.1,Fungi_Protists,Ascomycota,Lecanoromycetes,Umbilicariales,Umbilicariaceae,Umbilicaria
876142,GCF_000146465.1,Fungi_Protists,Microsporidia,,,Unikaryonidae,Encephalitozoon
877507,GCA_003814445.1,Fungi_Protists,Ascomycota,Sordariomycetes,Hypocreales,Clavicipitaceae,Epichloe
90341,GCA_052058325.1,Fungi_Protists,Ascomycota,Eurotiomycetes,Eurotiales,Aspergillaceae,Aspergillus
907339,GCA_020995425.1,Fungi_Protists,Ascomycota,Saccharomycetes,Phaffomycetales,Phaffomycetaceae,Cyberlindnera
907965,GCF_000277815.2,Fungi_Protists,Microsporidia,,,Unikaryonidae,Encephalitozoon
908347,GCA_951802395.1,Fungi_Protists,Basidiomycota,Agaricomycetes,Agaricales,Pluteaceae,Volvariella
91752,GCA_006506795.2,Fungi_Protists,Basidiomycota,Agaricomycetes,Russulales,Hericiaceae,Hericium
91752,GCA_965276415.1,Fungi_Protists,Basidiomycota,Agaricomycetes,Russulales,Hericiaceae,Hericium
91925,GCA_003955835.1,Fungi_Protists,Ascomycota,Eurotiomycetes,Chaetothyriales,Herpotrichiellaceae,Exophiala
931890,GCF_000235365.1,Fungi_Protists,Ascomycota,Saccharomycetes,Saccharomycetales,Saccharomycetaceae,Eremothecium
935214,GCA_028455935.1,Fungi_Protists,Ascomycota,Sordariomycetes,Hypocreales,Cordycipitaceae,Simplicillium
93593,GCA_964211815.1,Fungi_Protists,Ascomycota,Sordariomycetes,Hypocreales,Cordycipitaceae,Simplicillium
947044,GCA_000975945.2,Fungi_Protists,Ascomycota,Saccharomycetes,Saccharomycetales,Saccharomycetaceae,Saccharomyces
948313,GCA_029542805.1,Fungi_Protists,Basidiomycota,Malasseziomycetes,Malasseziales,Malasseziaceae,Malassezia
97479,GCA_900232045.3,Fungi_Protists,Ascomycota,Dothideomycetes,Pleosporales,Pleosporaceae,Pyrenophora
97479,GCA_008086725.1,Fungi_Protists,Ascomycota,Dothideomycetes,Pleosporales,Pleosporaceae,Pyrenophora
97480,GCA_014334755.1,Fungi_Protists,Ascomycota,Dothideomycetes,Pleosporales,Pleosporaceae,Pyrenophora
981350,GCA_900235035.2,Fungi_Protists,Ascomycota,Pichiomycetes,Pichiales,Pichiaceae,Komagataella
981350,GCA_000223565.1,Fungi_Protists,Ascomycota,Pichiomycetes,Pichiales,Pichiaceae,Komagataella
983958,GCA_002937415.1,Fungi_Protists,Ascomycota,Dothideomycetes,Mycosphaerellales,Mycosphaerellaceae,Zymoseptoria
98403,GCF_001625195.1,Fungi_Protists,Ascomycota,Sordariomycetes,Hypocreales,Ophiocordycipitaceae,Drechmeria
98403,GCA_001618945.2,Fungi_Protists,Ascomycota,Sordariomycetes,Hypocreales,Ophiocordycipitaceae,Drechmeria
99897,GCA_052399015.1,Fungi_Protists,Ascomycota,Sordariomycetes,Hypocreales,Cordycipitaceae,Cordyceps
999809,GCA_000230245.1,Fungi_Protists,Basidiomycota,Ustilaginomycetes,Ustilaginales,Ustilaginaceae,Sporisorium
1001278,GCA_963971525.1,Invertebrates,Arthropoda,Insecta,Hymenoptera,Cephidae,Cephus
1002887,GCA_965178665.1,Invertebrates,Arthropoda,Insecta,Lepidoptera,Lycaenidae,Glaucopsyche
1002951,GCA_965642495.1,Invertebrates,Arthropoda,Insecta,Lepidoptera,Crambidae,Udea
1002954,GCA_950022985.1,Invertebrates,Arthropoda,Insecta,Lepidoptera,Crambidae,Udea
1002957,GCA_966184525.1,Invertebrates,Arthropoda,Insecta,Lepidoptera,Crambidae,Udea
1002960,GCA_965607565.1,Invertebrates,Arthropoda,Insecta,Lepidoptera,Crambidae,Udea
1002964,GCA_966184595.1,Invertebrates,Arthropoda,Insecta,Lepidoptera,Crambidae,Udea
1002964,GCA_966183945.1,Invertebrates,Arthropoda,Insecta,Lepidoptera,Crambidae,Udea
1002969,GCA_964340995.1,Invertebrates,Arthropoda,Insecta,Lepidoptera,Crambidae,Udea
1002971,GCA_947369235.1,Invertebrates,Arthropoda,Insecta,Lepidoptera,Crambidae,Udea
1003001,GCA_964374225.1,Invertebrates,Arthropoda,Insecta,Lepidoptera,Crambidae,Agrotera
1003005,GCA_965276545.1,Invertebrates,Arthropoda,Insecta,Lepidoptera,Pyralidae,Synaphe
1003005,GCA_965276045.1,Invertebrates,Arthropoda,Insecta,Lepidoptera,Pyralidae,Synaphe
1004196,GCA_046254535.1,Invertebrates,Arthropoda,Insecta,Hymenoptera,Megachilidae,Megachile
1005073,GCA_975300765.1,Invertebrates,Arthropoda,Insecta,Lepidoptera,Crambidae,Anania
1006801,GCA_964263345.1,Invertebrates,Porifera,Demospongiae,Tetractinellida,Pachastrellidae,Pachastrella
1006808,GCA_965196945.1,Invertebrates,Porifera,Demospongiae,Tetractinellida,Ancorinidae,Stelletta
1006815,GCA_964340815.1,Invertebrates,Porifera,Demospongiae,Tetractinellida,Theneidae,Thenea
1007316,GCA_051013515.1,Invertebrates,Arthropoda,Insecta,Orthoptera,Acrididae,Gomphocerus
1007343,GCA_976010855.1,Invertebrates,Arthropoda,Insecta,Lepidoptera,Geometridae,Abraxas
1007376,GCA_965178385.1,Invertebrates,Arthropoda,Insecta,Lepidoptera,Geometridae,Pseudoterpna
1007708,GCA_964260665.1,Invertebrates,Arthropoda,Insecta,Lepidoptera,Geometridae,Pseudopanthera
1008849,GCA_965278725.1,Invertebrates,Arthropoda,Diplopoda,Julida,Blaniulidae,Choneiulus
101737,GCA_946894095.1,Invertebrates,Arthropoda,Insecta,Lepidoptera,Incurvariidae,Incurvaria
102321,GCA_051557925.1,Invertebrates,Mollusca,Bivalvia,Ostreida,Gryphaeidae,Hyotissa
102329,GCA_977064395.1,Invertebrates,Mollusca,Bivalvia,Pterioida,Pteriidae,Pinctada
102642,GCA_964197645.1,Invertebrates,Arthropoda,Insecta,Coleoptera,Carabidae,Abax
1028561,GCA_965649845.1,Invertebrates,Mollusca,Bivalvia,Cardiida,Psammobiidae,Gari
1028565,GCA_977017625.1,Invertebrates,Mollusca,Bivalvia,Cardiida,Tellinidae,Arcopagia
1028688,GCA_020796225.1,Invertebrates,Mollusca,Gastropoda,Stylommatophora,Arionidae,Arion
102876,GCA_964016885.1,Invertebrates,Mollusca,Cephalopoda,Octopoda,Octopodidae,Eledone
102981,GCA_030545055.2,Invertebrates,Arthropoda,Insecta,Hemiptera,Cicadellidae,Neoaliturus
102989,GCA_974392395.1,Invertebrates,Arthropoda,Insecta,Diptera,Scathophagidae,Scathophaga
1030474,GCA_965655145.1,Invertebrates,Arthropoda,Insecta,Lepidoptera,Tortricidae,Apotomis
1030475,GCA_965663535.1,Invertebrates,Arthropoda,Insecta,Lepidoptera,Tortricidae,Apotomis
1030477,GCA_965663525.1,Invertebrates,Arthropoda,Insecta,Lepidoptera,Tortricidae,Bactra
1030479,GCA_977012545.1,Invertebrates,Arthropoda,Insecta,Lepidoptera,Tortricidae,Celypha
1030479,GCA_977012535.1,Invertebrates,Arthropoda,Insecta,Lepidoptera,Tortricidae,Celypha
1030480,GCA_971854235.1,Invertebrates,Arthropoda,Insecta,Lepidoptera,Tortricidae,Celypha
1030480,GCA_971867225.1,Invertebrates,Arthropoda,Insecta,Lepidoptera,Tortricidae,Celypha
1030481,GCA_965642925.1,Invertebrates,Arthropoda,Insecta,Lepidoptera,Tortricidae,Celypha
1030662,GCA_046868235.1,Invertebrates,Arthropoda,Insecta,Thysanoptera,Thripidae,Dendrothrips
1032904,GCA_019603395.1,Invertebrates,Arthropoda,Insecta,Hemiptera,Miridae,Cyrtorhinus
103372,GCA_024713525.2,Invertebrates,Arthropoda,Insecta,Hymenoptera,Formicidae,Acromyrmex
103409,GCA_976940545.1,Invertebrates,Arthropoda,Insecta,Diptera,Tephritidae,Acidia
103414,GCA_951828415.1,Invertebrates,Arthropoda,Insecta,Diptera,Tephritidae,Anomoia
1035111,GCF_023078275.1,Invertebrates,Arthropoda,Insecta,Lepidoptera,Tortricidae,Leguminivora
103775,GCF_025200985.1,Invertebrates,Arthropoda,Insecta,Diptera,Drosophilidae,Drosophila
103775,GCA_025200985.1,Invertebrates,Arthropoda,Insecta,Diptera,Drosophilidae,Drosophila
103827,GCA_965194785.1,Invertebrates,Nematoda,Chromadorea,Rhabditida,Thelaziidae,Thelazia
103831,GCA_964503205.1,Invertebrates,Arthropoda,Insecta,Lepidoptera,Noctuidae,Mythimna
103936,GCA_965178685.1,Invertebrates,Arthropoda,Insecta,Hymenoptera,Apidae,Bombus
1041456,GCA_020882725.1,Invertebrates,Arthropoda,Insecta,Hymenoptera,Aphelinidae,Aphelinus
1042620,GCA_944548615.1,Invertebrates,Arthropoda,Insecta,Lepidoptera,Micropterigidae,Micropterix
1043166,GCA_044090015.1,Invertebrates,Echinodermata,Echinoidea,Camarodonta,Echinometridae,Heliocidaris
104427,GCA_964345945.1,Invertebrates,Arthropoda,Insecta,Lepidoptera,Drepanidae,Drepana
104428,GCA_945859725.1,Invertebrates,Arthropoda,Insecta,Lepidoptera,Drepanidae,Drepana
104447,GCA_907269075.1,Invertebrates,Arthropoda,Insecta,Lepidoptera,Geometridae,Idaea
104448,GCA_958496205.1,Invertebrates,Arthropoda,Insecta,Lepidoptera,Geometridae,Idaea
104449,GCA_951213275.1,Invertebrates,Arthropoda,Insecta,Lepidoptera,Geometridae,Idaea
104452,GCA_932527175.1,Invertebrates,Arthropoda,Insecta,Lepidoptera,Geometridae,Operophtera
104457,GCA_932527185.1,Invertebrates,Arthropoda,Insecta,Lepidoptera,Geometridae,Ecliptopera
104460,GCA_912999785.1,Invertebrates,Arthropoda,Insecta,Lepidoptera,Geometridae,Hydriomena
104463,GCA_964273755.1,Invertebrates,Arthropoda,Insecta,Lepidoptera,Geometridae,Jodis
104468,GCA_976915725.1,Invertebrates,Arthropoda,Insecta,Lepidoptera,Geometridae,Archiearis
104470,GCA_964258875.1,Invertebrates,Arthropoda,Insecta,Lepidoptera,Geometridae,Colotois
104474,GCA_905404285.2,Invertebrates,Arthropoda,Insecta,Lepidoptera,Geometridae,Erannis
104476,GCA_914767915.1,Invertebrates,Arthropoda,Insecta,Lepidoptera,Geometridae,Agriopis
104486,GCA_946251855.1,Invertebrates,Arthropoda,Insecta,Lepidoptera,Geometridae,Alsophila
104503,GCA_965226145.1,Invertebrates,Arthropoda,Insecta,Lepidoptera,Nymphalidae,Euphydryas
104506,GCA_964274225.1,Invertebrates,Arthropoda,Insecta,Lepidoptera,Nymphalidae,Euphydryas
104507,GCA_964277145.1,Invertebrates,Arthropoda,Insecta,Lepidoptera,Nymphalidae,Euphydryas
104515,GCA_965194455.1,Invertebrates,Arthropoda,Insecta,Lepidoptera,Nymphalidae,Melitaea
1045598,GCA_963669185.1,Invertebrates,Arthropoda,Insecta,Hymenoptera,Ichneumonidae,Dyspetes
1045619,GCA_964197675.1,Invertebrates,Arthropoda,Insecta,Hymenoptera,Ichneumonidae,Pimpla
1046305,GCA_965183755.1,Invertebrates,Annelida,Clitellata,Crassiclitellata,Ailoscolecidae,Ailoscolex
104660,GCA_050580605.1,Invertebrates,Mollusca,Bivalvia,Pterioida,Pteriidae,Pinctada
1046848,GCA_020466095.1,Invertebrates,Arthropoda,Insecta,Diptera,Chloropidae,Chlorops
1046855,GCA_965233935.1,Invertebrates,Arthropoda,Arachnida,Opiliones,Phalangiidae,Amilenus
104688,GCF_042242935.1,Invertebrates,Arthropoda,Insecta,Diptera,Tephritidae,Bactrocera
104688,GCA_042242935.1,Invertebrates,Arthropoda,Insecta,Diptera,Tephritidae,Bactrocera
104691,GCA_046562955.1,Invertebrates,Arthropoda,Insecta,Diptera,Tephritidae,Bactrocera
104710,GCA_965644265.1,Invertebrates,Annelida,Polychaeta,Phyllodocida,Glyceridae,Glycera
104759,GCA_973946955.1,Invertebrates,Cnidaria,Anthozoa,Scleractinia,Poritidae,Porites
1048606,GCA_977012135.1,Invertebrates,Mollusca,Bivalvia,Pectinida,Pectinidae,Talochlamys
1049056,GCA_029582155.1,Invertebrates,Mollusca,Bivalvia,Adapedonta,Hiatellidae,Panopea
1051067,GCA_023376005.1,Invertebrates,Mollusca,Cephalopoda,Myopsida,Loliginidae,Doryteuthis
105251,GCA_951812265.1,Invertebrates,Arthropoda,Insecta,Coleoptera,Curculionidae,Taphrorychus
105361,GCA_029962745.1,Invertebrates,Echinodermata,Echinoidea,Camarodonta,Echinometridae,Echinometra
105615,GCA_964212065.1,Invertebrates,Cnidaria,Anthozoa,Scleractinia,Acroporidae,Isopora
105859,GCF_964355755.1,Invertebrates,Echinodermata,Crinoidea,Comatulida,Antedonidae,Antedon
105859,GCA_964355755.1,Invertebrates,Echinodermata,Crinoidea,Comatulida,Antedonidae,Antedon
106386,GCA_947425015.1,Invertebrates,Arthropoda,Insecta,Coleoptera,Carabidae,Pterostichus
1070333,GCA_964235475.1,Invertebrates,Arthropoda,Insecta,Lepidoptera,Nepticulidae,Ectoedemia
107213,GCA_918026665.1,Invertebrates,Arthropoda,Insecta,Coleoptera,Chrysomelidae,Diabrotica
1072188,GCA_050947865.1,Invertebrates,Echinodermata,Holothuroidea,Aspidochirotida,Holothuriidae,Holothuria
1073096,GCA_965643655.1,Invertebrates,Arthropoda,Insecta,Diptera,Muscidae,Hydrotaea
1073575,GCA_963693445.1,Invertebrates,Arthropoda,Insecta,Lepidoptera,Depressariidae,Agonopterix
1073592,GCA_971864535.1,Invertebrates,Arthropoda,Insecta,Lepidoptera,Oecophoridae,Pleurota
1073593,GCA_964340755.1,Invertebrates,Arthropoda,Insecta,Lepidoptera,Scythrididae,Scythris
1073652,GCA_977970275.1,Invertebrates,Arthropoda,Insecta,Lepidoptera,Cosmopterigidae,Pancalia
107794,GCA_963971575.1,Invertebrates,Arthropoda,Insecta,Coleoptera,Dytiscidae,Liopterus
1078807,GCA_045371335.1,Invertebrates,Arthropoda,Insecta,Lepidoptera,Crambidae,Glyphodes
1080924,GCA_977089975.1,Invertebrates,Arthropoda,Insecta,Hymenoptera,Braconidae,Zele
1080930,GCA_958496275.1,Invertebrates,Arthropoda,Insecta,Hymenoptera,Braconidae,Zele
1081820,GCA_976985125.1,Invertebrates,Arthropoda,Insecta,Hemiptera,Blissidae,Ischnodemus
1085962,GCA_977090035.1,Invertebrates,Arthropoda,Insecta,Lepidoptera,Heterogynidae,Heterogynis
1085962,GCA_977090065.1,Invertebrates,Arthropoda,Insecta,Lepidoptera,Heterogynidae,Heterogynis
1086284,GCA_977013115.1,Invertebrates,Arthropoda,Insecta,Lepidoptera,Sphingidae,Dolbina
1086592,GCF_021464435.1,Invertebrates,Arthropoda,Insecta,Hymenoptera,Formicidae,Cataglyphis
1086773,GCA_965653165.1,Invertebrates,Arthropoda,Insecta,Diptera,Sciomyzidae,Pherbellia
1088609,GCA_965247725.1,Invertebrates,Arthropoda,Insecta,Hymenoptera,Sphecidae,Ammophila
1088918,GCA_963965975.1,Invertebrates,Porifera,Demospongiae,Haplosclerida,Petrosiidae,Xestospongia
108914,GCA_951217055.1,Invertebrates,Arthropoda,Insecta,Hemiptera,Gerridae,Gerris
108931,GCA_014356525.1,Invertebrates,Arthropoda,Insecta,Hemiptera,Delphacidae,Nilaparvata
108931,GCF_014356525.2,Invertebrates,Arthropoda,Insecta,Hemiptera,Delphacidae,Nilaparvata
109174,GCA_037392515.2,Invertebrates,Mollusca,Gastropoda,Lepetellida,Haliotidae,Haliotis
109184,GCA_977071125.1,Invertebrates,Echinodermata,Asteroidea,Valvatida,Ophidiasteridae,Linckia
109186,GCA_977007085.1,Invertebrates,Echinodermata,Asteroidea,Valvatida,Ophidiasteridae,Linckia
1094320,GCA_964197825.1,Invertebrates,Nematoda,Chromadorea,Rhabditida,Rhabditidae,Caenorhabditis
1094321,GCA_963572265.1,Invertebrates,Nematoda,Chromadorea,Rhabditida,Rhabditidae,Caenorhabditis
1094323,GCA_964036255.1,Invertebrates,Nematoda,Chromadorea,Rhabditida,Rhabditidae,Caenorhabditis
1094324,GCA_963572205.1,Invertebrates,Nematoda,Chromadorea,Rhabditida,Rhabditidae,Caenorhabditis
1094325,GCA_964211945.1,Invertebrates,Nematoda,Chromadorea,Rhabditida,Rhabditidae,Caenorhabditis
1094326,GCA_963932035.1,Invertebrates,Nematoda,Chromadorea,Rhabditida,Rhabditidae,Caenorhabditis
1094328,GCA_963932285.1,Invertebrates,Nematoda,Chromadorea,Rhabditida,Rhabditidae,Caenorhabditis
1094335,GCA_963570955.1,Invertebrates,Nematoda,Chromadorea,Rhabditida,Rhabditidae,Caenorhabditis
1094336,GCA_963572245.1,Invertebrates,Nematoda,Chromadorea,Rhabditida,Rhabditidae,Caenorhabditis
1096077,GCA_943735915.1,Invertebrates,Arthropoda,Insecta,Diptera,Sciomyzidae,Pherbina
109609,GCA_965194885.1,Invertebrates,Arthropoda,Collembola,Symphypleona,Sminthuridae,Sminthurus
109628,GCA_977009265.1,Invertebrates,Mollusca,Cephalopoda,Oegopsida,Ommastrephidae,Illex
110024,GCA_944738965.1,Invertebrates,Arthropoda,Insecta,Coleoptera,Carabidae,Nebria
1100830,GCA_030522485.1,Invertebrates,Arthropoda,Insecta,Thysanoptera,Thripidae,Stenchaetothrips
1100896,GCA_965654335.1,Invertebrates,Arthropoda,Insecta,Lepidoptera,Pterophoridae,Hellinsia
1100896,GCA_965654225.1,Invertebrates,Arthropoda,Insecta,Lepidoptera,Pterophoridae,Hellinsia
1100899,GCA_946894065.1,Invertebrates,Arthropoda,Insecta,Lepidoptera,Tortricidae,Acleris
1100900,GCA_963555685.1,Invertebrates,Arthropoda,Insecta,Lepidoptera,Pyralidae,Acrobasis
1100902,GCA_963576875.1,Invertebrates,Arthropoda,Insecta,Lepidoptera,Pyralidae,Acrobasis
1100903,GCA_976988715.1,Invertebrates,Arthropoda,Insecta,Lepidoptera,Pyralidae,Acrobasis
1100904,GCA_965178135.1,Invertebrates,Arthropoda,Insecta,Lepidoptera,Tortricidae,Agapeta
1100904,GCA_965178395.1,Invertebrates,Arthropoda,Insecta,Lepidoptera,Tortricidae,Agapeta
1100907,GCA_964059425.1,Invertebrates,Arthropoda,Insecta,Lepidoptera,Crambidae,Agriphila
1100908,GCA_949315895.1,Invertebrates,Arthropoda,Insecta,Lepidoptera,Crambidae,Anania
1100909,GCA_950371115.1,Invertebrates,Arthropoda,Insecta,Lepidoptera,Crambidae,Anania
1100911,GCA_975259125.1,Invertebrates,Arthropoda,Insecta,Lepidoptera,Tortricidae,Ancylis
1100911,GCA_975259165.1,Invertebrates,Arthropoda,Insecta,Lepidoptera,Tortricidae,Ancylis
1100915,GCA_932273695.1,Invertebrates,Arthropoda,Insecta,Lepidoptera,Tortricidae,Apotomis
1100916,GCA_905147355.2,Invertebrates,Arthropoda,Insecta,Lepidoptera,Tortricidae,Apotomis
1100917,GCA_965637025.1,Invertebrates,Arthropoda,Insecta,Lepidoptera,Tortricidae,Archips
1100917,GCA_965637185.1,Invertebrates,Arthropoda,Insecta,Lepidoptera,Tortricidae,Archips
1100919,GCA_947563465.1,Invertebrates,Arthropoda,Insecta,Lepidoptera,Tortricidae,Archips
1100922,GCA_971880385.1,Invertebrates,Arthropoda,Insecta,Lepidoptera,Argyresthiidae,Argyresthia
1100922,GCA_971873075.1,Invertebrates,Arthropoda,Insecta,Lepidoptera,Argyresthiidae,Argyresthia
1100929,GCA_965637495.1,Invertebrates,Arthropoda,Insecta,Lepidoptera,Bucculatricidae,Bucculatrix
1100938,GCA_963556745.1,Invertebrates,Arthropoda,Insecta,Lepidoptera,Crambidae,Catoptria
1100941,GCA_965226765.1,Invertebrates,Arthropoda,Insecta,Lepidoptera,Adelidae,Cauchas
1100941,GCA_965226335.1,Invertebrates,Arthropoda,Insecta,Lepidoptera,Adelidae,Cauchas
1100946,GCA_977012695.1,Invertebrates,Arthropoda,Insecta,Lepidoptera,Tortricidae,Choristoneura
1100947,GCA_965362275.1,Invertebrates,Arthropoda,Insecta,Lepidoptera,Tortricidae,Clepsis
1100947,GCA_965362255.1,Invertebrates,Arthropoda,Insecta,Lepidoptera,Tortricidae,Clepsis
1100951,GCA_947284805.1,Invertebrates,Arthropoda,Insecta,Lepidoptera,Coleophoridae,Coleophora
1100958,GCA_949710035.1,Invertebrates,Arthropoda,Insecta,Lepidoptera,Crambidae,Crambus
1100962,GCA_977014725.1,Invertebrates,Arthropoda,Insecta,Lepidoptera,Pyralidae,Cryptoblabes
1100962,GCA_977014615.1,Invertebrates,Arthropoda,Insecta,Lepidoptera,Pyralidae,Cryptoblabes
1100963,GCF_910591565.1,Invertebrates,Arthropoda,Insecta,Lepidoptera,Tortricidae,Cydia
1100963,GCA_910591565.2,Invertebrates,Arthropoda,Insecta,Lepidoptera,Tortricidae,Cydia
1100964,GCF_947568885.1,Invertebrates,Arthropoda,Insecta,Lepidoptera,Tortricidae,Cydia
1100964,GCA_947568885.1,Invertebrates,Arthropoda,Insecta,Lepidoptera,Tortricidae,Cydia
1100966,GCA_965637195.1,Invertebrates,Arthropoda,Insecta,Lepidoptera,Oecophoridae,Denisia
1100968,GCA_976227265.1,Invertebrates,Arthropoda,Insecta,Lepidoptera,Gelechiidae,Dichomeris
1100977,GCA_977067405.1,Invertebrates,Arthropoda,Insecta,Lepidoptera,Epermeniidae,Epermenia
1100979,GCA_963556455.1,Invertebrates,Arthropoda,Insecta,Lepidoptera,Tortricidae,Epiblema
1100980,GCA_964662165.1,Invertebrates,Arthropoda,Insecta,Lepidoptera,Tortricidae,Epiblema
1100986,GCA_965654305.1,Invertebrates,Arthropoda,Insecta,Lepidoptera,Tortricidae,Epinotia
1100986,GCA_965654325.1,Invertebrates,Arthropoda,Insecta,Lepidoptera,Tortricidae,Epinotia
1100989,GCA_947034925.1,Invertebrates,Arthropoda,Insecta,Lepidoptera,Tortricidae,Eudemis
1100990,GCA_964655575.1,Invertebrates,Arthropoda,Insecta,Lepidoptera,Crambidae,Eudonia
1100991,GCA_947562085.1,Invertebrates,Arthropoda,Insecta,Lepidoptera,Crambidae,Eudonia
1100992,GCA_963082485.2,Invertebrates,Arthropoda,Insecta,Lepidoptera,Crambidae,Eudonia
1100998,GCA_964188275.1,Invertebrates,Arthropoda,Insecta,Lepidoptera,Glyphipterigidae,Glyphipterix
1101015,GCA_965247445.1,Invertebrates,Arthropoda,Insecta,Lepidoptera,Tortricidae,Lozotaenia
1101017,GCA_949699065.1,Invertebrates,Arthropoda,Insecta,Lepidoptera,Oecophoridae,Metalampra
1101020,GCA_965637535.1,Invertebrates,Arthropoda,Insecta,Lepidoptera,Momphidae,Mompha
1101022,GCA_977063435.1,Invertebrates,Arthropoda,Insecta,Lepidoptera,Adelidae,Nematopogon
1101023,GCA_965636945.1,Invertebrates,Arthropoda,Insecta,Lepidoptera,Tortricidae,Notocelia
1101023,GCA_965637175.1,Invertebrates,Arthropoda,Insecta,Lepidoptera,Tortricidae,Notocelia
1101026,GCA_965278295.1,Invertebrates,Arthropoda,Insecta,Lepidoptera,Tortricidae,Pammene
1101026,GCA_965278205.1,Invertebrates,Arthropoda,Insecta,Lepidoptera,Tortricidae,Pammene
1101027,GCA_911728535.1,Invertebrates,Arthropoda,Insecta,Lepidoptera,Tortricidae,Pammene
1101028,GCA_965276555.1,Invertebrates,Arthropoda,Insecta,Lepidoptera,Tortricidae,Pammene
1101029,GCA_949127965.1,Invertebrates,Arthropoda,Insecta,Lepidoptera,Tortricidae,Pandemis
1101031,GCA_977066525.1,Invertebrates,Arthropoda,Insecta,Lepidoptera,Geometridae,Perizoma
1101031,GCA_977066675.1,Invertebrates,Arthropoda,Insecta,Lepidoptera,Geometridae,Perizoma
1101040,GCA_976240245.1,Invertebrates,Arthropoda,Insecta,Lepidoptera,Tortricidae,Pseudosciaphila
1101041,GCA_965194485.1,Invertebrates,Arthropoda,Insecta,Lepidoptera,Pyralidae,Pyralis
1101043,GCA_964340805.1,Invertebrates,Arthropoda,Insecta,Lepidoptera,Crambidae,Pyrausta
1101044,GCA_963924145.1,Invertebrates,Arthropoda,Insecta,Lepidoptera,Crambidae,Pyrausta
1101045,GCA_964656135.1,Invertebrates,Arthropoda,Insecta,Lepidoptera,Tortricidae,Rhopobota
1101045,GCA_964656095.1,Invertebrates,Arthropoda,Insecta,Lepidoptera,Tortricidae,Rhopobota
1101047,GCA_964374345.1,Invertebrates,Arthropoda,Insecta,Lepidoptera,Tortricidae,Rhyacionia
1101048,GCA_965636995.1,Invertebrates,Arthropoda,Insecta,Lepidoptera,Tortricidae,Rhyacionia
1101048,GCA_965637205.1,Invertebrates,Arthropoda,Insecta,Lepidoptera,Tortricidae,Rhyacionia
1101060,GCA_965641395.1,Invertebrates,Arthropoda,Insecta,Lepidoptera,Tortricidae,Syndemis
1101063,GCA_910589645.1,Invertebrates,Arthropoda,Insecta,Lepidoptera,Tineidae,Tinea
1101072,GCA_907165235.1,Invertebrates,Arthropoda,Insecta,Lepidoptera,Cossidae,Zeuzera
1101086,GCA_947532105.1,Invertebrates,Arthropoda,Insecta,Lepidoptera,Gelechiidae,Athrips
1101090,GCA_976917545.1,Invertebrates,Arthropoda,Insecta,Lepidoptera,Yponomeutidae,Cedestis
1101090,GCA_976917565.1,Invertebrates,Arthropoda,Insecta,Lepidoptera,Yponomeutidae,Cedestis
1101095,GCA_905163395.2,Invertebrates,Arthropoda,Insecta,Lepidoptera,Pyralidae,Endotricha
1101106,GCA_916610205.1,Invertebrates,Arthropoda,Insecta,Lepidoptera,Noctuidae,Griposia
1101110,GCA_937001555.2,Invertebrates,Arthropoda,Insecta,Lepidoptera,Pyralidae,Hypsopygia
1101112,GCA_965279855.1,Invertebrates,Arthropoda,Insecta,Lepidoptera,Pyralidae,Hypsopygia
1101112,GCA_965279805.1,Invertebrates,Arthropoda,Insecta,Lepidoptera,Pyralidae,Hypsopygia
1101119,GCA_965605735.1,Invertebrates,Arthropoda,Insecta,Lepidoptera,Pyralidae,Laodamia
1101119,GCA_965605845.1,Invertebrates,Arthropoda,Insecta,Lepidoptera,Pyralidae,Laodamia
1101132,GCA_971874335.1,Invertebrates,Arthropoda,Insecta,Lepidoptera,Gelechiidae,Neofaculta
1101140,GCA_965663645.1,Invertebrates,Arthropoda,Insecta,Lepidoptera,Tortricidae,Phiaris
1101141,GCA_975143465.1,Invertebrates,Arthropoda,Insecta,Lepidoptera,Tortricidae,Phiaris
1101143,GCA_964059365.1,Invertebrates,Arthropoda,Insecta,Lepidoptera,Pyralidae,Phycita
1101145,GCA_977066455.1,Invertebrates,Arthropoda,Insecta,Lepidoptera,Tortricidae,Piniphila
1101155,GCA_965194795.1,Invertebrates,Arthropoda,Insecta,Lepidoptera,Notodontidae,Spatalia
1101163,GCA_948473455.1,Invertebrates,Arthropoda,Insecta,Lepidoptera,Gelechiidae,Teleiodes
1101167,GCA_947532085.1,Invertebrates,Arthropoda,Insecta,Lepidoptera,Pyralidae,Elegia
110368,GCA_947172395.1,Invertebrates,Arthropoda,Insecta,Lepidoptera,Nymphalidae,Bicyclus
1104514,GCA_965113025.1,Invertebrates,Arthropoda,Insecta,Lepidoptera,Tineidae,Nemapogon
1104514,GCA_965113035.1,Invertebrates,Arthropoda,Insecta,Lepidoptera,Tineidae,Nemapogon
1104517,GCA_977013185.1,Invertebrates,Arthropoda,Insecta,Lepidoptera,Tortricidae,Zeiraphera
1104519,GCA_965204955.1,Invertebrates,Arthropoda,Insecta,Lepidoptera,Gelechiidae,Parachronistis
1107567,GCA_965111815.1,Invertebrates,Arthropoda,Insecta,Lepidoptera,Crambidae,Anania
1107568,GCA_965113005.1,Invertebrates,Arthropoda,Insecta,Lepidoptera,Pieridae,Anthocharis
1107572,GCA_964338945.1,Invertebrates,Arthropoda,Insecta,Lepidoptera,Lycaenidae,Aricia
1107672,GCA_964417165.1,Invertebrates,Arthropoda,Insecta,Lepidoptera,Lycaenidae,Laeosopis
1107688,GCA_964304755.1,Invertebrates,Arthropoda,Insecta,Lepidoptera,Hesperiidae,Muschampia
1107706,GCA_977066685.1,Invertebrates,Arthropoda,Insecta,Lepidoptera,Pieridae,Pieris
1107715,GCA_964264845.1,Invertebrates,Arthropoda,Insecta,Lepidoptera,Hesperiidae,Pyrgus
1107716,GCA_965433945.1,Invertebrates,Arthropoda,Insecta,Lepidoptera,Hesperiidae,Pyrgus
1107717,GCA_964397965.1,Invertebrates,Arthropoda,Insecta,Lepidoptera,Hesperiidae,Pyrgus
1107717,GCA_964416965.1,Invertebrates,Arthropoda,Insecta,Lepidoptera,Hesperiidae,Pyrgus
1107738,GCA_965153325.1,Invertebrates,Arthropoda,Insecta,Lepidoptera,Lycaenidae,Tomares
1107782,GCA_964291895.1,Invertebrates,Arthropoda,Insecta,Lepidoptera,Hesperiidae,Gegenes
110791,GCA_933534255.1,Invertebrates,Arthropoda,Insecta,Lepidoptera,Papilionidae,Iphiclides
1108569,GCA_936446665.2,Invertebrates,Arthropoda,Insecta,Lepidoptera,Sesiidae,Synanthedon
1108570,GCA_944738685.1,Invertebrates,Arthropoda,Insecta,Lepidoptera,Sesiidae,Synanthedon
111217,GCA_040580785.1,Invertebrates,Arthropoda,Insecta,Coleoptera,Chrysomelidae,Brontispa
1112382,GCA_965645275.1,Invertebrates,Arthropoda,Arachnida,Araneae,Araneidae,Araneus
1113239,GCA_046523875.1,Invertebrates,Arthropoda,Insecta,Lepidoptera,Saturniidae,Hylesia
111401,GCA_964197785.1,Invertebrates,Arthropoda,Insecta,Coleoptera,Chrysomelidae,Chrysolina
1116892,GCA_964276465.1,Invertebrates,Arthropoda,Insecta,Lepidoptera,Tortricidae,Cnephasia
1118052,GCA_963682025.1,Invertebrates,Arthropoda,Insecta,Diptera,Scathophagidae,Cordilura
1118640,GCA_949987625.1,Invertebrates,Arthropoda,Insecta,Hymenoptera,Chalcididae,Chalcis
111875,GCA_047116535.1,Invertebrates,Arthropoda,Insecta,Diptera,Drosophilidae,Drosophila
111881,GCA_905147175.2,Invertebrates,Arthropoda,Insecta,Lepidoptera,Nymphalidae,Nymphalis
111891,GCA_964290925.1,Invertebrates,Arthropoda,Insecta,Lepidoptera,Nymphalidae,Brintesia
111894,GCA_036785405.1,Invertebrates,Arthropoda,Insecta,Lepidoptera,Nymphalidae,Coenonympha
111896,GCA_964275305.1,Invertebrates,Arthropoda,Insecta,Lepidoptera,Nymphalidae,Coenonympha
111900,GCA_976986335.1,Invertebrates,Arthropoda,Insecta,Lepidoptera,Nymphalidae,Erebia
111903,GCA_917051295.2,Invertebrates,Arthropoda,Insecta,Lepidoptera,Nymphalidae,Erebia
111904,GCA_964271795.1,Invertebrates,Arthropoda,Insecta,Lepidoptera,Nymphalidae,Erebia
111905,GCA_964260675.1,Invertebrates,Arthropoda,Insecta,Lepidoptera,Nymphalidae,Erebia
111906,GCA_965112705.1,Invertebrates,Arthropoda,Insecta,Lepidoptera,Nymphalidae,Erebia
111910,GCA_964396745.1,Invertebrates,Arthropoda,Insecta,Lepidoptera,Nymphalidae,Hipparchia
111912,GCA_933228805.2,Invertebrates,Arthropoda,Insecta,Lepidoptera,Nymphalidae,Hipparchia
111916,GCA_964264045.1,Invertebrates,Arthropoda,Insecta,Lepidoptera,Nymphalidae,Lasiommata
111917,GCA_928268935.1,Invertebrates,Arthropoda,Insecta,Lepidoptera,Nymphalidae,Lasiommata
111918,GCA_966216545.1,Invertebrates,Arthropoda,Insecta,Lepidoptera,Nymphalidae,Lasiommata
111918,GCA_964261845.1,Invertebrates,Arthropoda,Insecta,Lepidoptera,Nymphalidae,Lasiommata
111923,GCA_920104075.1,Invertebrates,Arthropoda,Insecta,Lepidoptera,Nymphalidae,Melanargia
111924,GCA_964338655.1,Invertebrates,Arthropoda,Insecta,Lepidoptera,Nymphalidae,Melanargia
111925,GCA_964273825.1,Invertebrates,Arthropoda,Insecta,Lepidoptera,Nymphalidae,Melanargia
111933,GCA_964330365.1,Invertebrates,Arthropoda,Insecta,Lepidoptera,Nymphalidae,Pararge
111940,GCA_965194555.1,Invertebrates,Arthropoda,Insecta,Lepidoptera,Nymphalidae,Satyrus
111941,GCA_964290905.1,Invertebrates,Arthropoda,Insecta,Lepidoptera,Nymphalidae,Satyrus
112209,GCA_964261305.2,Invertebrates,Mollusca,Bivalvia,Pterioida,Pteriidae,Pinctada
112268,GCA_965234385.1,Invertebrates,Arthropoda,Insecta,Diptera,Culicidae,Anopheles
1123337,GCA_965234925.1,Invertebrates,Arthropoda,Insecta,Lepidoptera,Erebidae,Grammodes
1124511,GCA_951394125.1,Invertebrates,Arthropoda,Insecta,Diptera,Syrphidae,Epistrophe
1124515,GCA_916610145.1,Invertebrates,Arthropoda,Insecta,Diptera,Syrphidae,Eristalis
1124558,GCA_920104205.1,Invertebrates,Arthropoda,Insecta,Diptera,Syrphidae,Eupeodes
1124559,GCA_951509635.1,Invertebrates,Arthropoda,Insecta,Diptera,Syrphidae,Eupeodes
1124894,GCA_965620125.1,Invertebrates,Arthropoda,Insecta,Hymenoptera,Vespidae,Symmorphus
1124896,GCA_965263705.1,Invertebrates,Arthropoda,Insecta,Hymenoptera,Crabronidae,Trypoxylon
1126389,GCA_910591665.1,Invertebrates,Arthropoda,Insecta,Hymenoptera,Crabronidae,Ectemnius
1126396,GCA_965231285.1,Invertebrates,Arthropoda,Insecta,Hymenoptera,Halictidae,Sphecodes
1126402,GCA_944738655.2,Invertebrates,Arthropoda,Insecta,Hymenoptera,Andrenidae,Andrena
1126404,GCA_964214045.1,Invertebrates,Arthropoda,Insecta,Hymenoptera,Andrenidae,Andrena
1129766,GCA_977014095.1,Invertebrates,Arthropoda,Insecta,Lepidoptera,Momphidae,Mompha
1129766,GCA_977014305.1,Invertebrates,Arthropoda,Insecta,Lepidoptera,Momphidae,Mompha
113103,GCA_017141385.1,Invertebrates,Arthropoda,Insecta,Hemiptera,Delphacidae,Sogatella
1131437,GCA_949152475.1,Invertebrates,Annelida,Polychaeta,Terebellida,Terebellidae,Terebella
1132042,GCA_958336395.1,Invertebrates,Arthropoda,Insecta,Coleoptera,Elateridae,Ctenicera
1132043,GCA_963082805.1,Invertebrates,Arthropoda,Insecta,Coleoptera,Elateridae,Hemicrepidius
1133088,GCA_031163375.1,Invertebrates,Arthropoda,Insecta,Lepidoptera,Crambidae,Conogethes
113330,GCA_905220545.2,Invertebrates,Arthropoda,Insecta,Lepidoptera,Nymphalidae,Melitaea
113334,GCF_905220565.1,Invertebrates,Arthropoda,Insecta,Lepidoptera,Nymphalidae,Melitaea
113334,GCA_905220565.1,Invertebrates,Arthropoda,Insecta,Lepidoptera,Nymphalidae,Melitaea
113335,GCA_964304785.1,Invertebrates,Arthropoda,Insecta,Lepidoptera,Nymphalidae,Melitaea
113337,GCA_964264535.1,Invertebrates,Arthropoda,Insecta,Lepidoptera,Nymphalidae,Melitaea
113340,GCA_964261285.1,Invertebrates,Arthropoda,Insecta,Lepidoptera,Nymphalidae,Melitaea
113342,GCA_964274925.1,Invertebrates,Arthropoda,Insecta,Lepidoptera,Nymphalidae,Melitaea
113345,GCA_964306785.1,Invertebrates,Arthropoda,Insecta,Lepidoptera,Nymphalidae,Melitaea
113346,GCA_964261405.1,Invertebrates,Arthropoda,Insecta,Lepidoptera,Nymphalidae,Melitaea
1134596,GCA_964304625.1,Invertebrates,Cnidaria,Myxozoa,Multivalvulida,Kudoidae,Kudoa
113549,GCA_035048485.1,Invertebrates,Mollusca,Bivalvia,Pterioida,Pteriidae,Pteria
114056,GCA_049308575.1,Invertebrates,Arthropoda,Insecta,Hymenoptera,Trichogrammatidae,Trichogramma
1140935,GCA_050947735.1,Invertebrates,Arthropoda,Insecta,Lepidoptera,Crambidae,Omiodes
1141471,GCA_965234755.1,Invertebrates,Arthropoda,Insecta,Diptera,Culicidae,Anopheles
1143061,GCA_963675555.1,Invertebrates,Arthropoda,Insecta,Coleoptera,Cerambycidae,Leptura
1143063,GCA_947563755.1,Invertebrates,Arthropoda,Insecta,Coleoptera,Chrysomelidae,Lochmaea
1143066,GCA_965642045.1,Invertebrates,Arthropoda,Insecta,Coleoptera,Curculionidae,Magdalis
1143099,GCA_963924545.1,Invertebrates,Arthropoda,Insecta,Coleoptera,Cerambycidae,Pogonocherus
114398,GCF_043381705.1,Invertebrates,Arthropoda,Arachnida,Araneae,Theridiidae,Parasteatoda
114453,GCA_965117275.1,Invertebrates,Mollusca,Bivalvia,Mytilida,Mytilidae,Bathymodiolus
1144632,GCA_971866565.1,Invertebrates,Arthropoda,Insecta,Lepidoptera,Tortricidae,Aphelia
1144648,GCA_965111835.1,Invertebrates,Arthropoda,Insecta,Lepidoptera,Tortricidae,Clepsis
1146903,GCA_966189295.1,Invertebrates,Arthropoda,Chilopoda,Scolopendromorpha,Scolopendridae,Scolopendra
114909,GCA_963969345.1,Invertebrates,Nematoda,Chromadorea,Rhabditida,Panagrolaimidae,Turbatrix
1149918,GCA_051295265.1,Invertebrates,Arthropoda,Insecta,Hemiptera,Oxycarenidae,Oxycarenus
1150024,GCA_977014455.1,Invertebrates,Arthropoda,Insecta,Lepidoptera,Coleophoridae,Coleophora
1150024,GCA_977014435.1,Invertebrates,Arthropoda,Insecta,Lepidoptera,Coleophoridae,Coleophora
1150031,GCA_977013745.1,Invertebrates,Arthropoda,Insecta,Lepidoptera,Coleophoridae,Coleophora
1150100,GCA_973871665.1,Invertebrates,Arthropoda,Insecta,Lepidoptera,Coleophoridae,Coleophora
115077,GCF_028453695.1,Invertebrates,Arthropoda,Insecta,Hymenoptera,Halictidae,Augochlora
115081,GCF_051020955.1,Invertebrates,Arthropoda,Insecta,Hymenoptera,Halictidae,Megalopta
115084,GCA_028453745.1,Invertebrates,Arthropoda,Insecta,Hymenoptera,Halictidae,Agapostemon
115100,GCA_913789895.3,Invertebrates,Arthropoda,Insecta,Hymenoptera,Halictidae,Seladonia
115107,GCA_028454245.1,Invertebrates,Arthropoda,Insecta,Hymenoptera,Halictidae,Halictus
115343,GCA_951802165.1,Invertebrates,Arthropoda,Insecta,Coleoptera,Coccinellidae,Adalia
115345,GCA_965178175.1,Invertebrates,Arthropoda,Insecta,Coleoptera,Coccinellidae,Coccidula
115357,GCF_914767665.1,Invertebrates,Arthropoda,Insecta,Coleoptera,Coccinellidae,Harmonia
115357,GCA_914767665.1,Invertebrates,Arthropoda,Insecta,Coleoptera,Coccinellidae,Harmonia
115424,GCA_051942615.1,Invertebrates,Arthropoda,Insecta,Diptera,Calliphoridae,Chrysomya
115425,GCA_051144935.1,Invertebrates,Arthropoda,Insecta,Diptera,Calliphoridae,Cochliomyia
115425,GCA_051144965.1,Invertebrates,Arthropoda,Insecta,Diptera,Calliphoridae,Cochliomyia
1155756,GCA_965642505.1,Invertebrates,Arthropoda,Arachnida,Araneae,Segestriidae,Segestria
1155756,GCA_965642455.1,Invertebrates,Arthropoda,Arachnida,Araneae,Segestriidae,Segestria
116121,GCA_910589575.2,Invertebrates,Arthropoda,Insecta,Lepidoptera,Depressariidae,Carcina
116126,GCA_905163495.3,Invertebrates,Arthropoda,Insecta,Lepidoptera,Noctuidae,Cosmia
116130,GCA_914767815.1,Invertebrates,Arthropoda,Insecta,Lepidoptera,Noctuidae,Eupsilia
116133,GCA_965641935.1,Invertebrates,Arthropoda,Insecta,Lepidoptera,Tortricidae,Ptycholoma
116135,GCA_964662265.1,Invertebrates,Arthropoda,Insecta,Lepidoptera,Lycaenidae,Hypaurotis
116135,GCA_964662285.1,Invertebrates,Arthropoda,Insecta,Lepidoptera,Lycaenidae,Hypaurotis
116138,GCA_947859335.1,Invertebrates,Arthropoda,Insecta,Lepidoptera,Tortricidae,Tortricodes
116150,GCF_905163445.1,Invertebrates,Arthropoda,Insecta,Lepidoptera,Nymphalidae,Pararge
116150,GCA_905163445.1,Invertebrates,Arthropoda,Insecta,Lepidoptera,Nymphalidae,Pararge
116153,GCA_024364675.1,Invertebrates,Arthropoda,Insecta,Coleoptera,Nitidulidae,Aethina
116153,GCF_024364675.1,Invertebrates,Arthropoda,Insecta,Coleoptera,Nitidulidae,Aethina
1163344,GCA_029229535.1,Invertebrates,Arthropoda,Insecta,Coleoptera,Chrysomelidae,Diorhabda
1163345,GCA_026250575.1,Invertebrates,Arthropoda,Insecta,Coleoptera,Chrysomelidae,Diorhabda
1163345,GCF_026250575.1,Invertebrates,Arthropoda,Insecta,Coleoptera,Chrysomelidae,Diorhabda
1163346,GCF_026230105.1,Invertebrates,Arthropoda,Insecta,Coleoptera,Chrysomelidae,Diorhabda
1163369,GCA_944470395.2,Invertebrates,Platyhelminthes,Trematoda,Strigeidida,Schistosomatidae,Schistosoma
1164557,GCA_054051615.1,Invertebrates,Arthropoda,Insecta,Hymenoptera,Apidae,Bombus
1167272,GCA_910591515.1,Invertebrates,Arthropoda,Insecta,Hymenoptera,Crabronidae,Cerceris
1169899,GCA_028583605.1,Invertebrates,Arthropoda,Insecta,Coleoptera,Bothrideridae,Dastarcus
1170485,GCA_963932425.1,Invertebrates,Arthropoda,Insecta,Hymenoptera,Athaliidae,Athalia
1176459,GCA_977109235.1,Invertebrates,Arthropoda,Insecta,Lepidoptera,Tortricidae,Phalonidia
1176461,GCA_973404415.1,Invertebrates,Arthropoda,Insecta,Lepidoptera,Tortricidae,Phtheochroa
117779,GCA_964273435.1,Invertebrates,Cnidaria,Anthozoa,Scleractinia,Acroporidae,Acropora
1178033,GCA_976987365.1,Invertebrates,Arthropoda,Insecta,Lepidoptera,Gelechiidae,Caryocolum
1178033,GCA_976987475.1,Invertebrates,Arthropoda,Insecta,Lepidoptera,Gelechiidae,Caryocolum
1178097,GCA_964235415.1,Invertebrates,Arthropoda,Insecta,Lepidoptera,Epermeniidae,Epermenia
1178261,GCA_964276565.1,Invertebrates,Arthropoda,Insecta,Lepidoptera,Geometridae,Earophila
117992,GCA_018398815.2,Invertebrates,Mollusca,Gastropoda,Neogastropoda,Conidae,Conus
1182651,GCA_050872025.1,Invertebrates,Arthropoda,Insecta,Hemiptera,Coccidae,Ceroplastes
1184495,GCA_053477515.1,Invertebrates,Arthropoda,Arachnida,Araneae,Theraphosidae,Pterinochilus
1190790,GCA_913789915.3,Invertebrates,Arthropoda,Insecta,Hymenoptera,Halictidae,Sphecodes
1190795,GCA_960531205.1,Invertebrates,Arthropoda,Insecta,Hymenoptera,Andrenidae,Andrena
1190796,GCA_965620515.1,Invertebrates,Arthropoda,Insecta,Hymenoptera,Andrenidae,Andrena
1190796,GCA_965620555.1,Invertebrates,Arthropoda,Insecta,Hymenoptera,Andrenidae,Andrena
1190801,GCA_964234935.1,Invertebrates,Arthropoda,Insecta,Hymenoptera,Andrenidae,Andrena
1190802,GCA_929113495.1,Invertebrates,Arthropoda,Insecta,Hymenoptera,Andrenidae,Andrena
1190803,GCA_963932275.1,Invertebrates,Arthropoda,Insecta,Hymenoptera,Andrenidae,Andrena
119147,GCA_051861875.1,Invertebrates,Arthropoda,Arachnida,Araneae,Dysderidae,Dysdera
119269,GCA_964306285.1,Invertebrates,Arthropoda,Insecta,Lepidoptera,Endromidae,Endromis
1195447,GCA_976225495.1,Invertebrates,Arthropoda,Insecta,Lepidoptera,Tortricidae,Aethes
1195448,GCA_965614505.1,Invertebrates,Arthropoda,Insecta,Lepidoptera,Crambidae,Crambus
1195448,GCA_965614525.1,Invertebrates,Arthropoda,Insecta,Lepidoptera,Crambidae,Crambus
1195450,GCA_974392525.1,Invertebrates,Arthropoda,Insecta,Lepidoptera,Tortricidae,Grapholita
1195453,GCA_977019765.1,Invertebrates,Arthropoda,Insecta,Lepidoptera,Douglasiidae,Tinagma
1195456,GCA_965605825.1,Invertebrates,Arthropoda,Insecta,Lepidoptera,Gelechiidae,Prolita
1195456,GCA_965605755.1,Invertebrates,Arthropoda,Insecta,Lepidoptera,Gelechiidae,Prolita
1196096,GCA_018105865.1,Invertebrates,Annelida,Clitellata,Crassiclitellata,Megascolecidae,Metaphire
1196864,GCA_051167325.1,Invertebrates,Arthropoda,Insecta,Hymenoptera,Apidae,Bombus
1197223,GCA_965607555.1,Invertebrates,Arthropoda,Insecta,Lepidoptera,Tortricidae,Argyroploce
1197223,GCA_965607585.1,Invertebrates,Arthropoda,Insecta,Lepidoptera,Tortricidae,Argyroploce
1197224,GCA_977013265.1,Invertebrates,Arthropoda,Insecta,Lepidoptera,Gelechiidae,Aristotelia
1197224,GCA_977013395.1,Invertebrates,Arthropoda,Insecta,Lepidoptera,Gelechiidae,Aristotelia
1197226,GCA_971861385.1,Invertebrates,Arthropoda,Insecta,Lepidoptera,Gelechiidae,Chionodes
1197226,GCA_971853565.1,Invertebrates,Arthropoda,Insecta,Lepidoptera,Gelechiidae,Chionodes
1200667,GCA_977009135.1,Invertebrates,Mollusca,Gastropoda,Nudibranchia,Dorididae,Doris
120202,GCA_022539665.4,Invertebrates,Arthropoda,Branchiopoda,Diplostraca,Daphniidae,Daphnia
120202,GCF_022539665.2,Invertebrates,Arthropoda,Branchiopoda,Diplostraca,Daphniidae,Daphnia
1202164,GCA_963971135.1,Invertebrates,Arthropoda,Insecta,Coleoptera,Staphylinidae,Stenus
120394,GCA_965112245.2,Invertebrates,Mollusca,Gastropoda,Nudibranchia,Discodorididae,Peltodoris
120439,GCA_965230825.1,Invertebrates,Mollusca,Bivalvia,Limoida,Limidae,Limaria
120460,GCA_977012335.1,Invertebrates,Mollusca,Bivalvia,Arcoida,Noetiidae,Striarca
120460,GCA_977012395.1,Invertebrates,Mollusca,Bivalvia,Arcoida,Noetiidae,Striarca
120570,GCA_025267735.1,Invertebrates,Mollusca,Bivalvia,Venerida,Mactridae,Mactra
1206372,GCA_930367235.1,Invertebrates,Arthropoda,Insecta,Diptera,Sarcophagidae,Sarcophaga
1208769,GCA_965644375.1,Invertebrates,Arthropoda,Insecta,Embioptera,Embiidae,Embia
1209556,GCA_958496325.1,Invertebrates,Arthropoda,Insecta,Lepidoptera,Crambidae,Nomophila
1209621,GCA_949316135.1,Invertebrates,Arthropoda,Insecta,Lepidoptera,Choreutidae,Choreutis
1209993,GCA_949316495.1,Invertebrates,Annelida,Polychaeta,Phyllodocida,Hesionidae,Amphiduros
1210411,GCA_975302155.1,Invertebrates,Annelida,Polychaeta,Phyllodocida,Polynoidae,Lepidonotus
1210413,GCA_942159475.1,Invertebrates,Annelida,Polychaeta,Phyllodocida,Sigalionidae,Sthenelais
1210415,GCA_974915175.1,Invertebrates,Annelida,Polychaeta,Phyllodocida,Polynoidae,Gastrolepidia
121162,GCF_051622035.1,Invertebrates,Arthropoda,Insecta,Trichoptera,Hydropsychidae,Arctopsyche
121477,GCA_964659575.1,Invertebrates,Porifera,Demospongiae,Verongiida,Aplysinidae,Aplysina
121492,GCF_963422355.1,Invertebrates,Porifera,Homoscleromorpha,Homosclerophorida,Plakinidae,Corticium
121492,GCA_963422355.1,Invertebrates,Porifera,Homoscleromorpha,Homosclerophorida,Plakinidae,Corticium
121494,GCF_947507565.1,Invertebrates,Porifera,Homoscleromorpha,Homosclerophorida,Oscarellidae,Oscarella
121494,GCA_947507565.1,Invertebrates,Porifera,Homoscleromorpha,Homosclerophorida,Oscarellidae,Oscarella
1216036,GCA_964020085.1,Invertebrates,Cnidaria,Anthozoa,Scleractinia,Lobophylliidae,Micromussa
1216039,GCA_977014655.1,Invertebrates,Arthropoda,Insecta,Lepidoptera,Bucculatricidae,Bucculatrix
121815,GCA_041053325.1,Invertebrates,Arthropoda,Insecta,Hymenoptera,Aphelinidae,Encarsia
121826,GCA_047371265.1,Invertebrates,Arthropoda,Insecta,Hemiptera,Triozidae,Trioza
1218281,GCA_917563855.2,Invertebrates,Arthropoda,Insecta,Trichoptera,Limnephilidae,Limnephilus
121845,GCA_044336275.1,Invertebrates,Arthropoda,Insecta,Hemiptera,Psyllidae,Diaphorina
1219160,GCA_963966595.1,Invertebrates,Arthropoda,Insecta,Diptera,Conopidae,Physocephala
1219171,GCA_937620795.1,Invertebrates,Arthropoda,Insecta,Diptera,Conopidae,Thecophora
1219204,GCA_922984085.2,Invertebrates,Arthropoda,Insecta,Diptera,Conopidae,Sicus
1219321,GCA_977012855.1,Invertebrates,Arthropoda,Insecta,Lepidoptera,Noctuidae,Coenobia
1220549,GCA_964274985.1,Invertebrates,Arthropoda,Thecostraca,Balanomorpha,Balanidae,Amphibalanus
1223490,GCA_033675125.1,Invertebrates,Arthropoda,Insecta,Lepidoptera,Noctuidae,Athetis
1223490,GCA_974817045.1,Invertebrates,Arthropoda,Insecta,Lepidoptera,Noctuidae,Athetis
1226274,GCA_041682505.1,Invertebrates,Cnidaria,Anthozoa,Scleralcyonacea,Veretillidae,Cavernularia
1226583,GCA_963920525.1,Invertebrates,Arthropoda,Insecta,Diptera,Sciomyzidae,Dichetophora
1226587,GCA_965234975.1,Invertebrates,Arthropoda,Insecta,Diptera,Sciomyzidae,Ilione
1226587,GCA_965234915.1,Invertebrates,Arthropoda,Insecta,Diptera,Sciomyzidae,Ilione
1226616,GCA_914767935.1,Invertebrates,Arthropoda,Insecta,Diptera,Sciomyzidae,Coremacera
1230148,GCA_949127995.1,Invertebrates,Arthropoda,Insecta,Diptera,Heleomyzidae,Suillia
1230162,GCA_961205875.1,Invertebrates,Arthropoda,Insecta,Megaloptera,Sialidae,Sialis
1234657,GCA_977035925.1,Invertebrates,Porifera,Demospongiae,Dictyoceratida,Irciniidae,Sarcotragus
1235830,GCA_974644565.1,Invertebrates,Arthropoda,Insecta,Odonata,Corduliidae,Somatochlora
123773,GCA_964656595.1,Invertebrates,Cnidaria,Anthozoa,Scleractinia,Pocilloporidae,Madracis
1241338,GCA_966096585.1,Invertebrates,Arthropoda,Insecta,Lepidoptera,Crambidae,Catoptria
1241338,GCA_966095715.1,Invertebrates,Arthropoda,Insecta,Lepidoptera,Crambidae,Catoptria
1241339,GCA_976988695.1,Invertebrates,Arthropoda,Insecta,Lepidoptera,Yponomeutidae,Euhyponomeutoides
1241341,GCA_976521965.1,Invertebrates,Arthropoda,Insecta,Lepidoptera,Pterophoridae,Stenoptilia
1241351,GCA_977066085.1,Invertebrates,Arthropoda,Insecta,Lepidoptera,Elachistidae,Elachista
1241357,GCA_977014595.1,Invertebrates,Arthropoda,Insecta,Lepidoptera,Tortricidae,Phtheochroa
1241360,GCA_973862225.1,Invertebrates,Arthropoda,Insecta,Lepidoptera,Noctuidae,Syngrapha
1241361,GCA_965663695.1,Invertebrates,Arthropoda,Insecta,Lepidoptera,Geometridae,Xanthorhoe
1242752,GCA_037074685.2,Invertebrates,Arthropoda,Insecta,Lepidoptera,Crambidae,Glyphodes
124290,GCA_047301615.1,Invertebrates,Arthropoda,Insecta,Hymenoptera,Megachilidae,Osmia
1244581,GCA_963921185.1,Invertebrates,Arthropoda,Insecta,Diptera,Syrphidae,Dasysyrphus
1245466,GCA_050626345.1,Invertebrates,Mollusca,Gastropoda,Architaenioglossa,Ampullariidae,Pomacea
124803,GCA_964277315.1,Invertebrates,Arthropoda,Insecta,Coleoptera,Zopheridae,Tarphius
124917,GCF_024139115.2,Invertebrates,Arthropoda,Insecta,Diptera,Culicidae,Armigeres
1255758,GCA_949358305.1,Invertebrates,Arthropoda,Chilopoda,Geophilomorpha,Linotaeniidae,Strigamia
125945,GCF_025231255.1,Invertebrates,Arthropoda,Insecta,Diptera,Drosophilidae,Drosophila
126173,GCA_965663745.1,Invertebrates,Arthropoda,Insecta,Odonata,Cordulegastridae,Cordulegaster
126173,GCA_965663625.1,Invertebrates,Arthropoda,Insecta,Odonata,Cordulegastridae,Cordulegaster
1262239,GCA_964007475.1,Invertebrates,Arthropoda,Insecta,Diptera,Hybotidae,Hybos
1262309,GCA_963680825.1,Invertebrates,Arthropoda,Insecta,Diptera,Lauxaniidae,Meiosimyza
126231,GCA_933228895.1,Invertebrates,Arthropoda,Insecta,Odonata,Platycnemididae,Platycnemis
1262321,GCA_941918925.1,Invertebrates,Arthropoda,Insecta,Diptera,Rhinophoridae,Phyto
1262360,GCA_963971225.1,Invertebrates,Arthropoda,Insecta,Diptera,Ulidiidae,Melieria
1262473,GCA_949708635.1,Invertebrates,Arthropoda,Insecta,Diptera,Drosophilidae,Hirtodrosophila
1265417,GCA_965642075.1,Invertebrates,Arthropoda,Insecta,Coleoptera,Cerambycidae,Aromia
1265421,GCA_977013095.1,Invertebrates,Arthropoda,Insecta,Coleoptera,Cerambycidae,Morimus
1266490,GCA_930367215.1,Invertebrates,Arthropoda,Insecta,Diptera,Polleniidae,Pollenia
1266491,GCA_949318255.1,Invertebrates,Arthropoda,Insecta,Diptera,Polleniidae,Pollenia
1266492,GCA_964300415.1,Invertebrates,Arthropoda,Insecta,Diptera,Polleniidae,Pollenia
1266580,GCA_977007035.1,Invertebrates,Porifera,Demospongiae,Dendroceratida,Darwinellidae,Aplysilla
126659,GCA_964035525.1,Invertebrates,Cnidaria,Anthozoa,Scleractinia,Poritidae,Porites
126660,GCA_964251815.1,Invertebrates,Arthropoda,Insecta,Odonata,Coenagrionidae,Ischnura
1271715,GCA_951799405.1,Invertebrates,Arthropoda,Insecta,Trichoptera,Glossosomatidae,Agapetus
1271728,GCA_951813805.1,Invertebrates,Arthropoda,Insecta,Trichoptera,Limnephilidae,Limnephilus
1271730,GCA_917880885.1,Invertebrates,Arthropoda,Insecta,Trichoptera,Limnephilidae,Limnephilus
1271742,GCA_936435175.1,Invertebrates,Arthropoda,Insecta,Trichoptera,Limnephilidae,Glyphotaelius
127245,GCA_965197355.1,Invertebrates,Arthropoda,Insecta,Lepidoptera,Nymphalidae,Mechanitis
127245,GCA_965197365.1,Invertebrates,Arthropoda,Insecta,Lepidoptera,Nymphalidae,Mechanitis
127406,GCA_051363215.1,Invertebrates,Arthropoda,Insecta,Diptera,Agromyzidae,Liriomyza
127479,GCA_966096355.1,Invertebrates,Arthropoda,Insecta,Coleoptera,Carabidae,Calathus
1280427,GCA_977019755.1,Invertebrates,Arthropoda,Insecta,Lepidoptera,Gelechiidae,Aroga
1280429,GCA_964059635.1,Invertebrates,Arthropoda,Insecta,Lepidoptera,Gelechiidae,Bryotropha
1280433,GCA_976988865.1,Invertebrates,Arthropoda,Insecta,Lepidoptera,Gelechiidae,Filatima
1280447,GCA_975143605.1,Invertebrates,Arthropoda,Insecta,Lepidoptera,Gelechiidae,Acompsia
1280453,GCA_965199015.1,Invertebrates,Arthropoda,Insecta,Lepidoptera,Gelechiidae,Brachmia
1280467,GCA_965113045.1,Invertebrates,Arthropoda,Insecta,Lepidoptera,Gelechiidae,Nothris
1280477,GCA_977063095.1,Invertebrates,Arthropoda,Insecta,Lepidoptera,Gelechiidae,Xystophora
1281420,GCA_963921415.1,Invertebrates,Arthropoda,Insecta,Lepidoptera,Crambidae,Pyrausta
128161,GCA_965601995.1,Invertebrates,Arthropoda,Insecta,Orthoptera,Gryllidae,Teleogryllus
1282862,GCA_964656845.1,Invertebrates,Cnidaria,Anthozoa,Scleractinia,Oculinidae,Oculina
1284684,GCA_041002905.1,Invertebrates,Arthropoda,Insecta,Hemiptera,Coreidae,Leptoglossus
129105,GCF_016746245.2,Invertebrates,Arthropoda,Insecta,Diptera,Drosophilidae,Drosophila
129105,GCA_016746245.2,Invertebrates,Arthropoda,Insecta,Diptera,Drosophilidae,Drosophila
1291231,GCA_054486245.1,Invertebrates,Arthropoda,Insecta,Thysanoptera,Thripidae,Pseudodendrothrips
1291411,GCA_977014555.1,Invertebrates,Arthropoda,Insecta,Lepidoptera,Plutellidae,Acrolepia
1291413,GCA_977013705.1,Invertebrates,Arthropoda,Insecta,Lepidoptera,Glyphipterigidae,Glyphipterix
12928,GCA_965642515.1,Invertebrates,Mollusca,Gastropoda,,Provannidae,Alviniconcha
129397,GCA_912999735.1,Invertebrates,Arthropoda,Insecta,Lepidoptera,Pieridae,Aporia
129554,GCF_050436995.1,Invertebrates,Arthropoda,Insecta,Lepidoptera,Erebidae,Anticarsia
129554,GCA_050436995.1,Invertebrates,Arthropoda,Insecta,Lepidoptera,Erebidae,Anticarsia
12959,GCA_964261215.2,Invertebrates,Porifera,Demospongiae,Axinellida,Axinellidae,Axinella
12966,GCA_971856555.1,Invertebrates,Mollusca,Bivalvia,Mytilida,Mytilidae,Bathymodiolus
129788,GCA_009026015.1,Invertebrates,Mollusca,Bivalvia,Venerida,Veneridae,Ruditapes
129788,GCA_964294305.1,Invertebrates,Mollusca,Bivalvia,Venerida,Veneridae,Ruditapes
1298491,GCA_966197045.1,Invertebrates,Arthropoda,Insecta,Diptera,Opomyzidae,Opomyza
1298491,GCA_966197025.1,Invertebrates,Arthropoda,Insecta,Diptera,Opomyzidae,Opomyza
12993,GCA_964235115.1,Invertebrates,Cnidaria,Scyphozoa,Rhizostomeae,Cassiopeidae,Cassiopea
130055,GCA_977000285.1,Invertebrates,Cnidaria,Anthozoa,Scleractinia,,Cladocora
130080,GCF_052425735.1,Invertebrates,Cnidaria,Anthozoa,Scleractinia,Oculinidae,Oculina
1302324,GCA_029691765.1,Invertebrates,Arthropoda,Collembola,Entomobryomorpha,Entomobryidae,Entomobrya
13025,GCA_051047995.1,Invertebrates,Arthropoda,Insecta,Coleoptera,Curculionidae,Curculio
13037,GCF_018135715.1,Invertebrates,Arthropoda,Insecta,Lepidoptera,Nymphalidae,Danaus
1304667,GCA_965642525.1,Invertebrates,Arthropoda,Arachnida,Araneae,Zoropsidae,Zoropsis
1304667,GCA_965642535.1,Invertebrates,Arthropoda,Arachnida,Araneae,Zoropsidae,Zoropsis
1304790,GCA_054205895.1,Invertebrates,Arthropoda,Insecta,Coleoptera,Tenebrionidae,Promethis
130591,GCA_040954635.1,Invertebrates,Arthropoda,Insecta,Hemiptera,Fulgoridae,Lycorma
130591,GCF_047948215.1,Invertebrates,Arthropoda,Insecta,Hemiptera,Fulgoridae,Lycorma
130672,GCA_964030785.1,Invertebrates,Cnidaria,Anthozoa,Scleractinia,Siderastreidae,Siderastrea
130704,GCA_014825875.1,Invertebrates,Arthropoda,Insecta,Hymenoptera,Apidae,Bombus
130707,GCA_054051605.1,Invertebrates,Arthropoda,Insecta,Hymenoptera,Apidae,Bombus
130817,GCA_964288815.1,Invertebrates,Arthropoda,Insecta,Lepidoptera,Nymphalidae,Melitaea
13093,GCF_029227915.1,Invertebrates,Cnidaria,Hydrozoa,Anthoathecata,Hydractiniidae,Hydractinia
13093,GCA_029227915.2,Invertebrates,Cnidaria,Hydrozoa,Anthoathecata,Hydractiniidae,Hydractinia
1309697,GCA_964204845.1,Invertebrates,Cnidaria,Anthozoa,Scleralcyonacea,Primnoidae,Callogorgia
1310355,GCA_965212455.1,Invertebrates,Arthropoda,Insecta,Lepidoptera,Lasiocampidae,Odonestis
131215,GCA_029851415.1,Invertebrates,Arthropoda,Insecta,Hymenoptera,Aphelinidae,Eretmocerus
13123,GCA_032191425.1,Invertebrates,Arthropoda,Insecta,Lepidoptera,Erebidae,Lymantria
13123,GCA_963576585.1,Invertebrates,Arthropoda,Insecta,Lepidoptera,Erebidae,Lymantria
131577,GCA_950111635.2,Invertebrates,Arthropoda,Insecta,Coleoptera,Chrysomelidae,Agelastica
131627,GCA_958507055.1,Invertebrates,Arthropoda,Insecta,Coleoptera,Chrysomelidae,Crioceris
13164,GCA_029232275.1,Invertebrates,Arthropoda,Insecta,Hemiptera,Aphididae,Myzus
131645,GCA_963978555.1,Invertebrates,Arthropoda,Insecta,Coleoptera,Chrysomelidae,Galerucella
13191,GCA_024362695.1,Invertebrates,Arthropoda,Insecta,Lepidoptera,Gelechiidae,Pectinophora
13191,GCF_024362695.1,Invertebrates,Arthropoda,Insecta,Lepidoptera,Gelechiidae,Pectinophora
1320720,GCA_964341645.1,Invertebrates,Echinodermata,Crinoidea,Comatulida,Antedonidae,Leptometra
132113,GCA_043295415.1,Invertebrates,Arthropoda,Insecta,Hymenoptera,Apidae,Bombus
1323392,GCA_052862855.1,Invertebrates,Arthropoda,Insecta,Coleoptera,Cerambycidae,Monochamus
1323535,GCA_976988905.1,Invertebrates,Arthropoda,Insecta,Neuroptera,Coniopterygidae,Conwentzia
13262,GCA_053477495.1,Invertebrates,Arthropoda,Insecta,Hemiptera,Aphididae,Schizaphis
132710,GCA_965178335.1,Invertebrates,Arthropoda,Insecta,Lepidoptera,Papilionidae,Zerynthia
1328066,GCA_037976565.1,Invertebrates,Echinodermata,Echinoidea,Camarodonta,Strongylocentrotidae,Mesocentrotus
1329092,GCA_041381225.1,Invertebrates,Annelida,Clitellata,Hirudinida,Haemopidae,Whitmania
133082,GCA_013282895.1,Invertebrates,Arthropoda,Insecta,Hemiptera,Aphididae,Eriosoma
1335492,GCA_977013455.1,Invertebrates,Arthropoda,Insecta,Diptera,Ulidiidae,Herina
1335495,GCA_963668005.1,Invertebrates,Arthropoda,Insecta,Diptera,Ulidiidae,Melieria
1337163,GCA_932294355.1,Invertebrates,Arthropoda,Insecta,Lepidoptera,Noctuidae,Aporophyla
1341252,GCA_973404285.1,Invertebrates,Arthropoda,Insecta,Lepidoptera,Noctuidae,Callopistria
1342033,GCA_965260835.1,Invertebrates,Arthropoda,Insecta,Coleoptera,Curculionidae,Leiosoma
1342090,GCA_977013515.1,Invertebrates,Arthropoda,Insecta,Coleoptera,Curculionidae,Polydrusus
1342093,GCA_963920685.1,Invertebrates,Arthropoda,Insecta,Coleoptera,Curculionidae,Polydrusus
1342213,GCA_977066395.1,Invertebrates,Arthropoda,Insecta,Coleoptera,Curculionidae,Mononychus
1342239,GCA_977017535.1,Invertebrates,Arthropoda,Insecta,Coleoptera,Curculionidae,Stenocarus
1343054,GCA_977013285.1,Invertebrates,Arthropoda,Insecta,Lepidoptera,Pieridae,Pieris
1343502,GCA_965152755.1,Invertebrates,Arthropoda,Insecta,Diptera,Mycetophilidae,Leia
1344699,GCA_977012675.1,Invertebrates,Arthropoda,Insecta,Lepidoptera,Crambidae,Anania
134471,GCA_030674155.1,Invertebrates,Mollusca,Gastropoda,Neogastropoda,Muricidae,Stramonita
1348078,GCA_034509925.1,Invertebrates,Annelida,Clitellata,Hirudinida,Hirudinidae,Hirudinaria
134933,GCA_965234985.1,Invertebrates,Cnidaria,Anthozoa,Zoantharia,Sphenopidae,Palythoa
1350358,GCA_964036295.1,Invertebrates,Cnidaria,Anthozoa,Antipatharia,Myriopathidae,Plumapathes
1352472,GCA_963971375.1,Invertebrates,Arthropoda,Insecta,Diptera,Syrphidae,Platycheirus
1352473,GCA_949129095.1,Invertebrates,Arthropoda,Insecta,Diptera,Syrphidae,Volucella
1352479,GCA_929447395.1,Invertebrates,Arthropoda,Insecta,Diptera,Syrphidae,Epistrophe
135651,GCA_964036135.1,Invertebrates,Nematoda,Chromadorea,Rhabditida,Rhabditidae,Caenorhabditis
135721,GCA_048771855.1,Invertebrates,Mollusca,Bivalvia,Venerida,Cyrenidae,Corbicula
135868,GCA_965644065.1,Invertebrates,Arthropoda,Insecta,Coleoptera,Staphylinidae,Drusilla
135881,GCA_963978815.1,Invertebrates,Arthropoda,Insecta,Coleoptera,Staphylinidae,Aleochara
136180,GCA_053477335.1,Invertebrates,Arthropoda,Hexanauplia,Calanoida,Acartiidae,Acartia
136194,GCA_977071025.1,Invertebrates,Arthropoda,Pycnogonida,Pantopoda,Endeidae,Endeis
1366396,GCA_947363495.1,Invertebrates,Arthropoda,Insecta,Lepidoptera,Pyralidae,Euzophera
1367176,GCA_977089965.1,Invertebrates,Annelida,Polychaeta,Sabellida,Sabellidae,Branchiomma
13686,GCF_016802725.1,Invertebrates,Arthropoda,Insecta,Hymenoptera,Formicidae,Solenopsis
13686,GCA_016802725.1,Invertebrates,Arthropoda,Insecta,Hymenoptera,Formicidae,Solenopsis
1371681,GCA_927399485.1,Invertebrates,Arthropoda,Insecta,Lepidoptera,Crambidae,Calamotropha
137263,GCA_031772095.1,Invertebrates,Arthropoda,Insecta,Diptera,Tephritidae,Zeugodacus
1373157,GCA_018467065.1,Invertebrates,Arthropoda,Insecta,Lepidoptera,Pyralidae,Ephestia
1373361,GCA_977013875.1,Invertebrates,Arthropoda,Insecta,Lepidoptera,Erebidae,Eublemma
1373361,GCA_977013755.1,Invertebrates,Arthropoda,Insecta,Lepidoptera,Erebidae,Eublemma
1375242,GCA_965113135.1,Invertebrates,Arthropoda,Insecta,Lepidoptera,Tineidae,Monopis
1379410,GCA_042257705.1,Invertebrates,Arthropoda,Insecta,Coleoptera,Tenebrionidae,Blaps
138070,GCA_905333045.1,Invertebrates,Arthropoda,Insecta,Lepidoptera,Lycaenidae,Lysandra
1381352,GCA_964204835.1,Invertebrates,Cnidaria,Anthozoa,Scleractinia,Dendrophylliidae,Turbinaria
1384715,GCA_971864595.1,Invertebrates,Arthropoda,Insecta,Hymenoptera,Cimbicidae,Abia
1384776,GCA_965113185.1,Invertebrates,Arthropoda,Insecta,Hymenoptera,Argidae,Arge
1384777,GCA_963969455.1,Invertebrates,Arthropoda,Insecta,Hymenoptera,Argidae,Arge
1384894,GCA_949628255.1,Invertebrates,Arthropoda,Insecta,Hymenoptera,Tenthredinidae,Macrophya
1384895,GCA_963924015.1,Invertebrates,Arthropoda,Insecta,Hymenoptera,Tenthredinidae,Macrophya
1385029,GCA_944452935.1,Invertebrates,Arthropoda,Insecta,Hymenoptera,Tenthredinidae,Rhogogaster
1385102,GCA_947538915.1,Invertebrates,Arthropoda,Insecta,Hymenoptera,Tenthredinidae,Tenthredo
1385253,GCA_964662225.1,Invertebrates,Arthropoda,Insecta,Hymenoptera,Tenthredinidae,Eutomostethus
1385863,GCA_974891015.1,Invertebrates,Arthropoda,Collembola,Symphypleona,Dicyrtomidae,Dicyrtoma
1387116,GCA_949802685.1,Invertebrates,Arthropoda,Collembola,Symphypleona,Dicyrtomidae,Dicyrtomina
139036,GCA_040436485.1,Invertebrates,Arthropoda,Insecta,Lepidoptera,Pyralidae,Corcyra
1390362,GCA_021292105.1,Invertebrates,Mollusca,Bivalvia,Arcoida,Arcidae,Anadara
139045,GCF_943734705.1,Invertebrates,Arthropoda,Insecta,Diptera,Culicidae,Anopheles
139045,GCA_943734705.2,Invertebrates,Arthropoda,Insecta,Diptera,Culicidae,Anopheles
139047,GCA_943735745.2,Invertebrates,Arthropoda,Insecta,Diptera,Culicidae,Anopheles
139047,GCF_943735745.2,Invertebrates,Arthropoda,Insecta,Diptera,Culicidae,Anopheles
1390724,GCA_964274975.1,Invertebrates,Porifera,Demospongiae,Tetractinellida,Geodiidae,Geodia
1391061,GCA_965644515.1,Invertebrates,Porifera,Demospongiae,Polymastiida,Polymastiidae,Weberella
1391524,GCA_977019785.1,Invertebrates,Arthropoda,Insecta,Lepidoptera,Tortricidae,Ancylis
1391527,GCA_976289765.1,Invertebrates,Arthropoda,Insecta,Lepidoptera,Tortricidae,Epinotia
139456,GCA_016920825.1,Invertebrates,Arthropoda,Malacostraca,Decapoda,Penaeidae,Penaeus
139456,GCF_019202785.1,Invertebrates,Arthropoda,Malacostraca,Decapoda,Penaeidae,Penaeus
139649,GCF_002237135.1,Invertebrates,Arthropoda,Insecta,Diptera,Diopsidae,Teleopsis
139649,GCA_002237135.5,Invertebrates,Arthropoda,Insecta,Diptera,Diopsidae,Teleopsis
1400855,GCA_965118255.1,Invertebrates,Cnidaria,Anthozoa,Scleralcyonacea,Veretillidae,Veretillum
1405359,GCA_966184305.1,Invertebrates,Arthropoda,Insecta,Lepidoptera,Plutellidae,Plutella
1405625,GCA_977090005.1,Invertebrates,Arthropoda,Insecta,Lepidoptera,Gracillariidae,Phyllonorycter
1405625,GCA_977090045.1,Invertebrates,Arthropoda,Insecta,Lepidoptera,Gracillariidae,Phyllonorycter
141011,GCA_964019555.1,Invertebrates,Cnidaria,Anthozoa,Scleractinia,Acroporidae,Acropora
1411665,GCA_963855975.1,Invertebrates,Arthropoda,Insecta,Hymenoptera,Andrenidae,Andrena
1411666,GCA_929108735.1,Invertebrates,Arthropoda,Insecta,Hymenoptera,Andrenidae,Andrena
1411667,GCA_946251845.1,Invertebrates,Arthropoda,Insecta,Hymenoptera,Andrenidae,Andrena
1411927,GCA_964274215.1,Invertebrates,Mollusca,Bivalvia,,Thraciidae,Thracia
141258,GCA_949987645.1,Invertebrates,Arthropoda,Insecta,Diptera,Tachinidae,Tachina
1417353,GCA_976239845.1,Invertebrates,Arthropoda,Insecta,Lepidoptera,Tortricidae,Thiodia
1418836,GCA_050084765.1,Invertebrates,Arthropoda,Insecta,Lepidoptera,Lasiocampidae,Trabala
1419289,GCA_934046635.1,Invertebrates,Arthropoda,Insecta,Hymenoptera,Ichneumonidae,Buathra
141969,GCA_013425905.1,Invertebrates,Nematoda,Chromadorea,Rhabditida,Rhabditidae,Oscheius
142104,GCA_964265095.1,Invertebrates,Cnidaria,Anthozoa,Scleralcyonacea,Coralliidae,Corallium
1421715,GCA_035610365.1,Invertebrates,Arthropoda,Insecta,Coleoptera,Lampyridae,Aquatica
1424507,GCA_025407655.1,Invertebrates,Arthropoda,Insecta,Diptera,Culicidae,Aedes
1425412,GCA_949715065.1,Invertebrates,Arthropoda,Insecta,Hemiptera,Aphididae,Periphyllus
1425443,GCA_022818045.1,Invertebrates,Arthropoda,Insecta,Hemiptera,Aphididae,Neotoxoptera
1425550,GCA_965615805.1,Invertebrates,Arthropoda,Insecta,Coleoptera,Chrysomelidae,Crepidodera
1427173,GCA_030273425.1,Invertebrates,Arthropoda,Insecta,Hymenoptera,Braconidae,Microplitis
1431430,GCA_951215215.1,Invertebrates,Arthropoda,Insecta,Hymenoptera,Andrenidae,Andrena
1431903,GCA_921294245.1,Invertebrates,Arthropoda,Insecta,Coleoptera,Nitidulidae,Brassicogethes
1432747,GCA_034190945.1,Invertebrates,Arthropoda,Insecta,Coleoptera,Chrysomelidae,Octodonta
1436025,GCA_965362985.1,Invertebrates,Arthropoda,Malacostraca,Decapoda,Diogenidae,Diogenes
1436028,GCA_963942565.1,Invertebrates,Annelida,Polychaeta,Spionida,Magelonidae,Magelona
1437191,GCF_907164935.1,Invertebrates,Arthropoda,Insecta,Hymenoptera,Megachilidae,Osmia
1437193,GCF_051020975.1,Invertebrates,Arthropoda,Insecta,Hymenoptera,Megachilidae,Osmia
143722,GCA_921293315.2,Invertebrates,Arthropoda,Insecta,Plecoptera,Nemouridae,Nemurella
143735,GCA_934045905.1,Invertebrates,Arthropoda,Insecta,Plecoptera,Leuctridae,Leuctra
143995,GCF_050947335.1,Invertebrates,Arthropoda,Insecta,Hymenoptera,Megachilidae,Megachile
144036,GCA_050084945.1,Invertebrates,Arthropoda,Insecta,Hymenoptera,Formicidae,Pogonomyrmex
1441554,GCA_976231865.1,Invertebrates,Arthropoda,Insecta,Lepidoptera,Geometridae,Idaea
1441554,GCA_976238515.1,Invertebrates,Arthropoda,Insecta,Lepidoptera,Geometridae,Idaea
1441559,GCA_965202865.1,Invertebrates,Arthropoda,Insecta,Lepidoptera,Geometridae,Idaea
1441563,GCA_964659525.1,Invertebrates,Arthropoda,Insecta,Lepidoptera,Geometridae,Idaea
1441566,GCA_964276605.1,Invertebrates,Arthropoda,Insecta,Lepidoptera,Geometridae,Idaea
1441571,GCA_965154585.1,Invertebrates,Arthropoda,Insecta,Lepidoptera,Geometridae,Microloxia
1442285,GCA_977012715.1,Invertebrates,Arthropoda,Insecta,Lepidoptera,Elachistidae,Elachista
1442288,GCA_977012805.1,Invertebrates,Arthropoda,Insecta,Lepidoptera,Elachistidae,Elachista
1442288,GCA_977012565.1,Invertebrates,Arthropoda,Insecta,Lepidoptera,Elachistidae,Elachista
1442294,GCA_977013205.1,Invertebrates,Arthropoda,Insecta,Lepidoptera,Elachistidae,Elachista
144245,GCA_963920625.1,Invertebrates,Arthropoda,Insecta,Hymenoptera,Braconidae,Dinocampus
144253,GCA_963921955.1,Invertebrates,Arthropoda,Insecta,Hymenoptera,Braconidae,Aleiodes
144254,GCA_965249695.1,Invertebrates,Arthropoda,Insecta,Hymenoptera,Braconidae,Aleiodes
144512,GCA_002221485.1,Invertebrates,Nematoda,Enoplea,Trichinellida,Trichinellidae,Trichinella
1445684,GCA_964338635.1,Invertebrates,Arthropoda,Insecta,Coleoptera,Cleridae,Opilo
1446102,GCA_964657245.1,Invertebrates,Annelida,Polychaeta,Phyllodocida,Glyceridae,Glycera
1448893,GCA_977013465.1,Invertebrates,Arthropoda,Insecta,Lepidoptera,Gelechiidae,Altenia
1448897,GCA_976954725.1,Invertebrates,Arthropoda,Insecta,Lepidoptera,Depressariidae,Depressaria
1448927,GCA_964656535.1,Invertebrates,Arthropoda,Insecta,Lepidoptera,Tineidae,Triaxomera
1449960,GCA_034766995.1,Invertebrates,Arthropoda,Insecta,Megaloptera,Corydalidae,Acanthacorydalis
1452707,GCA_048013815.1,Invertebrates,Arthropoda,Arachnida,Trombidiformes,Phytoptidae,Setoptus
1452771,GCA_963662175.1,Invertebrates,Arthropoda,Insecta,Hemiptera,Aradidae,Aradus
145626,GCA_050415755.1,Invertebrates,Mollusca,Gastropoda,Stylommatophora,Camaenidae,Bradybaena
1458189,GCF_963556715.1,Invertebrates,Arthropoda,Insecta,Lepidoptera,Tortricidae,Cydia
1458189,GCA_963556715.1,Invertebrates,Arthropoda,Insecta,Lepidoptera,Tortricidae,Cydia
1462594,GCA_026168455.1,Invertebrates,Arthropoda,Insecta,Hymenoptera,Pteromalidae,Theocolax
1464561,GCA_964187845.1,Invertebrates,Arthropoda,Insecta,Diptera,Culicidae,Culex
1465182,GCA_976988655.1,Invertebrates,Arthropoda,Insecta,Hemiptera,Cicadellidae,Stragania
1465182,GCA_976988775.1,Invertebrates,Arthropoda,Insecta,Hemiptera,Cicadellidae,Stragania
1470699,GCA_977013135.1,Invertebrates,Arthropoda,Insecta,Coleoptera,Tenebrionidae,Phaleria
1472349,GCA_963584105.1,Invertebrates,Mollusca,Gastropoda,,Provannidae,Alviniconcha
147581,GCA_051403575.1,Invertebrates,Mollusca,Gastropoda,Stylommatophora,Agriolimacidae,Deroceras
1479653,GCA_964258685.1,Invertebrates,Cnidaria,Anthozoa,Scleractinia,Dendrophylliidae,Duncanopsammia
1486046,GCF_014743375.2,Invertebrates,Arthropoda,Insecta,Diptera,Drosophilidae,Drosophila
1491185,GCA_977066575.1,Invertebrates,Mollusca,Gastropoda,,Provannidae,Alviniconcha
1492915,GCA_963457715.1,Invertebrates,Arthropoda,Insecta,Lepidoptera,Argyresthiidae,Argyresthia
1496333,GCF_943734695.1,Invertebrates,Arthropoda,Insecta,Diptera,Culicidae,Anopheles
1498833,GCA_964502725.1,Invertebrates,Arthropoda,Insecta,Lepidoptera,Crambidae,Eudonia
1499079,GCA_965194875.1,Invertebrates,Arthropoda,Collembola,Entomobryomorpha,Paronellidae,Cyphoderus
1499118,GCA_965183745.2,Invertebrates,Mollusca,Gastropoda,Nudibranchia,Chromodorididae,Felimida
1501862,GCA_963966015.1,Invertebrates,Arthropoda,Insecta,Coleoptera,Coccinellidae,Aphidecta
1501876,GCA_965642255.1,Invertebrates,Arthropoda,Insecta,Coleoptera,Mycetophagidae,Mycetophagus
1502335,GCA_949319885.1,Invertebrates,Arthropoda,Insecta,Lepidoptera,Crambidae,Mecyna
1503980,GCA_002259235.3,Invertebrates,Nematoda,Chromadorea,Rhabditida,Rhabditidae,Caenorhabditis
150425,GCA_043589495.1,Invertebrates,Arthropoda,Malacostraca,Decapoda,Palinuridae,Panulirus
150431,GCA_036320965.1,Invertebrates,Arthropoda,Malacostraca,Decapoda,Palinuridae,Panulirus
150431,GCF_036320965.1,Invertebrates,Arthropoda,Malacostraca,Decapoda,Palinuridae,Panulirus
1504853,GCA_963920215.1,Invertebrates,Arthropoda,Insecta,Neuroptera,Chrysopidae,Nineta
1504855,GCA_965240235.1,Invertebrates,Arthropoda,Insecta,Neuroptera,Chrysopidae,Nothochrysa
1507179,GCA_030407085.1,Invertebrates,Arthropoda,Insecta,Hymenoptera,Diapriidae,Trichopria
150925,GCA_051314065.1,Invertebrates,Arthropoda,Insecta,Hymenoptera,Agaonidae,Pegoscapus
1511221,GCA_911387785.2,Invertebrates,Arthropoda,Insecta,Hemiptera,Pentatomidae,Aelia
1511665,GCA_965111845.1,Invertebrates,Arthropoda,Insecta,Diptera,Muscidae,Phaonia
151304,GCA_949752895.1,Invertebrates,Arthropoda,Insecta,Lepidoptera,Lasiocampidae,Dendrolimus
151326,GCA_964263865.1,Invertebrates,Arthropoda,Insecta,Lepidoptera,Lasiocampidae,Lasiocampa
1518028,GCA_964023945.1,Invertebrates,Arthropoda,Insecta,Hymenoptera,Crabronidae,Ectemnius
1518524,GCA_964417605.2,Invertebrates,Arthropoda,Arachnida,Araneae,Macrothelidae,Macrothele
1518534,GCA_016097095.1,Invertebrates,Arthropoda,Insecta,Diptera,Culicidae,Anopheles
1518534,GCF_943734685.1,Invertebrates,Arthropoda,Insecta,Diptera,Culicidae,Anopheles
1519100,GCA_046718835.1,Invertebrates,Arthropoda,Collembola,Poduromorpha,Hypogastruridae,Ceratophysella
152013,GCA_027627225.1,Invertebrates,Mollusca,Bivalvia,Myida,Dreissenidae,Congeria
1521116,GCF_943734725.1,Invertebrates,Arthropoda,Insecta,Diptera,Culicidae,Anopheles
1525512,GCA_976917515.1,Invertebrates,Arthropoda,Insecta,Diptera,Ceratopogonidae,Forcipomyia
1526741,GCA_965225065.2,Invertebrates,Mollusca,Bivalvia,Myida,Xylophagaidae,Xylophaga
1527468,GCA_051201775.1,Invertebrates,Mollusca,Bivalvia,Ostreida,Ostreidae,Crassostrea
1530245,GCA_017562165.1,Invertebrates,Arthropoda,Insecta,Lepidoptera,Geometridae,Ectropis
153785,GCA_977071015.1,Invertebrates,Arthropoda,Insecta,Coleoptera,Chrysomelidae,Phratora
1539395,GCA_976494275.1,Invertebrates,Arthropoda,Insecta,Hymenoptera,Ichneumonidae,Ophion
154003,GCA_965642295.1,Invertebrates,Arthropoda,Insecta,Coleoptera,Chrysomelidae,Chrysomela
154015,GCA_965641405.1,Invertebrates,Arthropoda,Insecta,Coleoptera,Chrysomelidae,Gastrophysa
154017,GCA_963584125.1,Invertebrates,Arthropoda,Insecta,Coleoptera,Chrysomelidae,Plagiodera
154029,GCA_965213945.1,Invertebrates,Cnidaria,Anthozoa,Scleractinia,Acroporidae,Acropora
154029,GCA_965214385.1,Invertebrates,Cnidaria,Anthozoa,Scleractinia,Acroporidae,Acropora
1542539,GCA_963576845.1,Invertebrates,Arthropoda,Insecta,Hymenoptera,Megachilidae,Megachile
1542540,GCA_945859555.1,Invertebrates,Arthropoda,Insecta,Hymenoptera,Megachilidae,Megachile
1542580,GCA_947577245.1,Invertebrates,Arthropoda,Insecta,Hymenoptera,Andrenidae,Andrena
1542591,GCA_966197085.1,Invertebrates,Arthropoda,Insecta,Hymenoptera,Colletidae,Hylaeus
1542591,GCA_966197075.1,Invertebrates,Arthropoda,Insecta,Hymenoptera,Colletidae,Hylaeus
1542598,GCA_963932335.1,Invertebrates,Arthropoda,Insecta,Hymenoptera,Andrenidae,Andrena
1545138,GCA_946811695.1,Invertebrates,Arthropoda,Insecta,Hemiptera,Coreidae,Gonocerus
1545161,GCA_965653145.1,Invertebrates,Arthropoda,Insecta,Hemiptera,Rhyparochromidae,Megalonotus
1545161,GCA_965653845.1,Invertebrates,Arthropoda,Insecta,Hemiptera,Rhyparochromidae,Megalonotus
1545233,GCA_976981965.1,Invertebrates,Arthropoda,Insecta,Hemiptera,Miridae,Psallus
1545285,GCA_965637085.1,Invertebrates,Arthropoda,Insecta,Hemiptera,Berytidae,Berytinus
1545287,GCA_965615965.1,Invertebrates,Arthropoda,Insecta,Hemiptera,Berytidae,Berytinus
1545302,GCA_976982355.1,Invertebrates,Arthropoda,Insecta,Hemiptera,Acanthosomatidae,Cyphostethus
1545368,GCA_964056705.1,Invertebrates,Arthropoda,Insecta,Hemiptera,Pentatomidae,Troilus
1545368,GCA_964056715.1,Invertebrates,Arthropoda,Insecta,Hemiptera,Pentatomidae,Troilus
154625,GCA_043644045.1,Invertebrates,Mollusca,Gastropoda,,Plakobranchidae,Elysia
154630,GCA_965242825.1,Invertebrates,Mollusca,Gastropoda,,Plakobranchidae,Thuridilla
154632,GCA_977019725.1,Invertebrates,Mollusca,Gastropoda,Umbraculida,Tylodinidae,Tylodina
154642,GCA_975085575.1,Invertebrates,Mollusca,Gastropoda,Nudibranchia,Facelinidae,Cratena
154647,GCA_965362205.1,Invertebrates,Mollusca,Gastropoda,Nudibranchia,Tritoniidae,Marionia
1547359,GCA_963971475.1,Invertebrates,Arthropoda,Insecta,Diptera,Tabanidae,Chrysops
1547439,GCA_032717465.2,Invertebrates,Arthropoda,Malacostraca,Decapoda,Coenobitidae,Coenobita
1548796,GCA_965243875.1,Invertebrates,Cnidaria,Anthozoa,Actiniaria,Actiniidae,Paranemonia
1550068,GCA_963932045.1,Invertebrates,Nematoda,Chromadorea,Rhabditida,Rhabditidae,Caenorhabditis
155166,GCA_976231855.1,Invertebrates,Arthropoda,Insecta,Lepidoptera,Lycaenidae,Plebejus
155166,GCA_976231785.1,Invertebrates,Arthropoda,Insecta,Lepidoptera,Lycaenidae,Plebejus
1552300,GCA_040954815.1,Invertebrates,Arthropoda,Insecta,Coleoptera,Tenebrionidae,Ulomoides
1552766,GCA_963854165.1,Invertebrates,Arthropoda,Insecta,Diptera,Anisopodidae,Sylvicola
1552824,GCA_046736385.1,Invertebrates,Arthropoda,Insecta,Coleoptera,Curculionidae,Eucryptorrhynchus
1553040,GCA_947534325.1,Invertebrates,Arthropoda,Insecta,Coleoptera,Carabidae,Agonum
1553174,GCA_958510845.1,Invertebrates,Arthropoda,Insecta,Coleoptera,Cantharidae,Cantharis
1553241,GCA_963556235.1,Invertebrates,Arthropoda,Insecta,Coleoptera,Cryptophagidae,Cryptophagus
1553252,GCA_030157275.1,Invertebrates,Arthropoda,Insecta,Coleoptera,Tenebrionidae,Cynaeus
1553258,GCA_965112895.1,Invertebrates,Arthropoda,Insecta,Coleoptera,Elateridae,Dalopius
1553328,GCA_029298725.1,Invertebrates,Arthropoda,Insecta,Coleoptera,Tenebrionidae,Gnatocerus
1553333,GCA_964656865.1,Invertebrates,Arthropoda,Insecta,Coleoptera,Erirhinidae,Grypus
1553591,GCA_965276455.1,Invertebrates,Arthropoda,Insecta,Coleoptera,Anthicidae,Notoxus
1553677,GCA_932274525.1,Invertebrates,Arthropoda,Insecta,Coleoptera,Cantharidae,Podabrus
1553715,GCA_958510855.1,Invertebrates,Arthropoda,Insecta,Coleoptera,Cantharidae,Rhagonycha
1553746,GCA_964211955.1,Invertebrates,Arthropoda,Insecta,Coleoptera,Staphylinidae,Staphylinus
1555629,GCA_019059595.1,Invertebrates,Arthropoda,Insecta,Lepidoptera,Crambidae,Marasmia
1559960,GCA_932521025.1,Invertebrates,Nematoda,Chromadorea,Rhabditida,Rhabditidae,Oscheius
1560148,GCA_051167455.1,Invertebrates,Arthropoda,Insecta,Trichoptera,Stenopsychidae,Stenopsyche
1560625,GCA_958496175.1,Invertebrates,Arthropoda,Insecta,Neuroptera,Sisyridae,Sisyra
1561998,GCA_043792875.1,Invertebrates,Nematoda,Chromadorea,Rhabditida,Rhabditidae,Caenorhabditis
156442,GCA_964188295.1,Invertebrates,Arthropoda,Insecta,Hemiptera,Reduviidae,Panstrongylus
1564611,GCA_964659555.1,Invertebrates,Mollusca,Gastropoda,Nudibranchia,Chromodorididae,Felimare
1566146,GCA_044658445.1,Invertebrates,Arthropoda,Arachnida,Araneae,Eresidae,Stegodyphus
1569171,GCA_965648555.1,Invertebrates,Arthropoda,Insecta,Coleoptera,Scirtidae,Prionocyphon
1569171,GCA_965648515.1,Invertebrates,Arthropoda,Insecta,Coleoptera,Scirtidae,Prionocyphon
1569442,GCA_051106155.1,Invertebrates,Arthropoda,Arachnida,Sarcoptiformes,Winterschmidtiidae,Oulenziella
1569773,GCA_029203775.1,Invertebrates,Arthropoda,Insecta,Megaloptera,Corydalidae,Neoneuromus
1569972,GCA_020615435.1,Invertebrates,Arthropoda,Insecta,Hymenoptera,Scelionidae,Telenomus
157069,GCA_944472135.2,Invertebrates,Platyhelminthes,Trematoda,Strigeidida,Schistosomatidae,Trichobilharzia
157070,GCA_944472155.2,Invertebrates,Platyhelminthes,Trematoda,Strigeidida,Schistosomatidae,Trichobilharzia
1572519,GCA_907269125.1,Invertebrates,Arthropoda,Insecta,Diptera,Syrphidae,Eristalis
1572538,GCA_963942525.1,Invertebrates,Arthropoda,Insecta,Diptera,Ptychopteridae,Ptychoptera
157381,GCA_040363735.1,Invertebrates,Arthropoda,Insecta,Lepidoptera,Papilionidae,Graphium
1581339,GCA_053455685.1,Invertebrates,Arthropoda,Insecta,Orthoptera,Trigonidiidae,Dianemobius
158387,GCA_010645155.1,Invertebrates,Arthropoda,Hexanauplia,Harpacticoida,Harpacticidae,Tigriopus
158441,GCA_020920555.1,Invertebrates,Arthropoda,Collembola,Entomobryomorpha,Isotomidae,Folsomia
158624,GCA_013421045.1,Invertebrates,Arthropoda,Insecta,Coleoptera,Coccinellidae,Propylea
1586585,GCA_963920635.1,Invertebrates,Arthropoda,Insecta,Coleoptera,Anthribidae,Pseudeuparius
1586587,GCA_965643585.1,Invertebrates,Arthropoda,Insecta,Coleoptera,Mycetophagidae,Eulagius
1586622,GCA_977061565.1,Invertebrates,Arthropoda,Insecta,Coleoptera,Anthribidae,Platyrhinus
1586972,GCA_947389935.1,Invertebrates,Arthropoda,Insecta,Coleoptera,Buprestidae,Agrilus
1587142,GCA_963920755.1,Invertebrates,Arthropoda,Insecta,Coleoptera,Latridiidae,Cartodere
1587174,GCA_944452925.2,Invertebrates,Arthropoda,Insecta,Coleoptera,Chrysomelidae,Chrysolina
1587176,GCA_965121785.1,Invertebrates,Arthropoda,Insecta,Coleoptera,Chrysomelidae,Chrysomela
1587206,GCA_963576515.1,Invertebrates,Arthropoda,Insecta,Coleoptera,Chrysomelidae,Cryptocephalus
1588098,GCA_976777915.1,Invertebrates,Arthropoda,Insecta,Lepidoptera,Gelechiidae,Chionodes
1588107,GCA_966184385.1,Invertebrates,Arthropoda,Insecta,Lepidoptera,Gelechiidae,Neofriseria
1588107,GCA_966185165.1,Invertebrates,Arthropoda,Insecta,Lepidoptera,Gelechiidae,Neofriseria
1588108,GCA_965154575.1,Invertebrates,Arthropoda,Insecta,Lepidoptera,Gelechiidae,Pseudotelphusa
1588201,GCA_965119585.1,Invertebrates,Arthropoda,Insecta,Coleoptera,Elateridae,Limonius
1588201,GCA_965119595.1,Invertebrates,Arthropoda,Insecta,Coleoptera,Elateridae,Limonius
1588223,GCA_963924605.1,Invertebrates,Arthropoda,Insecta,Coleoptera,Cantharidae,Malthinus
1588336,GCA_963921995.1,Invertebrates,Arthropoda,Insecta,Coleoptera,Apionidae,Oxystoma
1588496,GCA_963932245.1,Invertebrates,Arthropoda,Insecta,Coleoptera,Staphylinidae,Tachinus
1592913,GCA_965282545.1,Invertebrates,Arthropoda,Insecta,Ephemeroptera,Baetidae,Procloeon
1594219,GCA_971880295.1,Invertebrates,Arthropoda,Insecta,Lepidoptera,Tortricidae,Aethes
1594220,GCA_965285855.1,Invertebrates,Arthropoda,Insecta,Lepidoptera,Tortricidae,Aethes
1594220,GCA_965285805.1,Invertebrates,Arthropoda,Insecta,Lepidoptera,Tortricidae,Aethes
1594222,GCA_927399405.1,Invertebrates,Arthropoda,Insecta,Lepidoptera,Depressariidae,Agonopterix
1594226,GCA_928269145.1,Invertebrates,Arthropoda,Insecta,Lepidoptera,Crambidae,Agriphila
1594229,GCA_963576865.1,Invertebrates,Arthropoda,Insecta,Lepidoptera,Crambidae,Anania
1594231,GCA_966184285.1,Invertebrates,Arthropoda,Insecta,Lepidoptera,Crambidae,Anania
1594233,GCA_976225375.1,Invertebrates,Arthropoda,Insecta,Lepidoptera,Tortricidae,Ancylis
1594233,GCA_976225465.1,Invertebrates,Arthropoda,Insecta,Lepidoptera,Tortricidae,Ancylis
1594239,GCA_976918315.1,Invertebrates,Arthropoda,Insecta,Lepidoptera,Gelechiidae,Brachmia
1594243,GCA_977013245.1,Invertebrates,Arthropoda,Insecta,Lepidoptera,Gracillariidae,Caloptilia
1594243,GCA_977013295.1,Invertebrates,Arthropoda,Insecta,Lepidoptera,Gracillariidae,Caloptilia
1594245,GCA_963931975.1,Invertebrates,Arthropoda,Insecta,Lepidoptera,Crambidae,Cataclysta
1594247,GCA_964237635.1,Invertebrates,Arthropoda,Insecta,Lepidoptera,Tortricidae,Celypha
1594250,GCA_910589605.1,Invertebrates,Arthropoda,Insecta,Lepidoptera,Crambidae,Chrysoteuchia
1594251,GCA_965637065.1,Invertebrates,Arthropoda,Insecta,Lepidoptera,Tortricidae,Cnephasia
1594252,GCA_965605785.1,Invertebrates,Arthropoda,Insecta,Lepidoptera,Tortricidae,Cochylidia
1594252,GCA_965605805.1,Invertebrates,Arthropoda,Insecta,Lepidoptera,Tortricidae,Cochylidia
1594254,GCA_971878185.1,Invertebrates,Arthropoda,Insecta,Lepidoptera,Tortricidae,Cochylis
1594261,GCA_965267545.1,Invertebrates,Arthropoda,Insecta,Lepidoptera,Crambidae,Crambus
1594261,GCA_965267255.1,Invertebrates,Arthropoda,Insecta,Lepidoptera,Crambidae,Crambus
1594266,GCA_971869465.1,Invertebrates,Arthropoda,Insecta,Lepidoptera,Tortricidae,Cydia
1594274,GCA_977013365.1,Invertebrates,Arthropoda,Insecta,Lepidoptera,Crambidae,Diasemia
1594279,GCA_964258865.1,Invertebrates,Arthropoda,Insecta,Lepidoptera,Lypusidae,Diurnea
1594281,GCA_977018485.1,Invertebrates,Arthropoda,Insecta,Lepidoptera,Crambidae,Donacaula
1594281,GCA_977018515.1,Invertebrates,Arthropoda,Insecta,Lepidoptera,Crambidae,Donacaula
1594282,GCA_964662145.1,Invertebrates,Arthropoda,Insecta,Lepidoptera,Tortricidae,Eana
1594290,GCA_976227175.1,Invertebrates,Arthropoda,Insecta,Lepidoptera,Tortricidae,Epiblema
1594291,GCA_976227255.1,Invertebrates,Arthropoda,Insecta,Lepidoptera,Tortricidae,Epiblema
1594293,GCA_947049275.1,Invertebrates,Arthropoda,Insecta,Lepidoptera,Tortricidae,Epinotia
1594294,GCA_945867215.1,Invertebrates,Arthropoda,Insecta,Lepidoptera,Tortricidae,Epinotia
1594296,GCA_947578815.1,Invertebrates,Arthropoda,Insecta,Lepidoptera,Tortricidae,Epinotia
1594298,GCA_977035835.1,Invertebrates,Arthropoda,Insecta,Lepidoptera,Tortricidae,Eucosmomorpha
1594299,GCA_977013375.1,Invertebrates,Arthropoda,Insecta,Lepidoptera,Tortricidae,Eudemis
1594301,GCA_964468265.1,Invertebrates,Arthropoda,Insecta,Lepidoptera,Crambidae,Eudonia
1594301,GCA_964468325.1,Invertebrates,Arthropoda,Insecta,Lepidoptera,Crambidae,Eudonia
1594307,GCA_977014695.1,Invertebrates,Arthropoda,Insecta,Lepidoptera,Tortricidae,Grapholita
1594309,GCA_964197955.1,Invertebrates,Arthropoda,Insecta,Lepidoptera,Tortricidae,Hedya
1594315,GCA_905163555.1,Invertebrates,Arthropoda,Insecta,Lepidoptera,Tortricidae,Notocelia
1594316,GCA_947347705.1,Invertebrates,Arthropoda,Insecta,Lepidoptera,Crambidae,Nymphula
1594318,GCA_964468075.1,Invertebrates,Arthropoda,Insecta,Lepidoptera,Tortricidae,Orthotaenia
1594320,GCA_977018855.1,Invertebrates,Arthropoda,Insecta,Lepidoptera,Tortricidae,Pammene
1594321,GCA_910589355.1,Invertebrates,Arthropoda,Insecta,Lepidoptera,Crambidae,Parapoynx
1594322,GCA_964340925.1,Invertebrates,Arthropoda,Insecta,Lepidoptera,Crambidae,Paratalanta
1594322,GCA_964340875.1,Invertebrates,Arthropoda,Insecta,Lepidoptera,Crambidae,Paratalanta
1594323,GCA_977063485.1,Invertebrates,Arthropoda,Insecta,Lepidoptera,Crambidae,Paratalanta
1594328,GCA_976988925.1,Invertebrates,Arthropoda,Insecta,Lepidoptera,Tortricidae,Phiaris
1594330,GCA_977016815.1,Invertebrates,Arthropoda,Insecta,Lepidoptera,Tortricidae,Phiaris
1594338,GCA_963584085.1,Invertebrates,Arthropoda,Insecta,Lepidoptera,Crambidae,Pyrausta
1594341,GCA_963921215.1,Invertebrates,Arthropoda,Insecta,Lepidoptera,Crambidae,Scoparia
1594342,GCA_976988825.1,Invertebrates,Arthropoda,Insecta,Lepidoptera,Crambidae,Scoparia
1594343,GCA_965234025.1,Invertebrates,Arthropoda,Insecta,Lepidoptera,Crambidae,Scoparia
1594352,GCA_965178035.1,Invertebrates,Arthropoda,Insecta,Lepidoptera,Gelechiidae,Teleiodes
1594354,GCA_905220615.1,Invertebrates,Arthropoda,Insecta,Lepidoptera,Tineidae,Tinea
1594356,GCA_947310845.1,Invertebrates,Arthropoda,Insecta,Lepidoptera,Yponomeutidae,Yponomeuta
1594360,GCA_949319315.1,Invertebrates,Arthropoda,Insecta,Lepidoptera,Yponomeutidae,Zelleria
1594361,GCA_949128165.1,Invertebrates,Arthropoda,Insecta,Lepidoptera,Tortricidae,Lathronympha
1594366,GCA_977066535.1,Invertebrates,Arthropoda,Insecta,Lepidoptera,Adelidae,Nematopogon
1594367,GCA_964261965.1,Invertebrates,Arthropoda,Insecta,Lepidoptera,Adelidae,Nemophora
1594370,GCA_977013225.1,Invertebrates,Arthropoda,Insecta,Lepidoptera,Momphidae,Mompha
1594371,GCA_965198445.1,Invertebrates,Arthropoda,Insecta,Lepidoptera,Momphidae,Mompha
1594443,GCA_976984575.1,Invertebrates,Arthropoda,Insecta,Lepidoptera,Gelechiidae,Argolamprotes
1594445,GCA_964188165.1,Invertebrates,Arthropoda,Insecta,Lepidoptera,Gracillariidae,Aspilapteryx
1594449,GCA_951802225.1,Invertebrates,Arthropoda,Insecta,Lepidoptera,Gracillariidae,Euspilapteryx
1594453,GCA_923062675.1,Invertebrates,Arthropoda,Insecta,Lepidoptera,Pterophoridae,Marasmarcha
159736,GCA_015104395.2,Invertebrates,Arthropoda,Malacostraca,Decapoda,Palaemonidae,Macrobrachium
159736,GCF_015104395.2,Invertebrates,Arthropoda,Malacostraca,Decapoda,Palaemonidae,Macrobrachium
159855,GCA_036669905.1,Invertebrates,Cnidaria,Anthozoa,Scleractinia,Acroporidae,Acropora
159855,GCF_036669905.1,Invertebrates,Cnidaria,Anthozoa,Scleractinia,Acroporidae,Acropora
160208,GCA_028455805.1,Invertebrates,Arthropoda,Insecta,Hymenoptera,Halictidae,Lasioglossum
160216,GCA_964304775.1,Invertebrates,Cnidaria,Anthozoa,Actiniaria,Actiniidae,Anthopleura
1606781,GCA_933228675.1,Invertebrates,Arthropoda,Insecta,Diptera,Rhiniidae,Stomorhina
1606788,GCA_963583895.1,Invertebrates,Arthropoda,Insecta,Diptera,Rhinophoridae,Melanophora
161014,GCA_040581495.1,Invertebrates,Arthropoda,Insecta,Thysanoptera,Thripidae,Thrips
161078,GCA_964017045.1,Invertebrates,Mollusca,Gastropoda,,Lymnaeidae,Omphiscola
1611254,GCA_027920645.1,Invertebrates,Nematoda,Chromadorea,Rhabditida,Rhabditidae,Caenorhabditis
1618191,GCA_036983795.1,Invertebrates,Arthropoda,Insecta,Hymenoptera,Megachilidae,Megachile
1620269,GCA_965234765.1,Invertebrates,Arthropoda,Insecta,Diptera,Culicidae,Anopheles
1620919,GCA_921293015.1,Invertebrates,Mollusca,Gastropoda,Trochida,Trochidae,Phorcus
162637,GCA_016254315.1,Invertebrates,Arthropoda,Insecta,Diptera,Culicidae,Anopheles
163372,GCA_044892535.1,Invertebrates,Platyhelminthes,Rhabditophora,Tricladida,Dugesiidae,Schmidtea
163373,GCA_044892505.1,Invertebrates,Platyhelminthes,Rhabditophora,Tricladida,Dugesiidae,Schmidtea
1637456,GCA_951813785.1,Invertebrates,Arthropoda,Insecta,Diptera,Syrphidae,Criorhina
163893,GCA_033675135.1,Invertebrates,Arthropoda,Insecta,Thysanoptera,Thripidae,Frankliniella
163894,GCA_045571655.1,Invertebrates,Arthropoda,Insecta,Thysanoptera,Thripidae,Thrips
1639166,GCA_976986885.1,Invertebrates,Arthropoda,Insecta,Lepidoptera,Tortricidae,Lobesia
1639166,GCA_976974305.1,Invertebrates,Arthropoda,Insecta,Lepidoptera,Tortricidae,Lobesia
1643962,GCA_964235425.1,Invertebrates,Arthropoda,Insecta,Diptera,Muscidae,Azelia
1643974,GCA_963930755.1,Invertebrates,Arthropoda,Insecta,Diptera,Muscidae,Eudasyphora
1649775,GCA_949316355.1,Invertebrates,Arthropoda,Insecta,Coleoptera,Chrysomelidae,Bruchidius
165100,GCA_949710005.1,Invertebrates,Cnidaria,Anthozoa,Corallimorpharia,Ricordeidae,Ricordea
165419,GCA_047906015.2,Invertebrates,Cnidaria,Anthozoa,Scleractinia,Rhizangiidae,Astrangia
165431,GCA_048181805.1,Invertebrates,Arthropoda,Insecta,Hymenoptera,Formicidae,Aphaenogaster
165450,GCA_028554795.2,Invertebrates,Mollusca,Bivalvia,Unionida,Unionidae,Sinohyriopsis
1654675,GCA_964036275.1,Invertebrates,Nematoda,Chromadorea,Rhabditida,Rhabditidae,Litoditis
1655869,GCA_964204695.1,Invertebrates,Arthropoda,Insecta,Hemiptera,Cicadellidae,Arthaldeus
165599,GCA_051362365.1,Invertebrates,Mollusca,Bivalvia,Adapedonta,Solenidae,Solen
166010,GCA_043789845.1,Invertebrates,Nematoda,Chromadorea,Rhabditida,Anguinidae,Ditylenchus
1660571,GCA_977019175.1,Invertebrates,Arthropoda,Insecta,Lepidoptera,Adelidae,Adela
1660574,GCA_964270645.1,Invertebrates,Arthropoda,Insecta,Lepidoptera,Tortricidae,Aethes
1660579,GCA_943789525.1,Invertebrates,Arthropoda,Insecta,Lepidoptera,Crambidae,Agriphila
1660580,GCA_977019865.1,Invertebrates,Arthropoda,Insecta,Lepidoptera,Crambidae,Agriphila
1660584,GCA_977019885.1,Invertebrates,Arthropoda,Insecta,Lepidoptera,Tortricidae,Ancylis
1660595,GCA_965153255.1,Invertebrates,Arthropoda,Insecta,Lepidoptera,Noctuidae,Bryophila
1660612,GCA_976915165.1,Invertebrates,Arthropoda,Insecta,Lepidoptera,Tortricidae,Cydia
1660626,GCA_966185115.1,Invertebrates,Arthropoda,Insecta,Lepidoptera,Tortricidae,Epinotia
1660626,GCA_966185135.1,Invertebrates,Arthropoda,Insecta,Lepidoptera,Tortricidae,Epinotia
1660628,GCA_965225655.1,Invertebrates,Arthropoda,Insecta,Lepidoptera,Tortricidae,Epinotia
1660629,GCA_964260725.1,Invertebrates,Arthropoda,Insecta,Lepidoptera,Nymphalidae,Erebia
1660630,GCA_964261625.1,Invertebrates,Arthropoda,Insecta,Lepidoptera,Nymphalidae,Erebia
1660634,GCA_963855545.1,Invertebrates,Arthropoda,Insecta,Lepidoptera,Depressariidae,Ethmia
1660644,GCA_949316385.1,Invertebrates,Arthropoda,Insecta,Lepidoptera,Noctuidae,Globia
1660645,GCA_971886065.1,Invertebrates,Arthropoda,Insecta,Lepidoptera,Tortricidae,Grapholita
1660657,GCA_964270795.1,Invertebrates,Arthropoda,Insecta,Lepidoptera,Lasiocampidae,Malacosoma
1660658,GCA_977020135.1,Invertebrates,Arthropoda,Insecta,Lepidoptera,Geometridae,Menophra
1660671,GCA_965641965.1,Invertebrates,Arthropoda,Insecta,Lepidoptera,Tortricidae,Pammene
1660681,GCA_949316185.1,Invertebrates,Arthropoda,Insecta,Lepidoptera,Crambidae,Pyrausta
1660683,GCA_976289995.1,Invertebrates,Arthropoda,Insecta,Lepidoptera,Tortricidae,Rhopobota
1660689,GCA_964277105.1,Invertebrates,Arthropoda,Insecta,Lepidoptera,Erebidae,Setina
1660692,GCA_944452665.1,Invertebrates,Arthropoda,Insecta,Lepidoptera,Pterophoridae,Stenoptilia
1660703,GCA_918317495.1,Invertebrates,Arthropoda,Insecta,Lepidoptera,Sesiidae,Synanthedon
1660718,GCA_964277305.1,Invertebrates,Arthropoda,Insecta,Lepidoptera,Gelechiidae,Platyedra
1660720,GCA_977071785.1,Invertebrates,Arthropoda,Insecta,Lepidoptera,Psychidae,Proutia
1660720,GCA_977071815.1,Invertebrates,Arthropoda,Insecta,Lepidoptera,Psychidae,Proutia
1660724,GCA_964340885.1,Invertebrates,Arthropoda,Insecta,Lepidoptera,Crambidae,Eudonia
1660724,GCA_964340915.1,Invertebrates,Arthropoda,Insecta,Lepidoptera,Crambidae,Eudonia
1662264,GCA_965183905.1,Invertebrates,Arthropoda,Arachnida,Araneae,Araneidae,Leviellus
166361,GCF_036711975.1,Invertebrates,Arthropoda,Insecta,Coleoptera,Scarabaeidae,Onthophagus
1664817,GCA_964271725.1,Invertebrates,Arthropoda,Insecta,Lepidoptera,Nymphalidae,Erebia
1664822,GCA_976918365.1,Invertebrates,Arthropoda,Insecta,Lepidoptera,Nymphalidae,Erebia
1664830,GCA_964304705.1,Invertebrates,Arthropoda,Insecta,Lepidoptera,Nymphalidae,Erebia
1666458,GCA_947044815.1,Invertebrates,Arthropoda,Insecta,Lepidoptera,Pyralidae,Apomyelois
1666478,GCA_975706045.1,Invertebrates,Arthropoda,Insecta,Lepidoptera,Gracillariidae,Caloptilia
1666525,GCA_965669695.1,Invertebrates,Arthropoda,Insecta,Lepidoptera,Tortricidae,Dichrorampha
1666553,GCA_976987325.1,Invertebrates,Arthropoda,Insecta,Lepidoptera,Tortricidae,Epinotia
1666554,GCA_977071775.1,Invertebrates,Arthropoda,Insecta,Lepidoptera,Tortricidae,Epinotia
1666626,GCA_976988895.1,Invertebrates,Arthropoda,Insecta,Lepidoptera,Momphidae,Mompha
1666655,GCA_976928625.1,Invertebrates,Arthropoda,Insecta,Lepidoptera,Crambidae,Pediasia
1666702,GCA_964275275.1,Invertebrates,Arthropoda,Insecta,Lepidoptera,Hesperiidae,Pyrgus
1666818,GCA_943193645.1,Invertebrates,Arthropoda,Insecta,Lepidoptera,Crambidae,Acentria
1666820,GCA_964291865.1,Invertebrates,Arthropoda,Insecta,Lepidoptera,Pyralidae,Anerastia
1666837,GCA_976986825.1,Invertebrates,Arthropoda,Insecta,Lepidoptera,Tineidae,Haplotinea
1667466,GCA_914767735.1,Invertebrates,Arthropoda,Insecta,Hymenoptera,Pompilidae,Anoplius
1667565,GCA_965648425.1,Invertebrates,Arthropoda,Insecta,Hymenoptera,Ichneumonidae,Tranosemella
167016,GCA_977063515.1,Invertebrates,Mollusca,Polyplacophora,Chitonida,Chitonidae,Acanthopleura
1676147,GCA_964264485.1,Invertebrates,Arthropoda,Insecta,Diptera,Syrphidae,Sericomyia
1676568,GCA_977066215.1,Invertebrates,Mollusca,Bivalvia,Cardiida,Cardiidae,Parvicardium
1677693,GCA_973376685.1,Invertebrates,Mollusca,Gastropoda,Nudibranchia,Dorididae,Doris
167799,GCA_964656415.1,Invertebrates,Annelida,Polychaeta,Sabellida,Siboglinidae,Sclerolinum
1678388,GCA_965112825.1,Invertebrates,Arthropoda,Insecta,Lepidoptera,Lycaenidae,Iolana
1678910,GCA_965641945.1,Invertebrates,Arthropoda,Insecta,Lepidoptera,Gracillariidae,Caloptilia
168631,GCA_902850365.2,Invertebrates,Arthropoda,Insecta,Lepidoptera,Crambidae,Chilo
168775,GCA_041430235.2,Invertebrates,Cnidaria,Hydrozoa,Siphonophorae,Physaliidae,Physalia
1689122,GCA_963422695.1,Invertebrates,Arthropoda,Insecta,Diptera,Xylophagidae,Xylophagus
1692350,GCA_949987675.1,Invertebrates,Arthropoda,Insecta,Diptera,Drosophilidae,Chymomyza
1692389,GCA_965614475.1,Invertebrates,Arthropoda,Insecta,Diptera,Muscidae,Hydrotaea
169445,GCA_951804985.1,Invertebrates,Arthropoda,Insecta,Diptera,Dryomyzidae,Dryomyza
169492,GCA_965211945.1,Invertebrates,Arthropoda,Insecta,Diptera,Sepsidae,Orygma
169492,GCA_965218485.1,Invertebrates,Arthropoda,Insecta,Diptera,Sepsidae,Orygma
169498,GCA_017309665.1,Invertebrates,Arthropoda,Insecta,Diptera,Coelopidae,Coelopa
169500,GCA_947389925.1,Invertebrates,Arthropoda,Insecta,Diptera,Coelopidae,Coelopa
1698855,GCA_965122215.1,Invertebrates,Arthropoda,Arachnida,Araneae,Agelenidae,Eratigena
1699438,GCA_948146395.1,Invertebrates,Mollusca,Bivalvia,Cardiida,Cardiidae,Fragum
170557,GCA_044715735.1,Invertebrates,Arthropoda,Insecta,Phasmatodea,Timematidae,Timema
1706499,GCA_976985145.1,Invertebrates,Arthropoda,Insecta,Lepidoptera,Erebidae,Laelia
170843,GCA_950023065.1,Invertebrates,Arthropoda,Insecta,Hemiptera,Pseudococcidae,Planococcus
170916,GCA_965250645.1,Invertebrates,Arthropoda,Insecta,Diptera,Hippoboscidae,Ornithomya
171575,GCA_964258735.1,Invertebrates,Arthropoda,Insecta,Lepidoptera,Nymphalidae,Araschnia
171585,GCF_905147045.1,Invertebrates,Arthropoda,Insecta,Lepidoptera,Nymphalidae,Nymphalis
171585,GCA_905147045.1,Invertebrates,Arthropoda,Insecta,Lepidoptera,Nymphalidae,Nymphalis
171587,GCA_964270575.1,Invertebrates,Arthropoda,Insecta,Lepidoptera,Nymphalidae,Issoria
171592,GCA_964258955.1,Invertebrates,Arthropoda,Insecta,Lepidoptera,Nymphalidae,Nymphalis
171594,GCA_905220585.2,Invertebrates,Arthropoda,Insecta,Lepidoptera,Nymphalidae,Nymphalis
171605,GCF_905220365.1,Invertebrates,Arthropoda,Insecta,Lepidoptera,Nymphalidae,Vanessa
171605,GCA_905220365.2,Invertebrates,Arthropoda,Insecta,Lepidoptera,Nymphalidae,Vanessa
1717392,GCA_963930735.1,Invertebrates,Arthropoda,Insecta,Diptera,Asilidae,Dioctria
1717430,GCA_951509405.1,Invertebrates,Arthropoda,Insecta,Diptera,Asilidae,Machimus
1717602,GCA_965601395.1,Invertebrates,Arthropoda,Insecta,Diptera,Asilidae,Pamponerus
171802,GCA_964264515.1,Invertebrates,Arthropoda,Insecta,Lepidoptera,Nymphalidae,Argynnis
1720740,GCA_963931875.1,Invertebrates,Arthropoda,Insecta,Diptera,Polleniidae,Pollenia
172425,GCA_963978505.1,Invertebrates,Arthropoda,Insecta,Hymenoptera,Ichneumonidae,Listrodromus
173051,GCA_977063475.1,Invertebrates,Arthropoda,Chilopoda,Geophilomorpha,Mecistocephalidae,Dicellophilus
1734902,GCA_977072295.1,Invertebrates,Arthropoda,Insecta,Lepidoptera,Erebidae,Catocala
1734906,GCA_965154605.1,Invertebrates,Arthropoda,Insecta,Lepidoptera,Erebidae,Catocala
1735272,GCF_016097555.1,Invertebrates,Mollusca,Gastropoda,Neomphalida,Peltospiridae,Gigantopelta
1736056,GCF_039881205.1,Invertebrates,Arthropoda,Insecta,Coleoptera,Curculionidae,Euwallacea
173637,GCA_977014465.1,Invertebrates,Arthropoda,Insecta,Lepidoptera,Eriocraniidae,Heringocrania
173637,GCA_977014445.1,Invertebrates,Arthropoda,Insecta,Lepidoptera,Eriocraniidae,Heringocrania
173985,GCA_946477585.1,Invertebrates,Arthropoda,Insecta,Diptera,Syrphidae,Cheilosia
174269,GCA_949125135.1,Invertebrates,Arthropoda,Insecta,Lepidoptera,Geometridae,Alcis
174621,GCF_029784165.1,Invertebrates,Arthropoda,Insecta,Diptera,Culicidae,Wyeomyia
1747324,GCA_963942575.1,Invertebrates,Arthropoda,Insecta,Hymenoptera,Pompilidae,Priocnemis
1751538,GCA_975301885.1,Invertebrates,Arthropoda,Insecta,Diptera,Chironomidae,Diamesa
175341,GCA_044657705.1,Invertebrates,Arthropoda,Arachnida,Araneae,Eresidae,Stegodyphus
1754071,GCA_965277945.1,Invertebrates,Arthropoda,Insecta,Lepidoptera,Noctuidae,Craniophora
1754071,GCA_965277965.1,Invertebrates,Arthropoda,Insecta,Lepidoptera,Noctuidae,Craniophora
1765738,GCA_020055645.1,Invertebrates,Arthropoda,Collembola,Entomobryomorpha,Tomoceridae,Tomocerus
1768614,GCA_026123125.1,Invertebrates,Arthropoda,Insecta,Diptera,Chironomidae,Chironomus
1769044,GCA_052575885.1,Invertebrates,Arthropoda,Insecta,Diptera,Culicidae,Aedes
1774267,GCA_963855945.1,Invertebrates,Arthropoda,Insecta,Diptera,Therevidae,Thereva
177573,GCA_977006895.1,Invertebrates,Porifera,Demospongiae,Suberitida,Halichondriidae,Hymeniacidon
1776468,GCA_951800035.1,Invertebrates,Arthropoda,Insecta,Diptera,Tachinidae,Linnaemya
1776471,GCA_963675445.1,Invertebrates,Arthropoda,Insecta,Diptera,Tachinidae,Linnaemya
1776473,GCA_947311025.1,Invertebrates,Arthropoda,Insecta,Diptera,Tachinidae,Lypha
178541,GCA_964277205.1,Invertebrates,Porifera,Demospongiae,Haplosclerida,Chalinidae,Haliclona
178552,GCA_963693285.1,Invertebrates,Porifera,Demospongiae,Haplosclerida,Petrosiidae,Xestospongia
178769,GCA_040869045.1,Invertebrates,Arthropoda,Insecta,Diptera,Tephritidae,Eurosta
178772,GCA_963932195.1,Invertebrates,Arthropoda,Insecta,Diptera,Empididae,Empis
1789172,GCA_918843875.1,Invertebrates,Cnidaria,Anthozoa,Actiniaria,Diadumenidae,Diadumene
1790156,GCA_977063525.1,Invertebrates,Arthropoda,Insecta,Lepidoptera,Tortricidae,Argyroploce
1790162,GCA_053478235.1,Invertebrates,Arthropoda,Insecta,Coleoptera,Coccinellidae,Coccinella
179646,GCA_965120365.1,Invertebrates,Mollusca,Gastropoda,Neogastropoda,Muricidae,Bolinus
179648,GCA_977070975.1,Invertebrates,Mollusca,Gastropoda,Neogastropoda,Muricidae,Hexaplex
179666,GCA_947561695.1,Invertebrates,Arthropoda,Insecta,Lepidoptera,Erebidae,Tyria
179674,GCA_932294365.1,Invertebrates,Arthropoda,Insecta,Lepidoptera,Noctuidae,Diachrysia
1803738,GCA_029237695.1,Invertebrates,Mollusca,Bivalvia,Lucinida,Thyasiridae,Conchocele
180454,GCA_000005575.1,Invertebrates,Arthropoda,Insecta,Diptera,Culicidae,Anopheles
180454,GCF_000005575.2,Invertebrates,Arthropoda,Insecta,Diptera,Culicidae,Anopheles
1804828,GCA_949775195.1,Invertebrates,Arthropoda,Insecta,Lepidoptera,Noctuidae,Diarsia
1816463,GCA_963513945.1,Invertebrates,Arthropoda,Insecta,Diptera,Muscidae,Hydrotaea
1818115,GCF_050948175.1,Invertebrates,Arthropoda,Insecta,Hymenoptera,Apidae,Xylocopa
1820382,GCA_013167095.2,Invertebrates,Arthropoda,Branchiopoda,Diplostraca,Daphniidae,Daphnia
182075,GCA_040954515.1,Invertebrates,Arthropoda,Insecta,Lepidoptera,Noctuidae,Helicoverpa
1822507,GCA_964034945.1,Invertebrates,Arthropoda,Insecta,Diptera,Rhagionidae,Chrysopilus
1822530,GCA_965663475.1,Invertebrates,Arthropoda,Insecta,Diptera,Syrphidae,Melangyna
1822558,GCA_964211845.1,Invertebrates,Arthropoda,Insecta,Diptera,Rhagionidae,Rhagio
1824969,GCA_965113145.1,Invertebrates,Arthropoda,Insecta,Diptera,Lauxaniidae,Minettia
1824988,GCA_949775025.1,Invertebrates,Arthropoda,Insecta,Diptera,Lauxaniidae,Tricholauxania
1824995,GCA_951812925.1,Invertebrates,Arthropoda,Insecta,Diptera,Lauxaniidae,Calliopum
1825006,GCA_963662105.1,Invertebrates,Arthropoda,Insecta,Diptera,Lauxaniidae,Meiosimyza
1825016,GCA_965620495.1,Invertebrates,Arthropoda,Insecta,Diptera,Lauxaniidae,Peplomyza
1825785,GCA_045791825.1,Invertebrates,Cnidaria,Anthozoa,Scleralcyonacea,Coralliidae,Hemicorallium
1837119,GCA_965196785.1,Invertebrates,Arthropoda,Insecta,Lepidoptera,Erebidae,Chelis
1840514,GCA_046563535.1,Invertebrates,Arthropoda,Collembola,Poduromorpha,Tullbergiidae,Mesaphorura
1844523,GCA_963942555.1,Invertebrates,Arthropoda,Insecta,Hymenoptera,Braconidae,Aleiodes
1847356,GCA_971875875.1,Invertebrates,Arthropoda,Insecta,Lepidoptera,Tortricidae,Dichrorampha
1848059,GCA_976984715.1,Invertebrates,Arthropoda,Insecta,Lepidoptera,Notodontidae,Odontosia
1851132,GCA_963457695.1,Invertebrates,Arthropoda,Insecta,Diptera,Micropezidae,Neria
185214,GCA_037577465.1,Invertebrates,Arthropoda,Insecta,Psocodea,Liposcelididae,Liposcelis
1853072,GCA_052756005.1,Invertebrates,Arthropoda,Arachnida,Mesostigmata,Phytoseiidae,Neoseiulus
185578,GCF_943737925.1,Invertebrates,Arthropoda,Insecta,Diptera,Culicidae,Anopheles
1857951,GCA_943193695.1,Invertebrates,Arthropoda,Insecta,Lepidoptera,Pyralidae,Acrobasis
1857958,GCA_922987775.1,Invertebrates,Arthropoda,Insecta,Lepidoptera,Depressariidae,Agonopterix
1857959,GCA_965366175.1,Invertebrates,Arthropoda,Insecta,Lepidoptera,Depressariidae,Agonopterix
1857959,GCA_965366125.1,Invertebrates,Arthropoda,Insecta,Lepidoptera,Depressariidae,Agonopterix
1857961,GCA_943136025.2,Invertebrates,Arthropoda,Insecta,Lepidoptera,Noctuidae,Agrotis
1857962,GCA_977071825.1,Invertebrates,Arthropoda,Insecta,Lepidoptera,Noctuidae,Agrotis
1857967,GCA_947859365.1,Invertebrates,Arthropoda,Insecta,Lepidoptera,Tortricidae,Archips
1857973,GCA_965641975.1,Invertebrates,Arthropoda,Insecta,Lepidoptera,Gelechiidae,Bryotropha
1857974,GCA_977012955.1,Invertebrates,Arthropoda,Insecta,Lepidoptera,Bucculatricidae,Bucculatrix
1857974,GCA_977012585.1,Invertebrates,Arthropoda,Insecta,Lepidoptera,Bucculatricidae,Bucculatrix
1857976,GCA_965267235.1,Invertebrates,Arthropoda,Insecta,Lepidoptera,Gracillariidae,Caloptilia
1857976,GCA_965267225.1,Invertebrates,Arthropoda,Insecta,Lepidoptera,Gracillariidae,Caloptilia
1858008,GCA_971874695.1,Invertebrates,Arthropoda,Insecta,Lepidoptera,Tortricidae,Dichrorampha
1858009,GCA_971861855.1,Invertebrates,Arthropoda,Insecta,Lepidoptera,Tortricidae,Dichrorampha
1858011,GCA_965194675.1,Invertebrates,Arthropoda,Insecta,Lepidoptera,Crambidae,Dolicharthria
1858050,GCA_971877405.1,Invertebrates,Arthropoda,Insecta,Lepidoptera,Tortricidae,Pammene
1858054,GCA_964505205.1,Invertebrates,Arthropoda,Insecta,Lepidoptera,Tortricidae,Pammene
1858054,GCA_964504545.2,Invertebrates,Arthropoda,Insecta,Lepidoptera,Tortricidae,Pammene
1858058,GCA_977035875.1,Invertebrates,Arthropoda,Insecta,Lepidoptera,Tortricidae,Philedonides
1858059,GCA_966185185.1,Invertebrates,Arthropoda,Insecta,Lepidoptera,Pyralidae,Phycitodes
1858067,GCA_966184475.1,Invertebrates,Arthropoda,Insecta,Lepidoptera,Tortricidae,Rhyacionia
1858070,GCA_949820665.1,Invertebrates,Arthropoda,Insecta,Lepidoptera,Gelechiidae,Scrobipalpa
1858094,GCA_948252095.1,Invertebrates,Arthropoda,Insecta,Lepidoptera,Noctuidae,Dicycla
1858096,GCA_977013125.1,Invertebrates,Arthropoda,Insecta,Lepidoptera,Depressariidae,Luquetia
185825,GCA_020796165.1,Invertebrates,Arthropoda,Insecta,Odonata,Libellulidae,Pantala
185876,GCA_964188095.1,Invertebrates,Arthropoda,Insecta,Coleoptera,Coccinellidae,Anisosticta
185877,GCA_965644565.1,Invertebrates,Arthropoda,Insecta,Coleoptera,Coccinellidae,Coccinella
1859540,GCA_964034865.1,Invertebrates,Arthropoda,Insecta,Diptera,Syrphidae,Eristalis
1862692,GCA_029448645.1,Invertebrates,Arthropoda,Insecta,Hymenoptera,Andrenidae,Andrena
186283,GCA_047116105.1,Invertebrates,Arthropoda,Insecta,Diptera,Drosophilidae,Drosophila
186751,GCF_943734755.1,Invertebrates,Arthropoda,Insecta,Diptera,Culicidae,Anopheles
186751,GCA_943734755.1,Invertebrates,Arthropoda,Insecta,Diptera,Culicidae,Anopheles
1869258,GCA_964274385.1,Invertebrates,Cnidaria,Anthozoa,Scleractinia,Acroporidae,Acropora
1869391,GCA_976225475.1,Invertebrates,Arthropoda,Insecta,Lepidoptera,Psychidae,Acanthopsyche
1869394,GCA_965194575.1,Invertebrates,Arthropoda,Insecta,Lepidoptera,Tortricidae,Acleris
1869417,GCA_975146945.1,Invertebrates,Arthropoda,Insecta,Lepidoptera,Depressariidae,Agonopterix
1869440,GCA_977000255.1,Invertebrates,Arthropoda,Insecta,Lepidoptera,Noctuidae,Agrotis
1869462,GCA_965178155.1,Invertebrates,Arthropoda,Insecta,Lepidoptera,Noctuidae,Anarta
1869464,GCA_964214005.1,Invertebrates,Arthropoda,Insecta,Lepidoptera,Tortricidae,Ancylis
1869501,GCA_907269095.1,Invertebrates,Arthropoda,Insecta,Lepidoptera,Blastobasidae,Blastobasis
1869556,GCA_971856475.1,Invertebrates,Arthropoda,Insecta,Lepidoptera,Crambidae,Catoptria
1869585,GCA_976974225.1,Invertebrates,Arthropoda,Insecta,Lepidoptera,Tortricidae,Clepsis
1869587,GCA_977071105.1,Invertebrates,Arthropoda,Insecta,Lepidoptera,Tortricidae,Cnephasia
1869593,GCA_971847545.1,Invertebrates,Arthropoda,Insecta,Lepidoptera,Tortricidae,Cochylis
1869728,GCA_965278185.1,Invertebrates,Arthropoda,Insecta,Lepidoptera,Geometridae,Colostygia
1869771,GCF_948474715.1,Invertebrates,Arthropoda,Insecta,Lepidoptera,Tortricidae,Cydia
1869771,GCA_948474715.1,Invertebrates,Arthropoda,Insecta,Lepidoptera,Tortricidae,Cydia
1869806,GCA_977013505.1,Invertebrates,Arthropoda,Insecta,Lepidoptera,Gelechiidae,Dichomeris
1869808,GCA_965278225.1,Invertebrates,Arthropoda,Insecta,Lepidoptera,Tortricidae,Dichrorampha
1869808,GCA_965278155.1,Invertebrates,Arthropoda,Insecta,Lepidoptera,Tortricidae,Dichrorampha
186982,GCA_947652605.1,Invertebrates,Arthropoda,Insecta,Coleoptera,Elmidae,Elmis
1869848,GCA_977020505.1,Invertebrates,Arthropoda,Insecta,Lepidoptera,Pyralidae,Ephestia
1869849,GCA_964346515.1,Invertebrates,Arthropoda,Insecta,Lepidoptera,Tortricidae,Epiblema
1869850,GCA_964291015.1,Invertebrates,Arthropoda,Insecta,Lepidoptera,Tortricidae,Epiblema
1869865,GCA_977067375.1,Invertebrates,Arthropoda,Insecta,Lepidoptera,Eriocraniidae,Eriocrania
1869865,GCA_977067495.1,Invertebrates,Arthropoda,Insecta,Lepidoptera,Eriocraniidae,Eriocrania
1869866,GCA_976986865.1,Invertebrates,Arthropoda,Insecta,Lepidoptera,Tortricidae,Eriopsela
1869899,GCA_976919215.1,Invertebrates,Arthropoda,Insecta,Lepidoptera,Geometridae,Eupithecia
1869899,GCA_976917555.1,Invertebrates,Arthropoda,Insecta,Lepidoptera,Geometridae,Eupithecia
1869911,GCA_964204885.1,Invertebrates,Arthropoda,Insecta,Lepidoptera,Geometridae,Eupithecia
1869930,GCA_977014635.1,Invertebrates,Arthropoda,Insecta,Lepidoptera,Crambidae,Evergestis
1869931,GCA_965663735.1,Invertebrates,Arthropoda,Insecta,Lepidoptera,Crambidae,Evergestis
1869947,GCA_964340845.1,Invertebrates,Arthropoda,Insecta,Lepidoptera,Pterophoridae,Gillmeria
1869947,GCA_964340935.1,Invertebrates,Arthropoda,Insecta,Lepidoptera,Pterophoridae,Gillmeria
1869956,GCA_975480685.1,Invertebrates,Arthropoda,Insecta,Lepidoptera,Glyphipterigidae,Glyphipterix
1869957,GCA_964332205.1,Invertebrates,Arthropoda,Insecta,Lepidoptera,Glyphipterigidae,Glyphipterix
1869970,GCA_965654365.1,Invertebrates,Arthropoda,Insecta,Lepidoptera,Tortricidae,Grapholita
1869970,GCA_965654375.1,Invertebrates,Arthropoda,Insecta,Lepidoptera,Tortricidae,Grapholita
1869975,GCA_965655135.1,Invertebrates,Arthropoda,Insecta,Lepidoptera,Tortricidae,Gypsonoma
1869985,GCA_905404275.2,Invertebrates,Arthropoda,Insecta,Lepidoptera,Tortricidae,Hedya
1870000,GCA_965112525.1,Invertebrates,Arthropoda,Insecta,Lepidoptera,Erebidae,Hypena
1870006,GCA_977066665.1,Invertebrates,Arthropoda,Insecta,Lepidoptera,Incurvariidae,Incurvaria
1870017,GCA_965113015.1,Invertebrates,Arthropoda,Insecta,Lepidoptera,Geometridae,Isturgia
1870024,GCA_965260845.1,Invertebrates,Arthropoda,Insecta,Lepidoptera,Noctuidae,Lacanobia
1870028,GCA_964374235.1,Invertebrates,Arthropoda,Insecta,Lepidoptera,Geometridae,Larentia
1870035,GCA_949152455.1,Invertebrates,Arthropoda,Insecta,Lepidoptera,Noctuidae,Lithophane
1870047,GCA_949709985.1,Invertebrates,Arthropoda,Insecta,Lepidoptera,Psychidae,Luffia
1870055,GCA_976954475.1,Invertebrates,Arthropoda,Insecta,Lepidoptera,Geometridae,Macaria
1870080,GCA_976929195.1,Invertebrates,Arthropoda,Insecta,Lepidoptera,Noctuidae,Mesogona
1870094,GCA_971872585.1,Invertebrates,Arthropoda,Insecta,Lepidoptera,Gelechiidae,Monochroa
1870114,GCA_977013565.1,Invertebrates,Arthropoda,Insecta,Lepidoptera,Tineidae,Niditinea
1870131,GCA_958449745.1,Invertebrates,Arthropoda,Insecta,Lepidoptera,Noctuidae,Ochropleura
1870138,GCA_963082905.1,Invertebrates,Arthropoda,Insecta,Lepidoptera,Noctuidae,Oligia
1870140,GCA_977035915.1,Invertebrates,Arthropoda,Insecta,Lepidoptera,Erebidae,Orgyia
1870146,GCA_964291025.1,Invertebrates,Arthropoda,Insecta,Lepidoptera,Psychidae,Pachythelia
1870148,GCA_947086415.1,Invertebrates,Arthropoda,Insecta,Lepidoptera,Tortricidae,Pammene
1870149,GCA_971855945.1,Invertebrates,Arthropoda,Insecta,Lepidoptera,Tortricidae,Pammene
1870150,GCA_975968925.1,Invertebrates,Arthropoda,Insecta,Lepidoptera,Tortricidae,Pammene
1870169,GCA_965113085.1,Invertebrates,Arthropoda,Insecta,Lepidoptera,Crambidae,Pediasia
1870173,GCA_965201015.1,Invertebrates,Arthropoda,Insecta,Lepidoptera,Erebidae,Pelosia
1870176,GCA_977072115.1,Invertebrates,Arthropoda,Insecta,Lepidoptera,Erebidae,Penthophera
1870176,GCA_977072185.1,Invertebrates,Arthropoda,Insecta,Lepidoptera,Erebidae,Penthophera
1870246,GCA_977071805.1,Invertebrates,Arthropoda,Insecta,Lepidoptera,Crambidae,Platytes
1870248,GCA_964276815.1,Invertebrates,Arthropoda,Insecta,Lepidoptera,Noctuidae,Polychrysia
1870251,GCA_949987655.1,Invertebrates,Arthropoda,Insecta,Lepidoptera,Noctuidae,Polymixis
1870252,GCA_949091785.1,Invertebrates,Arthropoda,Insecta,Lepidoptera,Noctuidae,Polymixis
1870269,GCA_974013035.1,Invertebrates,Arthropoda,Insecta,Lepidoptera,Tineidae,Psychoides
1870269,GCA_973845075.1,Invertebrates,Arthropoda,Insecta,Lepidoptera,Tineidae,Psychoides
1870294,GCA_976344595.1,Invertebrates,Arthropoda,Insecta,Lepidoptera,Pyralidae,Sciota
1870396,GCA_975259245.1,Invertebrates,Arthropoda,Insecta,Lepidoptera,Douglasiidae,Tinagma
1870399,GCA_975300835.1,Invertebrates,Arthropoda,Insecta,Lepidoptera,Tineidae,Triaxomera
1870430,GCA_935421205.1,Invertebrates,Arthropoda,Insecta,Lepidoptera,Noctuidae,Xylocampa
1870435,GCA_910592155.1,Invertebrates,Arthropoda,Insecta,Lepidoptera,Ypsolophidae,Ypsolopha
1870436,GCA_934047225.1,Invertebrates,Arthropoda,Insecta,Lepidoptera,Ypsolophidae,Ypsolopha
1870626,GCA_965183765.1,Invertebrates,Arthropoda,Insecta,Lepidoptera,Noctuidae,Episema
1870628,GCA_949629135.1,Invertebrates,Arthropoda,Insecta,Lepidoptera,Noctuidae,Eremobia
1870664,GCA_964656205.1,Invertebrates,Arthropoda,Insecta,Lepidoptera,Noctuidae,Leucochlaena
1870667,GCA_976921905.1,Invertebrates,Arthropoda,Insecta,Lepidoptera,Noctuidae,Longalatedes
1870667,GCA_976921925.1,Invertebrates,Arthropoda,Insecta,Lepidoptera,Noctuidae,Longalatedes
1870675,GCA_977018985.1,Invertebrates,Arthropoda,Insecta,Lepidoptera,Pyralidae,Nyctegretis
1870687,GCA_964656165.1,Invertebrates,Arthropoda,Insecta,Lepidoptera,Pyralidae,Pempelia
1870687,GCA_964656235.1,Invertebrates,Arthropoda,Insecta,Lepidoptera,Pyralidae,Pempelia
1870689,GCA_964304455.1,Invertebrates,Arthropoda,Insecta,Lepidoptera,Geometridae,Perconia
1870695,GCA_971864555.1,Invertebrates,Arthropoda,Insecta,Lepidoptera,Pyralidae,Polopeustis
1870695,GCA_971872615.1,Invertebrates,Arthropoda,Insecta,Lepidoptera,Pyralidae,Polopeustis
1870704,GCA_965234895.1,Invertebrates,Arthropoda,Insecta,Lepidoptera,Yponomeutidae,Pseudoswammerdamia
1870710,GCA_963082605.1,Invertebrates,Arthropoda,Insecta,Lepidoptera,Pyralidae,Rhodophaea
1870728,GCA_958496365.1,Invertebrates,Arthropoda,Insecta,Lepidoptera,Noctuidae,Subacronicta
1870735,GCA_976225715.1,Invertebrates,Arthropoda,Insecta,Lepidoptera,Noctuidae,Trigonophora
1871986,GCA_949128135.1,Invertebrates,Arthropoda,Arachnida,Araneae,Theridiidae,Parasteatoda
1872043,GCA_976922085.1,Invertebrates,Arthropoda,Arachnida,Araneae,Linyphiidae,Frontinellina
1873866,GCA_964288835.1,Invertebrates,Arthropoda,Insecta,Lepidoptera,Hesperiidae,Spialia
187487,GCA_965642565.1,Invertebrates,Arthropoda,Arachnida,Araneae,Thomisidae,Xysticus
1875022,GCA_964277295.1,Invertebrates,Arthropoda,Insecta,Lepidoptera,Erebidae,Cymbalophora
1875285,GCA_024721215.1,Invertebrates,Arthropoda,Insecta,Trichoptera,Hydropsychidae,Cheumatopsyche
1875367,GCA_031772225.1,Invertebrates,Arthropoda,Insecta,Trichoptera,Phryganeidae,Eubasilissa
187695,GCA_004115045.4,Invertebrates,Arthropoda,Collembola,Entomobryomorpha,Entomobryidae,Sinella
1888416,GCA_976954455.1,Invertebrates,Arthropoda,Insecta,Hymenoptera,Ichneumonidae,Endromopoda
1888541,GCA_976986845.1,Invertebrates,Arthropoda,Insecta,Lepidoptera,Crambidae,Euchromius
1888591,GCA_976984755.1,Invertebrates,Arthropoda,Insecta,Lepidoptera,Adelidae,Nemophora
1889570,GCA_963989405.1,Invertebrates,Arthropoda,Insecta,Hymenoptera,Crabronidae,Trypoxylon
1889767,GCA_964468525.1,Invertebrates,Arthropoda,Insecta,Hemiptera,Cicadellidae,Ribautiana
1890997,GCA_965653125.1,Invertebrates,Arthropoda,Insecta,Diptera,Asilidae,Dioctria
1890997,GCA_965653115.1,Invertebrates,Arthropoda,Insecta,Diptera,Asilidae,Dioctria
189513,GCF_905475395.1,Invertebrates,Arthropoda,Insecta,Neuroptera,Chrysopidae,Chrysoperla
189513,GCA_905475395.1,Invertebrates,Arthropoda,Insecta,Neuroptera,Chrysopidae,Chrysoperla
189913,GCF_905404315.1,Invertebrates,Arthropoda,Insecta,Lepidoptera,Pieridae,Leptidea
189913,GCA_905404315.1,Invertebrates,Arthropoda,Insecta,Lepidoptera,Pieridae,Leptidea
1899378,GCA_965112175.1,Invertebrates,Mollusca,Bivalvia,Lucinida,Lucinidae,Clathrolucina
189979,GCA_910594885.2,Invertebrates,Arthropoda,Insecta,Diptera,Bibionidae,Bibio
1902997,GCA_961205885.1,Invertebrates,Arthropoda,Insecta,Diptera,Ptychopteridae,Ptychoptera
190331,GCA_932305915.1,Invertebrates,Arthropoda,Insecta,Lepidoptera,Geometridae,Agriopis
190335,GCA_964187985.1,Invertebrates,Arthropoda,Insecta,Lepidoptera,Geometridae,Abraxas
190337,GCA_963691955.1,Invertebrates,Arthropoda,Insecta,Lepidoptera,Geometridae,Chloroclystis
190339,GCA_976986405.1,Invertebrates,Arthropoda,Insecta,Lepidoptera,Geometridae,Cyclophora
190347,GCA_965614555.1,Invertebrates,Arthropoda,Insecta,Lepidoptera,Geometridae,Epirrhoe
190347,GCA_963565295.1,Invertebrates,Arthropoda,Insecta,Lepidoptera,Geometridae,Epirrhoe
190350,GCA_964341475.1,Invertebrates,Arthropoda,Insecta,Lepidoptera,Geometridae,Idaea
190354,GCA_965250435.1,Invertebrates,Arthropoda,Insecta,Lepidoptera,Geometridae,Idaea
190356,GCA_965614365.1,Invertebrates,Arthropoda,Insecta,Lepidoptera,Geometridae,Peribatodes
190356,GCA_911728515.1,Invertebrates,Arthropoda,Insecta,Lepidoptera,Geometridae,Peribatodes
190361,GCA_976984745.1,Invertebrates,Arthropoda,Insecta,Lepidoptera,Geometridae,Scopula
190364,GCA_964270865.1,Invertebrates,Arthropoda,Insecta,Lepidoptera,Geometridae,Siona
190366,GCA_958496195.1,Invertebrates,Arthropoda,Insecta,Lepidoptera,Geometridae,Timandra
190367,GCA_971911945.1,Invertebrates,Arthropoda,Insecta,Lepidoptera,Geometridae,Timandra
190369,GCA_965225905.1,Invertebrates,Arthropoda,Insecta,Lepidoptera,Geometridae,Xanthorhoe
1905387,GCA_963922035.1,Invertebrates,Arthropoda,Insecta,Hymenoptera,Ichneumonidae,Amblyjoppa
1906381,GCA_976914395.1,Invertebrates,Arthropoda,Insecta,Lepidoptera,Geometridae,Eupithecia
1907000,GCA_964059485.1,Invertebrates,Arthropoda,Arachnida,Araneae,Araneidae,Gibbaranea
191023,GCA_964261235.1,Invertebrates,Cnidaria,Anthozoa,Scleractinia,Acroporidae,Acropora
191314,GCA_964249955.1,Invertebrates,Arthropoda,Insecta,Hemiptera,Anthocoridae,Anthocoris
191398,GCA_905231865.2,Invertebrates,Arthropoda,Insecta,Lepidoptera,Nymphalidae,Boloria
191414,GCA_964035005.3,Invertebrates,Arthropoda,Insecta,Lepidoptera,Nymphalidae,Erebia
191418,GCF_905333055.1,Invertebrates,Arthropoda,Insecta,Lepidoptera,Nymphalidae,Maniola
191418,GCA_905333055.1,Invertebrates,Arthropoda,Insecta,Lepidoptera,Nymphalidae,Maniola
191421,GCA_964271765.1,Invertebrates,Arthropoda,Insecta,Lepidoptera,Nymphalidae,Limenitis
1914940,GCA_051167335.1,Invertebrates,Arthropoda,Insecta,Coleoptera,Meloidae,Hycleus
1917227,GCA_029378335.1,Invertebrates,Arthropoda,Insecta,Coleoptera,Buprestidae,Agrilus
1918084,GCA_963681545.1,Invertebrates,Arthropoda,Insecta,Diptera,Tachinidae,Germaria
1918131,GCA_956483635.1,Invertebrates,Arthropoda,Insecta,Diptera,Tachinidae,Panzeria
1918144,GCA_949628195.1,Invertebrates,Arthropoda,Insecta,Diptera,Tachinidae,Phasia
1918187,GCA_947397855.1,Invertebrates,Arthropoda,Insecta,Diptera,Tachinidae,Thelaira
1918189,GCA_965649395.1,Invertebrates,Arthropoda,Insecta,Diptera,Tachinidae,Winthemia
1918221,GCA_937654795.1,Invertebrates,Arthropoda,Insecta,Diptera,Tachinidae,Cistogaster
1918232,GCA_963924685.1,Invertebrates,Arthropoda,Insecta,Diptera,Tachinidae,Dexiosoma
1918310,GCA_914767995.1,Invertebrates,Arthropoda,Insecta,Diptera,Tachinidae,Thecocarcelia
1920007,GCA_964468855.2,Invertebrates,Mollusca,Bivalvia,Cardiida,Donacidae,Donax
1920014,GCA_964106805.1,Invertebrates,Mollusca,Bivalvia,Venerida,Veneridae,Mysia
192188,GCA_022674325.2,Invertebrates,Arthropoda,Insecta,Lepidoptera,Tortricidae,Grapholita
192191,GCA_963854515.1,Invertebrates,Arthropoda,Insecta,Lepidoptera,Tortricidae,Pandemis
192382,GCA_037114965.1,Invertebrates,Arthropoda,Insecta,Coleoptera,Cerambycidae,Monochamus
1926196,GCA_933210815.1,Invertebrates,Arthropoda,Arachnida,Araneae,Tetragnathidae,Meta
1928866,GCA_965649835.1,Invertebrates,Annelida,Polychaeta,Eunicida,Eunicidae,Leodice
1933096,GCA_965197335.1,Invertebrates,Echinodermata,Echinoidea,Camarodonta,Echinidae,Gracilechinus
1936067,GCA_963920795.1,Invertebrates,Arthropoda,Insecta,Diptera,Asilidae,Eutolmus
1940097,GCA_965282375.1,Invertebrates,Arthropoda,Insecta,Coleoptera,Carabidae,Ocys
1943797,GCA_977014325.1,Invertebrates,Arthropoda,Insecta,Lepidoptera,Nymphalidae,Boloria
1943797,GCA_977013735.1,Invertebrates,Arthropoda,Insecta,Lepidoptera,Nymphalidae,Boloria
195057,GCA_047116305.1,Invertebrates,Arthropoda,Insecta,Diptera,Drosophilidae,Drosophila
195168,GCA_929113105.1,Invertebrates,Arthropoda,Insecta,Coleoptera,Elateridae,Agrypnus
195172,GCA_911387805.1,Invertebrates,Arthropoda,Insecta,Coleoptera,Cantharidae,Cantharis
195224,GCA_950108345.1,Invertebrates,Arthropoda,Insecta,Coleoptera,Cantharidae,Malthinus
195260,GCA_965285935.1,Invertebrates,Annelida,Polychaeta,,Opheliidae,Ophelia
195289,GCA_965212295.1,Invertebrates,Arthropoda,Insecta,Coleoptera,Cantharidae,Rhagonycha
1954227,GCA_963971305.1,Invertebrates,Mollusca,Bivalvia,Mytilida,Mytilidae,Arcuatula
195879,GCA_964213155.1,Invertebrates,Echinodermata,Asteroidea,Valvatida,Asterinidae,Asterina
195883,GCA_017141395.1,Invertebrates,Arthropoda,Insecta,Hemiptera,Delphacidae,Laodelphax
1960102,GCA_965224875.2,Invertebrates,Cnidaria,Anthozoa,Actiniaria,Actiniidae,Actinia
1962980,GCA_039566865.1,Invertebrates,Cnidaria,Scyphozoa,Semaeostomeae,Ulmaridae,Aurelia
1963013,GCA_030370435.1,Invertebrates,Nematoda,Chromadorea,Rhabditida,Rhabditidae,Auanema
1963931,GCA_976997085.1,Invertebrates,Arthropoda,Insecta,Coleoptera,Curculionidae,Laparocerus
1967629,GCA_964194085.1,Invertebrates,Cnidaria,Anthozoa,Scleractinia,Merulinidae,Cyphastrea
196820,GCF_963678975.1,Invertebrates,Porifera,Demospongiae,Dictyoceratida,Dysideidae,Dysidea
196820,GCA_963678975.2,Invertebrates,Porifera,Demospongiae,Dictyoceratida,Dysideidae,Dysidea
1968893,GCA_977019095.1,Invertebrates,Arthropoda,Insecta,Coleoptera,Glaphyridae,Propomacrus
197003,GCA_965194665.1,Invertebrates,Arthropoda,Insecta,Coleoptera,Biphyllidae,Biphyllus
197003,GCA_965194465.1,Invertebrates,Arthropoda,Insecta,Coleoptera,Biphyllidae,Biphyllus
197009,GCA_964106875.1,Invertebrates,Arthropoda,Insecta,Coleoptera,Anthribidae,Platystomos
197013,GCA_965648435.1,Invertebrates,Arthropoda,Insecta,Coleoptera,Curculionidae,Curculio
197043,GCA_021130785.2,Invertebrates,Arthropoda,Insecta,Hemiptera,Cicadellidae,Homalodisca
197043,GCF_021130785.1,Invertebrates,Arthropoda,Insecta,Hemiptera,Cicadellidae,Homalodisca
1970904,GCA_964277135.1,Invertebrates,Arthropoda,Insecta,Lepidoptera,Crambidae,Duponchelia
1971315,GCA_964023965.1,Invertebrates,Arthropoda,Insecta,Coleoptera,Scarabaeidae,Melinopterus
197152,GCF_949628265.1,Invertebrates,Arthropoda,Insecta,Ephemeroptera,Baetidae,Cloeon
197152,GCA_949628265.1,Invertebrates,Arthropoda,Insecta,Ephemeroptera,Baetidae,Cloeon
197161,GCF_921293095.1,Invertebrates,Arthropoda,Insecta,Odonata,Coenagrionidae,Ischnura
197161,GCA_921293095.2,Invertebrates,Arthropoda,Insecta,Odonata,Coenagrionidae,Ischnura
197171,GCA_963573305.1,Invertebrates,Arthropoda,Insecta,Odonata,Coenagrionidae,Pyrrhosoma
197176,GCA_964198025.1,Invertebrates,Arthropoda,Insecta,Odonata,Libellulidae,Sympetrum
1971888,GCA_965643555.1,Invertebrates,Arthropoda,Insecta,Coleoptera,Scarabaeidae,Rhizotrogus
1973540,GCA_964604975.1,Invertebrates,Arthropoda,Insecta,Lepidoptera,Erebidae,Eublemma
1973542,GCA_976966905.1,Invertebrates,Arthropoda,Insecta,Lepidoptera,Psychidae,Eumeta
1973593,GCA_965239655.1,Invertebrates,Arthropoda,Insecta,Lepidoptera,Erebidae,Zethes
1973593,GCA_965239635.1,Invertebrates,Arthropoda,Insecta,Lepidoptera,Erebidae,Zethes
1977180,GCA_963932185.1,Invertebrates,Arthropoda,Arachnida,Araneae,Linyphiidae,Troglohyphantes
1978547,GCA_003052745.1,Invertebrates,Nematoda,Chromadorea,Rhabditida,Rhabditidae,Caenorhabditis
1978554,GCA_020352615.2,Invertebrates,Arthropoda,Collembola,Entomobryomorpha,Tomoceridae,Yoshiicerus
1980407,GCA_964059405.1,Invertebrates,Mollusca,Bivalvia,Cardiida,Tellinidae,Macomangulus
1980407,GCA_964059415.1,Invertebrates,Mollusca,Bivalvia,Cardiida,Tellinidae,Macomangulus
1980904,GCA_965283255.2,Invertebrates,Mollusca,Gastropoda,Stylommatophora,Hygromiidae,Metafruticicola
1981583,GCA_977030845.1,Invertebrates,Annelida,Polychaeta,Phyllodocida,Sigalionidae,Fimbriosthenelais
1983339,GCA_020466155.1,Invertebrates,Arthropoda,Insecta,Hemiptera,Miridae,Pachypeltis
198412,GCA_038502835.1,Invertebrates,Arthropoda,Arachnida,Araneae,Uloboridae,Octonoba
198433,GCA_043165165.1,Invertebrates,Arthropoda,Insecta,Diptera,Agromyzidae,Liriomyza
198635,GCA_905231855.2,Invertebrates,Arthropoda,Insecta,Diptera,Syrphidae,Eristalis
198700,GCA_965115965.1,Invertebrates,Arthropoda,Insecta,Lepidoptera,Erebidae,Orgyia
198718,GCA_958299025.2,Invertebrates,Arthropoda,Insecta,Diptera,Drosophilidae,Drosophila
198719,GCA_004354385.2,Invertebrates,Arthropoda,Insecta,Diptera,Drosophilidae,Drosophila
199041,GCA_977013475.1,Invertebrates,Arthropoda,Insecta,Lepidoptera,Gracillariidae,Phyllonorycter
199053,GCA_976984685.1,Invertebrates,Arthropoda,Insecta,Lepidoptera,Gracillariidae,Phyllonorycter
199064,GCA_977016745.1,Invertebrates,Arthropoda,Insecta,Lepidoptera,Gracillariidae,Phyllonorycter
199068,GCA_977012995.1,Invertebrates,Arthropoda,Insecta,Lepidoptera,Gracillariidae,Phyllonorycter
199086,GCA_976986425.1,Invertebrates,Arthropoda,Insecta,Lepidoptera,Gracillariidae,Phyllonorycter
200383,GCA_051397855.1,Invertebrates,Echinodermata,Holothuroidea,Aspidochirotida,Stichopodidae,Isostichopus
2004850,GCA_030068015.2,Invertebrates,Arthropoda,Insecta,Diptera,Tephritidae,Neoceratitis
200527,GCA_965282975.1,Invertebrates,Cnidaria,Anthozoa,Actiniaria,Actiniidae,Aulactinia
2008422,GCA_051201345.1,Invertebrates,Arthropoda,Insecta,Lepidoptera,Notodontidae,Clostera
200911,GCA_965645225.1,Invertebrates,Arthropoda,Insecta,Coleoptera,Chrysomelidae,Crepidodera
2014018,GCA_949318235.1,Invertebrates,Arthropoda,Insecta,Ephemeroptera,Heptageniidae,Ecdyonurus
2014036,GCA_921293005.1,Invertebrates,Arthropoda,Insecta,Plecoptera,Nemouridae,Nemoura
201502,GCA_048596035.1,Invertebrates,Arthropoda,Insecta,Diptera,Glossinidae,Glossina
2015173,GCF_003672135.1,Invertebrates,Arthropoda,Insecta,Hymenoptera,Formicidae,Ooceraea
2015173,GCA_003672135.1,Invertebrates,Arthropoda,Insecta,Hymenoptera,Formicidae,Ooceraea
2017130,GCA_963921935.1,Invertebrates,Arthropoda,Insecta,Coleoptera,Chrysomelidae,Galeruca
2017640,GCA_955652365.1,Invertebrates,Arthropoda,Insecta,Diptera,Syrphidae,Eristalinus
201766,GCA_911728435.2,Invertebrates,Arthropoda,Insecta,Coleoptera,Attelabidae,Apoderus
201897,GCA_965641385.1,Invertebrates,Arthropoda,Insecta,Coleoptera,Curculionidae,Cryptorhynchus
202009,GCA_977012685.1,Invertebrates,Arthropoda,Insecta,Coleoptera,Curculionidae,Larinus
202009,GCA_977012605.1,Invertebrates,Arthropoda,Insecta,Coleoptera,Curculionidae,Larinus
202013,GCA_976919195.1,Invertebrates,Arthropoda,Insecta,Coleoptera,Attelabidae,Lasiorhynchites
202013,GCA_976916715.1,Invertebrates,Arthropoda,Insecta,Coleoptera,Attelabidae,Lasiorhynchites
202117,GCA_963971165.1,Invertebrates,Arthropoda,Insecta,Coleoptera,Curculionidae,Philopedon
202137,GCA_935413205.1,Invertebrates,Arthropoda,Insecta,Coleoptera,Curculionidae,Polydrusus
202138,GCA_963969555.1,Invertebrates,Arthropoda,Insecta,Coleoptera,Curculionidae,Polydrusus
2021473,GCA_963576795.1,Invertebrates,Arthropoda,Insecta,Diptera,Sarcophagidae,Metopia
2021494,GCA_976984625.1,Invertebrates,Arthropoda,Insecta,Diptera,Tachinidae,Senotainia
202195,GCA_964263205.1,Invertebrates,Arthropoda,Insecta,Coleoptera,Curculionidae,Sitona
2023355,GCF_023864345.2,Invertebrates,Arthropoda,Insecta,Orthoptera,Acrididae,Schistocerca
2023874,GCA_047371775.1,Invertebrates,Arthropoda,Insecta,Hemiptera,Triozidae,Trioza
2024865,GCA_034509555.1,Invertebrates,Arthropoda,Insecta,Hymenoptera,Apidae,Bombus
2025111,GCA_963932295.1,Invertebrates,Arthropoda,Insecta,Diptera,Tipulidae,Tipula
2025112,GCA_958298945.2,Invertebrates,Arthropoda,Insecta,Diptera,Athericidae,Atherix
202532,GCA_044658465.1,Invertebrates,Arthropoda,Arachnida,Araneae,Eresidae,Stegodyphus
202533,GCA_044657685.1,Invertebrates,Arthropoda,Arachnida,Araneae,Eresidae,Stegodyphus
2026310,GCA_965211935.1,Invertebrates,Arthropoda,Insecta,Hemiptera,Miridae,Closterotomus
202808,GCF_912470025.1,Invertebrates,Arthropoda,Insecta,Hymenoptera,Vespidae,Vespa
202808,GCA_912470025.1,Invertebrates,Arthropoda,Insecta,Hymenoptera,Vespidae,Vespa
2029591,GCA_965235115.1,Invertebrates,Annelida,Polychaeta,Phyllodocida,Aphroditidae,Laetmonice
2033273,GCA_976940595.1,Invertebrates,Arthropoda,Insecta,Mantodea,Empusidae,Empusa
2035511,GCA_965282815.1,Invertebrates,Nematoda,Chromadorea,Rhabditida,Rhabditidae,Caenorhabditis
2035512,GCA_965231745.1,Invertebrates,Nematoda,Chromadorea,Rhabditida,Rhabditidae,Caenorhabditis
203773,GCA_977012785.1,Invertebrates,Arthropoda,Insecta,Lepidoptera,Lycaenidae,Phengaris
203779,GCA_963565745.1,Invertebrates,Arthropoda,Insecta,Lepidoptera,Lycaenidae,Phengaris
203781,GCA_905404095.1,Invertebrates,Arthropoda,Insecta,Lepidoptera,Lycaenidae,Glaucopsyche
203782,GCA_905187575.2,Invertebrates,Arthropoda,Insecta,Lepidoptera,Lycaenidae,Celastrina
203811,GCF_041682495.2,Invertebrates,Arthropoda,Insecta,Hymenoptera,Apidae,Bombus
203813,GCA_963971185.1,Invertebrates,Arthropoda,Insecta,Hymenoptera,Apidae,Bombus
203899,GCA_964277195.1,Invertebrates,Arthropoda,Malacostraca,Thermosbaenacea,Monodellidae,Tethysbaena
203993,GCF_036669915.1,Invertebrates,Cnidaria,Anthozoa,Scleractinia,Pocilloporidae,Pocillopora
204053,GCA_965641445.1,Invertebrates,Arthropoda,Malacostraca,Decapoda,Scyllaridae,Scyllarides
204053,GCA_965641465.1,Invertebrates,Arthropoda,Malacostraca,Decapoda,Scyllaridae,Scyllarides
2041941,GCA_051380565.1,Invertebrates,Arthropoda,Collembola,Entomobryomorpha,Entomobryidae,Entomobrya
204324,GCA_965233905.1,Invertebrates,Cnidaria,Anthozoa,Malacalcyonacea,Plexauridae,Eunicea
204328,GCA_963855995.1,Invertebrates,Cnidaria,Anthozoa,Malacalcyonacea,Plexauridae,Muricea
204384,GCA_964194065.1,Invertebrates,Cnidaria,Anthozoa,Malacalcyonacea,Gorgoniidae,Gorgonia
204503,GCA_965178735.1,Invertebrates,Arthropoda,Insecta,Lepidoptera,Geometridae,Charissa
2049241,GCA_053477725.1,Invertebrates,Mollusca,Gastropoda,,Acmaeidae,Bathyacmaea
204949,GCA_946251905.1,Invertebrates,Arthropoda,Insecta,Coleoptera,Chrysomelidae,Cryptocephalus
2053936,GCA_964276865.2,Invertebrates,Mollusca,Cephalopoda,Oegopsida,Histioteuthidae,Stigmatoteuthis
2055709,GCA_052863015.1,Invertebrates,Arthropoda,Insecta,Coleoptera,Cantharidae,Ichthyurus
2057221,GCA_964264545.1,Invertebrates,Arthropoda,Insecta,Lepidoptera,Nymphalidae,Erebia
2057223,GCA_964271835.1,Invertebrates,Arthropoda,Insecta,Lepidoptera,Nymphalidae,Erebia
2057229,GCA_964264005.1,Invertebrates,Arthropoda,Insecta,Lepidoptera,Nymphalidae,Erebia
2058190,GCA_047562435.1,Invertebrates,Arthropoda,Insecta,Hymenoptera,Encyrtidae,Aenasius
206174,GCA_964264065.1,Invertebrates,Arthropoda,Insecta,Lepidoptera,Geometridae,Glacies
206348,GCA_963680875.1,Invertebrates,Mollusca,Bivalvia,Mytilida,Mytilidae,Bathymodiolus
2065413,GCA_907164805.1,Invertebrates,Arthropoda,Insecta,Plecoptera,Taeniopterygidae,Brachyptera
2065426,GCA_039090855.1,Invertebrates,Arthropoda,Arachnida,Araneae,Macrothelidae,Macrothele
206669,GCA_029531755.1,Invertebrates,Echinodermata,Holothuroidea,Aspidochirotida,Holothuriidae,Holothuria
2067965,GCA_965194735.1,Invertebrates,Arthropoda,Malacostraca,Isopoda,Janiridae,Jaera
206819,GCA_051362485.1,Invertebrates,Arthropoda,Insecta,Coleoptera,Scarabaeidae,Catharsius
207148,GCA_964211865.1,Invertebrates,Arthropoda,Insecta,Coleoptera,Scarabaeidae,Aphodius
207157,GCA_963971325.1,Invertebrates,Arthropoda,Insecta,Coleoptera,Scarabaeidae,Aphodius
207213,GCA_963966075.1,Invertebrates,Arthropoda,Insecta,Coleoptera,Scarabaeidae,Aphodius
2072708,GCA_033964015.1,Invertebrates,Cnidaria,Anthozoa,Actiniaria,Edwardsiidae,Scolanthus
207624,GCA_905333015.3,Invertebrates,Arthropoda,Insecta,Hymenoptera,Apidae,Bombus
207634,GCA_050437465.1,Invertebrates,Arthropoda,Insecta,Hymenoptera,Apidae,Bombus
207636,GCA_014825975.1,Invertebrates,Arthropoda,Insecta,Hymenoptera,Apidae,Bombus
207645,GCA_977009165.1,Invertebrates,Arthropoda,Insecta,Hymenoptera,Apidae,Bombus
2078669,GCA_048418795.1,Invertebrates,Arthropoda,Insecta,Lepidoptera,Crambidae,Eumorphobotys
2079168,GCA_964271655.1,Invertebrates,Arthropoda,Insecta,Lepidoptera,Lycaenidae,Polyommatus
2080241,GCA_020002185.1,Invertebrates,Annelida,Polychaeta,Sabellida,Siboglinidae,Paraescarpia
208979,GCA_009859135.1,Invertebrates,Arthropoda,Insecta,Hymenoptera,Formicidae,Formica
209733,GCA_977013385.1,Invertebrates,Arthropoda,Insecta,Coleoptera,Carabidae,Carabus
209941,GCA_964261705.1,Invertebrates,Arthropoda,Insecta,Psocodea,Psocidae,Loensia
209989,GCA_023512825.1,Invertebrates,Arthropoda,Insecta,Psocodea,Liposcelididae,Liposcelis
210248,GCA_947359355.1,Invertebrates,Arthropoda,Insecta,Diptera,Acroceridae,Acrocera
210409,GCA_017591435.1,Invertebrates,Arthropoda,Malacostraca,Decapoda,Portunidae,Portunus
210409,GCF_017591435.1,Invertebrates,Arthropoda,Malacostraca,Decapoda,Portunidae,Portunus
212591,GCA_963989215.1,Invertebrates,Arthropoda,Insecta,Hymenoptera,Chrysididae,Hedychridium
2126142,GCA_977013425.1,Invertebrates,Mollusca,Gastropoda,,Lottiidae,Testudinalia
213863,GCA_048181845.1,Invertebrates,Arthropoda,Insecta,Hymenoptera,Formicidae,Camponotus
214030,GCA_964194435.1,Invertebrates,Arthropoda,Insecta,Lepidoptera,Noctuidae,Anaplectoides
214073,GCA_964276575.1,Invertebrates,Arthropoda,Insecta,Lepidoptera,Noctuidae,Calophasia
214139,GCA_977035785.1,Invertebrates,Arthropoda,Insecta,Lepidoptera,Geometridae,Eupithecia
214171,GCA_914767645.1,Invertebrates,Arthropoda,Insecta,Lepidoptera,Noctuidae,Hydraecia
214277,GCA_905220335.1,Invertebrates,Arthropoda,Insecta,Lepidoptera,Noctuidae,Noctua
214311,GCA_932526445.1,Invertebrates,Arthropoda,Insecta,Lepidoptera,Erebidae,Phragmatobia
214820,GCA_977012765.1,Invertebrates,Arthropoda,Insecta,Odonata,Aeshnidae,Anax
214820,GCA_977012665.1,Invertebrates,Arthropoda,Insecta,Odonata,Aeshnidae,Anax
214965,GCA_964187815.1,Invertebrates,Cnidaria,Anthozoa,Scleractinia,Meandrinidae,Dendrogyra
214988,GCA_964017195.1,Invertebrates,Cnidaria,Anthozoa,Scleractinia,Siderastreidae,Siderastrea
215053,GCA_048165185.1,Invertebrates,Arthropoda,Insecta,Orthoptera,Tetrigidae,Tetrix
215161,GCA_036417725.1,Invertebrates,Arthropoda,Insecta,Lepidoptera,Sphingidae,Clanis
215162,GCA_950005045.1,Invertebrates,Arthropoda,Insecta,Lepidoptera,Noctuidae,Agrotis
216125,GCA_916613615.1,Invertebrates,Mollusca,Gastropoda,Trochida,Trochidae,Steromphala
216211,GCA_964194385.1,Invertebrates,Annelida,Sipuncula,Golfingiida,Themistidae,Themiste
216257,GCA_012295275.1,Invertebrates,Mollusca,Gastropoda,Neomphalida,Peltospiridae,Chrysomallon
2163653,GCA_964059375.1,Invertebrates,Arthropoda,Insecta,Hymenoptera,Ichneumonidae,Gelis
216862,GCA_963564075.1,Invertebrates,Arthropoda,Insecta,Lepidoptera,Geometridae,Eupithecia
216870,GCA_965152695.1,Invertebrates,Arthropoda,Insecta,Lepidoptera,Geometridae,Euphyia
216870,GCA_965152665.1,Invertebrates,Arthropoda,Insecta,Lepidoptera,Geometridae,Euphyia
217247,GCA_026230145.1,Invertebrates,Arthropoda,Insecta,Coleoptera,Chrysomelidae,Diorhabda
2173294,GCA_965605835.1,Invertebrates,Arthropoda,Insecta,Diptera,Calliphoridae,Melanomya
217443,GCA_054085095.1,Invertebrates,Arthropoda,Insecta,Hymenoptera,Braconidae,Cotesia
217773,GCA_977061905.1,Invertebrates,Mollusca,Gastropoda,Littorinimorpha,Ovulidae,Ovula
2184727,GCA_963932165.1,Invertebrates,Arthropoda,Insecta,Hymenoptera,Ichneumonidae,Pimpla
218720,GCA_944567765.1,Invertebrates,Arthropoda,Insecta,Lepidoptera,Hesperiidae,Carterocephalus
218722,GCA_964340745.1,Invertebrates,Arthropoda,Insecta,Lepidoptera,Hesperiidae,Carterocephalus
218760,GCA_911387765.1,Invertebrates,Arthropoda,Insecta,Lepidoptera,Hesperiidae,Pyrgus
218773,GCA_963932265.1,Invertebrates,Arthropoda,Insecta,Lepidoptera,Hesperiidae,Thymelicus
219539,GCA_905146935.1,Invertebrates,Arthropoda,Insecta,Diptera,Syrphidae,Scaeva
219812,GCA_928718305.1,Invertebrates,Arthropoda,Insecta,Hymenoptera,Formicidae,Tetramorium
2203729,GCA_965648445.1,Invertebrates,Arthropoda,Insecta,Diptera,Chloropidae,Dicraeus
220392,GCA_963383655.1,Invertebrates,Mollusca,Bivalvia,Mytilida,Mytilidae,Bathymodiolus
220711,GCA_965112545.1,Invertebrates,Porifera,Demospongiae,Chondrillida,Chondrillidae,Chondrilla
220900,GCA_042257175.1,Invertebrates,Mollusca,Bivalvia,Limoida,Limidae,Ctenoides
2212608,GCA_048181885.1,Invertebrates,Arthropoda,Insecta,Hymenoptera,Formicidae,Tetramorium
221566,GCA_965231785.1,Invertebrates,Arthropoda,Insecta,Diptera,Culicidae,Anopheles
221790,GCA_965637125.1,Invertebrates,Arthropoda,Insecta,Diptera,Syrphidae,Paragus
222432,GCA_976984645.1,Invertebrates,Arthropoda,Insecta,Hemiptera,Delphacidae,Peregrinus
222432,GCA_976984555.1,Invertebrates,Arthropoda,Insecta,Hemiptera,Delphacidae,Peregrinus
222778,GCA_943736025.1,Invertebrates,Arthropoda,Insecta,Hymenoptera,Tenthredinidae,Tenthredo
2231905,GCA_964639005.1,Invertebrates,Arthropoda,Insecta,Lepidoptera,Crambidae,Angustalius
2234001,GCA_945910035.1,Invertebrates,Arthropoda,Insecta,Diptera,Syrphidae,Brachypalpus
223459,GCA_051106175.1,Invertebrates,Arthropoda,Arachnida,Sarcoptiformes,Carpoglyphidae,Carpoglyphus
224133,GCA_917563865.1,Invertebrates,Arthropoda,Insecta,Coleoptera,Chrysomelidae,Phyllotreta
224232,GCA_965362245.1,Invertebrates,Arthropoda,Insecta,Diptera,Syrphidae,Brachypalpoides
224256,GCA_958431115.1,Invertebrates,Arthropoda,Insecta,Diptera,Syrphidae,Syrphus
224526,GCA_974392405.1,Invertebrates,Arthropoda,Insecta,Hemiptera,Aphididae,Brachycaudus
2249760,GCA_943735885.1,Invertebrates,Arthropoda,Insecta,Hymenoptera,Megachilidae,Stelis
225063,GCA_028476595.1,Invertebrates,Arthropoda,Insecta,Diptera,Cecidomyiidae,Obolodiplosis
225303,GCA_030562195.1,Invertebrates,Mollusca,Gastropoda,,Lottiidae,Nipponacmea
225476,GCA_974392715.1,Invertebrates,Mollusca,Gastropoda,Stylommatophora,Hygromiidae,Hygromia
2259328,GCA_965266975.1,Invertebrates,Arthropoda,Insecta,Diptera,Culicidae,Anopheles
226133,GCA_932274085.1,Invertebrates,Arthropoda,Insecta,Diptera,Calliphoridae,Protocalliphora
226135,GCA_958299815.1,Invertebrates,Arthropoda,Insecta,Diptera,Sarcophagidae,Sarcophaga
226145,GCA_963576555.1,Invertebrates,Arthropoda,Insecta,Diptera,Syrphidae,Ferdinandea
226147,GCA_946965025.1,Invertebrates,Arthropoda,Insecta,Diptera,Syrphidae,Blera
226149,GCA_928272305.1,Invertebrates,Arthropoda,Insecta,Diptera,Syrphidae,Volucella
226150,GCA_965234465.1,Invertebrates,Arthropoda,Insecta,Diptera,Syrphidae,Volucella
226150,GCA_965234375.1,Invertebrates,Arthropoda,Insecta,Diptera,Syrphidae,Volucella
226151,GCA_907269105.1,Invertebrates,Arthropoda,Insecta,Diptera,Syrphidae,Volucella
226154,GCA_966185155.1,Invertebrates,Arthropoda,Insecta,Diptera,Syrphidae,Cheilosia
226160,GCA_949715645.1,Invertebrates,Arthropoda,Insecta,Diptera,Syrphidae,Portevinia
226161,GCA_932526625.1,Invertebrates,Arthropoda,Insecta,Diptera,Syrphidae,Rhingia
226170,GCA_949716465.1,Invertebrates,Arthropoda,Insecta,Diptera,Syrphidae,Chalcosyrphus
226178,GCA_951217065.2,Invertebrates,Arthropoda,Insecta,Diptera,Syrphidae,Baccha
227480,GCA_949126875.1,Invertebrates,Arthropoda,Insecta,Coleoptera,Chrysomelidae,Lochmaea
227532,GCA_905404175.1,Invertebrates,Arthropoda,Insecta,Lepidoptera,Pieridae,Anthocharis
227535,GCA_964341245.1,Invertebrates,Arthropoda,Insecta,Lepidoptera,Nymphalidae,Limenitis
227743,GCA_977019845.1,Invertebrates,Arthropoda,Insecta,Lepidoptera,Nymphalidae,Oeneis
228011,GCA_964656195.1,Invertebrates,Arthropoda,Insecta,Lepidoptera,Lycaenidae,Lampides
2291877,GCA_014843695.1,Invertebrates,Mollusca,Bivalvia,Venerida,Vesicomyidae,Archivesica
2301260,GCA_050948105.1,Invertebrates,Nematoda,Chromadorea,Rhabditida,Rhabditidae,Caenorhabditis
2302425,GCA_049640265.1,Invertebrates,Mollusca,Bivalvia,Venerida,Mactridae,Mactra
2302672,GCA_964059275.1,Invertebrates,Mollusca,Cephalopoda,Sepiida,Sepiolidae,Eumandya
2305859,GCA_963978915.1,Invertebrates,Nematoda,Chromadorea,Rhabditida,Rhabditidae,Caenorhabditis
2305860,GCA_963573275.1,Invertebrates,Nematoda,Chromadorea,Rhabditida,Rhabditidae,Caenorhabditis
2305861,GCA_964198105.1,Invertebrates,Nematoda,Chromadorea,Rhabditida,Rhabditidae,Caenorhabditis
2305862,GCA_963966605.1,Invertebrates,Nematoda,Chromadorea,Rhabditida,Rhabditidae,Caenorhabditis
2305864,GCA_965219145.1,Invertebrates,Nematoda,Chromadorea,Rhabditida,Rhabditidae,Caenorhabditis
2306311,GCA_977925995.1,Invertebrates,Nematoda,Chromadorea,Rhabditida,Rhabditidae,Caenorhabditis
2306312,GCA_963966625.1,Invertebrates,Nematoda,Chromadorea,Rhabditida,Rhabditidae,Caenorhabditis
231223,GCA_963854125.1,Invertebrates,Mollusca,Gastropoda,,Plakobranchidae,Elysia
231887,GCA_933228735.2,Invertebrates,Arthropoda,Insecta,Hymenoptera,Ichneumonidae,Amblyteles
231984,GCA_964261615.1,Invertebrates,Arthropoda,Insecta,Hymenoptera,Formicidae,Lasius
231986,GCA_949152495.1,Invertebrates,Arthropoda,Insecta,Hymenoptera,Formicidae,Lasius
2321081,GCA_051362075.1,Invertebrates,Arthropoda,Insecta,Diptera,Lonchopteridae,Lonchoptera
233155,GCA_024516115.1,Invertebrates,Arthropoda,Insecta,Diptera,Culicidae,Culex
233843,GCA_964332195.1,Invertebrates,Arthropoda,Insecta,Lepidoptera,Sesiidae,Synanthedon
236073,GCA_052757275.1,Invertebrates,Arthropoda,Insecta,Coleoptera,Cerambycidae,Monochamus
236074,GCA_025584915.1,Invertebrates,Arthropoda,Insecta,Coleoptera,Cerambycidae,Monochamus
236850,GCA_936449025.2,Invertebrates,Arthropoda,Insecta,Diptera,Sarcophagidae,Sarcophaga
236851,GCA_932273835.1,Invertebrates,Arthropoda,Insecta,Diptera,Sarcophagidae,Sarcophaga
237119,GCA_976954875.1,Invertebrates,Porifera,Demospongiae,Axinellida,Axinellidae,Axinella
237398,GCA_964020215.1,Invertebrates,Cnidaria,Scyphozoa,Semaeostomeae,Ulmaridae,Aurelia
237413,GCA_964019065.1,Invertebrates,Cnidaria,Scyphozoa,Rhizostomeae,Catostylidae,Catostylus
238572,GCA_012273795.1,Invertebrates,Arthropoda,Insecta,Lepidoptera,Lasiocampidae,Dendrolimus
240144,GCA_021234535.1,Invertebrates,Echinodermata,Holothuroidea,Aspidochirotida,Stichopodidae,Stichopus
240869,GCA_932526495.1,Invertebrates,Arthropoda,Insecta,Diptera,Bombyliidae,Bombylius
240896,GCA_964251855.1,Invertebrates,Arthropoda,Insecta,Diptera,Dolichopodidae,Neurigona
241156,GCA_964300355.1,Invertebrates,Mollusca,Bivalvia,Cardiida,Cardiidae,Americardia
242256,GCA_964166005.1,Invertebrates,Arthropoda,Insecta,Lepidoptera,Nymphalidae,Erebia
242257,GCA_963932025.1,Invertebrates,Arthropoda,Insecta,Lepidoptera,Nymphalidae,Erebia
242259,GCA_964277275.1,Invertebrates,Arthropoda,Insecta,Lepidoptera,Nymphalidae,Erebia
242259,GCA_964277325.1,Invertebrates,Arthropoda,Insecta,Lepidoptera,Nymphalidae,Erebia
242260,GCA_964277375.1,Invertebrates,Arthropoda,Insecta,Lepidoptera,Nymphalidae,Erebia
242260,GCA_964277455.1,Invertebrates,Arthropoda,Insecta,Lepidoptera,Nymphalidae,Erebia
242261,GCA_963855885.1,Invertebrates,Arthropoda,Insecta,Lepidoptera,Nymphalidae,Coenonympha
242267,GCA_905404155.3,Invertebrates,Arthropoda,Insecta,Lepidoptera,Lycaenidae,Plebejus
242713,GCA_964662295.2,Invertebrates,Arthropoda,Insecta,Blattodea,Blattellidae,Loboptera
243486,GCA_963930645.1,Invertebrates,Arthropoda,Arachnida,Araneae,Salticidae,Salticus
243955,GCA_947396885.1,Invertebrates,Nematoda,Chromadorea,Rhabditida,Heligmosomidae,Heligmosomoides
244290,GCA_966183875.1,Invertebrates,Arthropoda,Insecta,Lepidoptera,Noctuidae,Peridroma
244458,GCA_964016985.1,Invertebrates,Mollusca,Bivalvia,Lucinida,Lucinidae,Anodontia
244460,GCA_964019695.1,Invertebrates,Mollusca,Bivalvia,Lucinida,Lucinidae,Loripinus
244486,GCA_965230325.1,Invertebrates,Mollusca,Bivalvia,Lucinida,Lucinidae,Phacoides
244489,GCA_964017185.1,Invertebrates,Mollusca,Bivalvia,Lucinida,Lucinidae,Rugalucina
2448451,GCF_051020985.1,Invertebrates,Arthropoda,Insecta,Hymenoptera,Halictidae,Nomia
246305,GCF_036669925.1,Invertebrates,Cnidaria,Anthozoa,Scleractinia,Acroporidae,Montipora
246305,GCA_965112405.1,Invertebrates,Cnidaria,Anthozoa,Scleractinia,Acroporidae,Montipora
246614,GCF_050580445.1,Invertebrates,Arthropoda,Arachnida,Trombidiformes,Tenuipalpidae,Brevipalpus
247284,GCA_965601895.1,Invertebrates,Arthropoda,Insecta,Coleoptera,Carabidae,Harpalus
247297,GCA_963082715.1,Invertebrates,Arthropoda,Insecta,Coleoptera,Carabidae,Harpalus
247415,GCA_943142095.1,Invertebrates,Arthropoda,Insecta,Coleoptera,Carabidae,Ophonus
247442,GCA_951394225.1,Invertebrates,Arthropoda,Insecta,Coleoptera,Carabidae,Harpalus
247947,GCA_951392215.1,Invertebrates,Arthropoda,Insecta,Lepidoptera,Geometridae,Epirrita
248243,GCA_949825025.1,Invertebrates,Arthropoda,Insecta,Ephemeroptera,Siphlonuridae,Siphlonurus
248454,GCA_009739505.2,Invertebrates,Arthropoda,Insecta,Hemiptera,Miridae,Apolygus
2484550,GCA_949752835.1,Invertebrates,Arthropoda,Insecta,Diptera,Empididae,Empis
2486090,GCA_976987375.1,Invertebrates,Annelida,Polychaeta,Phyllodocida,Phyllodocidae,Phyllodoce
2487007,GCA_030323885.1,Invertebrates,Annelida,Polychaeta,Phyllodocida,Polynoidae,Branchipolynoe
2491183,GCA_963969325.1,Invertebrates,Porifera,Demospongiae,Poecilosclerida,Cladorhizidae,Lycopodina
2492375,GCA_916610215.1,Invertebrates,Arthropoda,Insecta,Lepidoptera,Noctuidae,Omphaloscelis
249369,GCA_966197015.1,Invertebrates,Annelida,Polychaeta,Sabellida,Serpulidae,Serpula
2494358,GCA_964656145.1,Invertebrates,Arthropoda,Insecta,Lepidoptera,Nymphalidae,Lasiommata
2494361,GCA_964306245.1,Invertebrates,Arthropoda,Insecta,Lepidoptera,Nymphalidae,Melitaea
2494881,GCA_963989415.1,Invertebrates,Arthropoda,Insecta,Hymenoptera,Crabronidae,Cerceris
2494894,GCA_963675795.1,Invertebrates,Arthropoda,Insecta,Hymenoptera,Crabronidae,Crossocerus
249498,GCA_959613365.1,Invertebrates,Arthropoda,Insecta,Hemiptera,Pseudococcidae,Balanococcus
2495015,GCA_910593735.2,Invertebrates,Arthropoda,Insecta,Hymenoptera,Crabronidae,Ectemnius
2495085,GCA_917499265.3,Invertebrates,Arthropoda,Insecta,Hymenoptera,Crabronidae,Mimumesa
2495127,GCA_910591585.2,Invertebrates,Arthropoda,Insecta,Hymenoptera,Crabronidae,Nysson
2495129,GCA_975301485.1,Invertebrates,Arthropoda,Insecta,Hymenoptera,Crabronidae,Nysson
2495172,GCA_933228935.1,Invertebrates,Arthropoda,Insecta,Hymenoptera,Crabronidae,Pemphredon
249532,GCA_039619475.1,Invertebrates,Arthropoda,Insecta,Hemiptera,Monophlebidae,Icerya
249532,GCA_952773005.1,Invertebrates,Arthropoda,Insecta,Hemiptera,Monophlebidae,Icerya
2498685,GCA_052425775.1,Invertebrates,Arthropoda,Insecta,Plecoptera,Nemouridae,Indonemoura
2498891,GCF_030247195.1,Invertebrates,Arthropoda,Insecta,Diptera,Culicidae,Topomyia
2505772,GCA_964270855.1,Invertebrates,Arthropoda,Insecta,Lepidoptera,Nymphalidae,Coenonympha
2505774,GCA_964270845.1,Invertebrates,Arthropoda,Insecta,Lepidoptera,Nymphalidae,Erebia
2505778,GCA_964264285.1,Invertebrates,Arthropoda,Insecta,Lepidoptera,Nymphalidae,Hipparchia
2505780,GCA_964264435.1,Invertebrates,Arthropoda,Insecta,Lepidoptera,Lycaenidae,Kretania
2505785,GCA_964276835.1,Invertebrates,Arthropoda,Insecta,Lepidoptera,Hesperiidae,Pyrgus
2510888,GCA_051558385.1,Invertebrates,Mollusca,Gastropoda,Cephalaspidea,Haminoeidae,Bullacta
252295,GCA_014607495.2,Invertebrates,Arthropoda,Insecta,Lepidoptera,Carposinidae,Carposina
252483,GCA_048836485.1,Invertebrates,Arthropoda,Insecta,Hemiptera,Pseudococcidae,Paracoccus
252964,GCA_964213935.1,Invertebrates,Porifera,Demospongiae,Dictyoceratida,Spongiidae,Spongia
253715,GCA_916610135.2,Invertebrates,Arthropoda,Insecta,Hymenoptera,Melittidae,Macropis
254363,GCA_905146925.1,Invertebrates,Arthropoda,Insecta,Lepidoptera,Noctuidae,Autographa
254365,GCA_946251915.1,Invertebrates,Arthropoda,Insecta,Lepidoptera,Noctuidae,Abrostola
254370,GCA_041146325.1,Invertebrates,Arthropoda,Insecta,Lepidoptera,Noctuidae,Ctenoplusia
254380,GCA_965154515.1,Invertebrates,Arthropoda,Insecta,Lepidoptera,Noctuidae,Macdunnoughia
254382,GCA_950381575.1,Invertebrates,Arthropoda,Insecta,Lepidoptera,Noctuidae,Plusia
2546182,GCA_965178615.1,Invertebrates,Arthropoda,Insecta,Dermaptera,Forficulidae,Chelidurella
2547956,GCA_028015205.1,Invertebrates,Mollusca,Bivalvia,Mytilida,Mytilidae,Mytilisepta
256056,GCA_963971465.1,Invertebrates,Mollusca,Polyplacophora,Chitonida,Tonicellidae,Lepidochitona
256063,GCA_965250495.2,Invertebrates,Mollusca,Polyplacophora,Chitonida,Ischnochitonidae,Ischnochiton
2560885,GCA_976986875.1,Invertebrates,Arthropoda,Insecta,Lepidoptera,Gelechiidae,Acompsia
2560951,GCA_976929165.1,Invertebrates,Arthropoda,Insecta,Lepidoptera,Gelechiidae,Anacampsis
2560956,GCA_976227395.1,Invertebrates,Arthropoda,Insecta,Lepidoptera,Tortricidae,Ancylis
2561016,GCA_905147135.1,Invertebrates,Arthropoda,Insecta,Lepidoptera,Blastobasidae,Blastobasis
2561027,GCA_977066475.1,Invertebrates,Arthropoda,Insecta,Lepidoptera,Gelechiidae,Bryotropha
2561073,GCA_977014705.1,Invertebrates,Arthropoda,Insecta,Lepidoptera,Tortricidae,Celypha
256108,GCA_964264625.4,Invertebrates,Mollusca,Polyplacophora,Chitonida,Chitonidae,Chiton
2561093,GCA_963691665.1,Invertebrates,Arthropoda,Insecta,Lepidoptera,Tortricidae,Clepsis
2561210,GCA_976225225.1,Invertebrates,Arthropoda,Insecta,Lepidoptera,Tortricidae,Dichrorampha
2561216,GCA_977020425.1,Invertebrates,Arthropoda,Insecta,Lepidoptera,Tortricidae,Dichrorampha
2561217,GCA_977090015.1,Invertebrates,Arthropoda,Insecta,Lepidoptera,Tortricidae,Dichrorampha
2561217,GCA_977090025.1,Invertebrates,Arthropoda,Insecta,Lepidoptera,Tortricidae,Dichrorampha
2561220,GCA_965363005.1,Invertebrates,Arthropoda,Insecta,Lepidoptera,Plutellidae,Digitivalva
2561228,GCA_965277395.1,Invertebrates,Arthropoda,Insecta,Lepidoptera,Erebidae,Dysgonia
2561228,GCA_965277865.1,Invertebrates,Arthropoda,Insecta,Lepidoptera,Erebidae,Dysgonia
2561265,GCA_977012555.1,Invertebrates,Arthropoda,Insecta,Lepidoptera,Elachistidae,Elachista
2561333,GCA_965283285.1,Invertebrates,Arthropoda,Insecta,Lepidoptera,Noctuidae,Euxoa
2561333,GCA_965283315.1,Invertebrates,Arthropoda,Insecta,Lepidoptera,Noctuidae,Euxoa
2561350,GCA_977012515.1,Invertebrates,Arthropoda,Insecta,Lepidoptera,Gelechiidae,Gnorimoschema
2561363,GCA_965262075.1,Invertebrates,Arthropoda,Insecta,Lepidoptera,Erebidae,Grammodes
256138,GCA_047826735.1,Invertebrates,Mollusca,Polyplacophora,Chitonida,Callochitonidae,Callochiton
2561392,GCA_964340625.1,Invertebrates,Arthropoda,Insecta,Lepidoptera,Pyralidae,Homoeosoma
2561510,GCA_965195395.1,Invertebrates,Arthropoda,Insecta,Lepidoptera,Gelechiidae,Mirificarma
2561577,GCA_965620085.1,Invertebrates,Arthropoda,Insecta,Lepidoptera,Tortricidae,Pammene
2561637,GCA_977065725.1,Invertebrates,Arthropoda,Insecta,Lepidoptera,Choreutidae,Prochoreutis
2561649,GCA_977061915.1,Invertebrates,Arthropoda,Insecta,Lepidoptera,Noctuidae,Pseudeustrotia
2561649,GCA_977061945.1,Invertebrates,Arthropoda,Insecta,Lepidoptera,Noctuidae,Pseudeustrotia
2561724,GCA_965112585.1,Invertebrates,Arthropoda,Insecta,Lepidoptera,Gelechiidae,Scrobipalpa
2561743,GCA_977017565.1,Invertebrates,Arthropoda,Insecta,Lepidoptera,Scythrididae,Scythris
2561744,GCA_977018445.1,Invertebrates,Arthropoda,Insecta,Lepidoptera,Scythrididae,Scythris
2561782,GCA_976226945.1,Invertebrates,Arthropoda,Insecta,Lepidoptera,Tortricidae,Strophedra
2561799,GCA_963506565.1,Invertebrates,Arthropoda,Insecta,Lepidoptera,Oecophoridae,Tachystola
2561853,GCA_965260815.1,Invertebrates,Arthropoda,Insecta,Lepidoptera,Yponomeutidae,Zelleria
2561977,GCA_977019025.1,Invertebrates,Arthropoda,Insecta,Lepidoptera,Crambidae,Eurrhypis
2562035,GCA_977035895.1,Invertebrates,Arthropoda,Insecta,Lepidoptera,Noctuidae,Protarchanara
2566210,GCA_966208735.1,Invertebrates,Arthropoda,Insecta,Lepidoptera,Tortricidae,Acleris
2566270,GCA_947563765.1,Invertebrates,Arthropoda,Insecta,Lepidoptera,Gelechiidae,Anarsia
2566302,GCA_976954445.1,Invertebrates,Arthropoda,Insecta,Lepidoptera,Gelechiidae,Aproaerema
2566309,GCA_949987775.1,Invertebrates,Arthropoda,Insecta,Lepidoptera,Gelechiidae,Aproaerema
256647,GCA_964213965.2,Invertebrates,Arthropoda,Insecta,Coleoptera,Cerambycidae,Arhopalus
256650,GCA_964058775.1,Invertebrates,Arthropoda,Insecta,Coleoptera,Cerambycidae,Tetropium
2566568,GCA_963854355.1,Invertebrates,Arthropoda,Insecta,Lepidoptera,Tortricidae,Epinotia
2566637,GCA_965637225.1,Invertebrates,Arthropoda,Insecta,Lepidoptera,Tortricidae,Grapholita
2566676,GCA_951800055.1,Invertebrates,Arthropoda,Insecta,Lepidoptera,Tortricidae,Cenopis
2567019,GCA_964503575.1,Invertebrates,Arthropoda,Insecta,Lepidoptera,Noctuidae,Mythimna
256737,GCA_037975125.2,Invertebrates,Arthropoda,Arachnida,Araneae,Theridiidae,Latrodectus
2567736,GCA_947310995.1,Invertebrates,Arthropoda,Insecta,Lepidoptera,Yponomeutidae,Yponomeuta
2567737,GCA_963969515.1,Invertebrates,Arthropoda,Insecta,Lepidoptera,Yponomeutidae,Yponomeuta
256828,GCA_964204745.1,Invertebrates,Arthropoda,Insecta,Coleoptera,Chrysomelidae,Bruchidius
256915,GCA_965643515.1,Invertebrates,Arthropoda,Insecta,Coleoptera,Chrysomelidae,Bruchidius
257759,GCA_907164885.2,Invertebrates,Arthropoda,Arachnida,Araneae,Dolomedidae,Dolomedes
2578226,GCA_964345855.1,Invertebrates,Arthropoda,Insecta,Lepidoptera,Nymphalidae,Scada
2578226,GCA_964346835.1,Invertebrates,Arthropoda,Insecta,Lepidoptera,Nymphalidae,Scada
2578229,GCA_959347415.1,Invertebrates,Arthropoda,Insecta,Lepidoptera,Nymphalidae,Mechanitis
2578515,GCA_975302115.1,Invertebrates,Arthropoda,Insecta,Diptera,Chironomidae,Diamesa
2578561,GCA_964264825.1,Invertebrates,Arthropoda,Insecta,Hymenoptera,Crabronidae,Lestiphorus
2581074,GCA_046579375.1,Invertebrates,Arthropoda,Collembola,Poduromorpha,Onychiuridae,Orthonychiurus
258706,GCA_964276525.2,Invertebrates,Arthropoda,Insecta,Hymenoptera,Formicidae,Formica
2588525,GCA_949987735.1,Invertebrates,Arthropoda,Insecta,Diptera,Anthomyiidae,Leucophora
2589376,GCA_922989275.2,Invertebrates,Mollusca,Bivalvia,Cardiida,Psammobiidae,Gari
2589387,GCA_977014855.1,Invertebrates,Mollusca,Bivalvia,Cardiida,Tellinidae,Fabulina
259057,GCA_023701765.1,Invertebrates,Arthropoda,Arachnida,Araneae,Linyphiidae,Hylyphantes
2591979,GCA_963675035.1,Invertebrates,Arthropoda,Insecta,Hemiptera,Cicadellidae,Allygus
2591987,GCA_977067445.1,Invertebrates,Arthropoda,Insecta,Hemiptera,Cicadellidae,Synophropsis
2593556,GCA_965278755.2,Invertebrates,Porifera,Demospongiae,Tetractinellida,Pleromidae,Pleroma
259844,GCA_964020975.1,Invertebrates,Annelida,Polychaeta,Eunicida,Amphinomidae,Hermodice
2599362,GCA_964188065.1,Invertebrates,Arthropoda,Insecta,Lepidoptera,Nymphalidae,Erebia
2599364,GCA_038048805.1,Invertebrates,Arthropoda,Insecta,Lepidoptera,Nymphalidae,Hipparchia
2599366,GCA_965213455.1,Invertebrates,Arthropoda,Insecta,Lepidoptera,Nymphalidae,Cercyonis
2602933,GCA_033439105.1,Invertebrates,Mollusca,Bivalvia,Ostreida,Ostreidae,Magallana
2604842,GCA_041222665.1,Invertebrates,Arthropoda,Insecta,Hemiptera,Psyllidae,Cyamophila
2605667,GCA_009760885.1,Invertebrates,Mollusca,Gastropoda,Stylommatophora,Achatinidae,Achatina
2605962,GCF_051014445.1,Invertebrates,Arthropoda,Insecta,Hymenoptera,Colletidae,Colletes
2607531,GCA_006345805.1,Invertebrates,Mollusca,Cephalopoda,Octopoda,Octopodidae,Octopus
2607531,GCF_006345805.1,Invertebrates,Mollusca,Cephalopoda,Octopoda,Octopodidae,Octopus
260967,GCA_052523245.1,Invertebrates,Platyhelminthes,Cestoda,Cyclophyllidea,Taeniidae,Echinococcus
2613951,GCA_965208005.1,Invertebrates,Arthropoda,Malacostraca,Isopoda,Janiridae,Jaera
261677,GCA_964263335.1,Invertebrates,Porifera,Demospongiae,Verongiida,Aplysinidae,Aiolochroia
261975,GCA_964442445.1,Invertebrates,Arthropoda,Pycnogonida,Pantopoda,Pycnogonidae,Pycnogonum
262287,GCA_964035745.1,Invertebrates,Cnidaria,Anthozoa,Scleractinia,Poritidae,Porites
262591,GCA_964035705.1,Invertebrates,Cnidaria,Anthozoa,Scleractinia,Poritidae,Porites
263140,GCA_021018905.1,Invertebrates,Arthropoda,Insecta,Diptera,Cecidomyiidae,Sitodiplosis
263933,GCA_934045075.1,Invertebrates,Arthropoda,Insecta,Lepidoptera,Yponomeutidae,Yponomeuta
264050,GCA_963930725.1,Invertebrates,Cnidaria,Hydrozoa,Anthoathecata,Candelabridae,Candelabrum
265360,GCA_965194355.1,Invertebrates,Arthropoda,Insecta,Lepidoptera,Lycaenidae,Lycaena
265386,GCA_937595015.1,Invertebrates,Arthropoda,Insecta,Lepidoptera,Lycaenidae,Polyommatus
2655036,GCA_964237515.1,Invertebrates,Arthropoda,Insecta,Lepidoptera,Tortricidae,Archips
265994,GCA_964261925.1,Invertebrates,Mollusca,Gastropoda,Stylommatophora,Hygromiidae,Monacha
266040,GCA_013339685.2,Invertebrates,Arthropoda,Arachnida,Ixodida,Ixodidae,Hyalomma
2663927,GCA_917880715.2,Invertebrates,Arthropoda,Insecta,Diptera,Syrphidae,Criorhina
2665993,GCA_054130545.1,Invertebrates,Mollusca,Bivalvia,Mytilida,Mytilidae,Gigantidas
267205,GCA_030762935.1,Invertebrates,Arthropoda,Insecta,Mantodea,Hymenopodidae,Hymenopus
2673479,GCA_050084585.1,Invertebrates,Arthropoda,Insecta,Lepidoptera,Noctuidae,Hermonassa
2682853,GCA_965641345.1,Invertebrates,Arthropoda,Insecta,Lepidoptera,Erebidae,Drasteria
268458,GCA_977015545.1,Invertebrates,Arthropoda,Insecta,Coleoptera,Meloidae,Mylabris
268502,GCA_053542815.1,Invertebrates,Arthropoda,Insecta,Lepidoptera,Hyblaeidae,Hyblaea
268662,GCA_963422495.1,Invertebrates,Arthropoda,Insecta,Lepidoptera,Lycaenidae,Polyommatus
268709,GCA_905220515.1,Invertebrates,Arthropoda,Insecta,Lepidoptera,Lycaenidae,Lysandra
2691756,GCA_964058745.1,Invertebrates,Arthropoda,Insecta,Diptera,Tephritidae,Campiglossa
2692762,GCA_043643665.1,Invertebrates,Echinodermata,Ophiuroidea,Amphilepidida,Ophiuridae,Ophiura
2695169,GCA_046579625.1,Invertebrates,Arthropoda,Insecta,Lepidoptera,Stathmopodidae,Atrijuglans
269548,GCA_037179385.1,Invertebrates,Echinodermata,Holothuroidea,Aspidochirotida,Holothuriidae,Holothuria
270466,GCA_905147385.1,Invertebrates,Arthropoda,Insecta,Lepidoptera,Nymphalidae,Limenitis
2705178,GCF_051014615.1,Invertebrates,Arthropoda,Insecta,Hymenoptera,Apidae,Bombus
2705571,GCA_965200415.1,Invertebrates,Arthropoda,Insecta,Lepidoptera,Hesperiidae,Muschampia
270614,GCA_963942605.1,Invertebrates,Arthropoda,Insecta,Coleoptera,Carabidae,Poecilus
270691,GCA_974392615.1,Invertebrates,Annelida,Clitellata,Rhynchobdellida,Glossiphoniidae,Helobdella
270884,GCA_043644785.1,Invertebrates,Arthropoda,Insecta,Plecoptera,Pteronarcyidae,Pteronarcys
271030,GCA_949126835.1,Invertebrates,Mollusca,Gastropoda,,Planorbidae,Anisus
271217,GCA_030763345.1,Invertebrates,Arthropoda,Insecta,Lepidoptera,Noctuidae,Mythimna
2712997,GCA_965152765.1,Invertebrates,Arthropoda,Insecta,Coleoptera,Tenebrionidae,Dendarus
2714347,GCA_965637335.1,Invertebrates,Arthropoda,Insecta,Diptera,Syrphidae,Chrysotoxum
2714349,GCA_930367185.1,Invertebrates,Arthropoda,Insecta,Diptera,Syrphidae,Myathropa
2715158,GCA_963693315.1,Invertebrates,Arthropoda,Insecta,Diptera,Cylindrotomidae,Diogma
2715216,GCA_965283295.1,Invertebrates,Arthropoda,Insecta,Diptera,Empididae,Empis
2716722,GCA_964265045.1,Invertebrates,Arthropoda,Insecta,Lepidoptera,Nymphalidae,Melitaea
271774,GCA_950022655.1,Invertebrates,Annelida,Polychaeta,Phyllodocida,Polynoidae,Alentia
2718470,GCA_054206265.1,Invertebrates,Mollusca,Bivalvia,Venerida,Veneridae,Meretrix
2718756,GCA_949825005.1,Invertebrates,Arthropoda,Insecta,Hymenoptera,Gasteruptiidae,Gasteruption
2719050,GCA_949128065.1,Invertebrates,Arthropoda,Insecta,Diptera,Stratiomyidae,Beris
2719080,GCA_932526605.1,Invertebrates,Arthropoda,Insecta,Diptera,Tipulidae,Nephrotoma
2719097,GCA_965642385.1,Invertebrates,Arthropoda,Insecta,Diptera,Heleomyzidae,Suillia
2719107,GCA_965151645.1,Invertebrates,Arthropoda,Insecta,Diptera,Tipulidae,Tipula
2721518,GCA_949824845.1,Invertebrates,Arthropoda,Insecta,Diptera,Syrphidae,Rhingia
2722873,GCA_977064325.1,Invertebrates,Mollusca,Gastropoda,Littorinimorpha,Bithyniidae,Bithynia
2723838,GCA_949987565.1,Invertebrates,Echinodermata,Asteroidea,Paxillosida,Luidiidae,Luidia
2725500,GCA_963971155.1,Invertebrates,Arthropoda,Insecta,Diptera,Bombyliidae,Anthrax
2725509,GCA_944738645.1,Invertebrates,Arthropoda,Insecta,Diptera,Syrphidae,Eristalinus
2725526,GCA_977019835.1,Invertebrates,Arthropoda,Insecta,Diptera,Lonchaeidae,Silba
2725530,GCA_963691655.1,Invertebrates,Arthropoda,Insecta,Diptera,Pallopteridae,Toxonevra
2725545,GCA_964659535.1,Invertebrates,Arthropoda,Insecta,Diptera,Lauxaniidae,Trigonometopus
272628,GCA_911387775.1,Invertebrates,Arthropoda,Insecta,Lepidoptera,Hesperiidae,Thymelicus
2727545,GCA_051201365.1,Invertebrates,Arthropoda,Insecta,Lepidoptera,Gelechiidae,Helcystogramma
2730554,GCA_050495765.1,Invertebrates,Arthropoda,Arachnida,Araneae,Nephilidae,Trichonephila
273407,GCA_936431705.1,Invertebrates,Arthropoda,Insecta,Diptera,Syrphidae,Cheilosia
273409,GCA_916610125.1,Invertebrates,Arthropoda,Insecta,Diptera,Syrphidae,Cheilosia
273429,GCA_955612985.1,Invertebrates,Arthropoda,Insecta,Diptera,Syrphidae,Cheilosia
273439,GCA_948293265.1,Invertebrates,Arthropoda,Insecta,Diptera,Syrphidae,Cheilosia
273442,GCA_963082955.1,Invertebrates,Arthropoda,Insecta,Diptera,Syrphidae,Cheilosia
273447,GCA_951230905.1,Invertebrates,Arthropoda,Insecta,Diptera,Syrphidae,Cheilosia
2735243,GCA_943590905.1,Invertebrates,Arthropoda,Insecta,Diptera,Syrphidae,Sphaerophoria
2736688,GCA_965197115.1,Invertebrates,Arthropoda,Insecta,Diptera,Tipulidae,Tipula
2736688,GCA_965197065.1,Invertebrates,Arthropoda,Insecta,Diptera,Tipulidae,Tipula
273748,GCA_032716605.1,Invertebrates,Arthropoda,Malacostraca,Decapoda,Lithodidae,Paralithodes
273764,GCA_964006125.1,Invertebrates,Arthropoda,Insecta,Hymenoptera,Ichneumonidae,Cryptus
2738514,GCA_964264905.1,Invertebrates,Porifera,Demospongiae,Axinellida,Axinellidae,Phakellia
2738948,GCA_918226075.1,Invertebrates,Arthropoda,Insecta,Hymenoptera,Braconidae,Microctonus
2739011,GCA_028641665.1,Invertebrates,Arthropoda,Insecta,Hymenoptera,Braconidae,Chelonus
273928,GCA_023509865.1,Invertebrates,Arthropoda,Insecta,Coleoptera,Scarabaeidae,Trypoxylus
27404,GCA_030770115.1,Invertebrates,Arthropoda,Branchiopoda,Diplostraca,Daphniidae,Daphnia
27406,GCA_026875155.2,Invertebrates,Arthropoda,Malacostraca,Decapoda,Parastacidae,Cherax
27406,GCF_038502225.1,Invertebrates,Arthropoda,Malacostraca,Decapoda,Parastacidae,Cherax
2741127,GCA_947310385.1,Invertebrates,Arthropoda,Insecta,Diptera,Tipulidae,Nephrotoma
2741128,GCA_939192795.1,Invertebrates,Arthropoda,Insecta,Diptera,Bombyliidae,Bombylius
2741129,GCA_958295665.1,Invertebrates,Arthropoda,Insecta,Diptera,Tipulidae,Tipula
2741452,GCA_964019155.1,Invertebrates,Annelida,Polychaeta,Sabellida,Siboglinidae,Osedax
2742169,GCA_963680855.1,Invertebrates,Arthropoda,Hexanauplia,Siphonostomatoida,Caligidae,Lepeophtheirus
2742875,GCA_965653185.1,Invertebrates,Mollusca,Gastropoda,Stylommatophora,Oxychilidae,Daudebardia
274346,GCA_964017025.1,Invertebrates,Arthropoda,Insecta,Hymenoptera,Ichneumonidae,Stenichneumon
2744207,GCA_974871385.1,Invertebrates,Arthropoda,Insecta,Lepidoptera,Lycaenidae,Glaucopsyche
2744210,GCA_976063885.1,Invertebrates,Arthropoda,Insecta,Lepidoptera,Nymphalidae,Hipparchia
2744210,GCA_966190265.1,Invertebrates,Arthropoda,Insecta,Lepidoptera,Nymphalidae,Hipparchia
27454,GCA_942486065.2,Invertebrates,Arthropoda,Insecta,Diptera,Calliphoridae,Calliphora
27457,GCA_023373825.1,Invertebrates,Arthropoda,Insecta,Diptera,Tephritidae,Bactrocera
27457,GCF_023373825.1,Invertebrates,Arthropoda,Insecta,Diptera,Tephritidae,Bactrocera
274613,GCF_021461385.2,Invertebrates,Arthropoda,Insecta,Orthoptera,Acrididae,Schistocerca
274614,GCF_023864275.1,Invertebrates,Arthropoda,Insecta,Orthoptera,Acrididae,Schistocerca
2749944,GCA_025170145.1,Invertebrates,Arthropoda,Arachnida,Trombidiformes,Pyemotidae,Pyemotes
2750724,GCA_033310375.1,Invertebrates,Mollusca,Gastropoda,Neogastropoda,Conidae,Conus
2750798,GCA_976940485.1,Invertebrates,Arthropoda,Chilopoda,Lithobiomorpha,Lithobiidae,Lithobius
2751898,GCA_965240485.1,Invertebrates,Cnidaria,Anthozoa,Corallimorpharia,Discosomidae,Rhodactis
2752932,GCA_019049465.1,Invertebrates,Arthropoda,Insecta,Lepidoptera,Nymphalidae,Dryas
2753613,GCA_951394055.1,Invertebrates,Arthropoda,Insecta,Diptera,Bombyliidae,Villa
2753657,GCA_028476575.1,Invertebrates,Arthropoda,Insecta,Hymenoptera,Platygastridae,Platygaster
27543,GCA_037349165.2,Invertebrates,Arthropoda,Insecta,Lepidoptera,Tortricidae,Choristoneura
2755057,GCA_032872505.1,Invertebrates,Arthropoda,Insecta,Hymenoptera,Figitidae,Leptopilina
2758353,GCA_951640165.1,Invertebrates,Arthropoda,Insecta,Lepidoptera,Nolidae,Pseudoips
2759717,GCA_964027065.2,Invertebrates,Cnidaria,Anthozoa,Scleractinia,Pocilloporidae,Pocillopora
2759737,GCA_964659595.1,Invertebrates,Cnidaria,Anthozoa,Scleralcyonacea,Pennatulidae,Pteroeides
2763070,GCA_016170035.1,Invertebrates,Arthropoda,Insecta,Diptera,Culicidae,Anopheles
2767528,GCA_963931805.1,Invertebrates,Arthropoda,Insecta,Diptera,Syrphidae,Microdon
2769477,GCA_964656585.1,Invertebrates,Arthropoda,Insecta,Lepidoptera,Tortricidae,Neocochylis
2776046,GCA_964034905.1,Invertebrates,Arthropoda,Insecta,Hymenoptera,Ichneumonidae,Itoplectis
2776060,GCA_949699805.1,Invertebrates,Arthropoda,Insecta,Hymenoptera,Ichneumonidae,Tromatobia
2776077,GCA_964237415.1,Invertebrates,Arthropoda,Insecta,Hymenoptera,Ichneumonidae,Paraperithous
27828,GCA_965643665.1,Invertebrates,Nematoda,Chromadorea,Rhabditida,Trichostrongylidae,Cooperia
27835,GCA_030553155.1,Invertebrates,Nematoda,Chromadorea,Rhabditida,Heligmosomidae,Nippostrongylus
2784310,GCF_025612915.1,Invertebrates,Mollusca,Bivalvia,Ostreida,Ostreidae,Magallana
2784310,GCA_025612915.2,Invertebrates,Mollusca,Bivalvia,Ostreida,Ostreidae,Magallana
2785214,GCA_051549935.1,Invertebrates,Echinodermata,Holothuroidea,Dendrochirotida,Cucumariidae,Cercodemas
278856,GCF_009731565.1,Invertebrates,Arthropoda,Insecta,Lepidoptera,Nymphalidae,Danaus
27908,GCA_965260885.1,Invertebrates,Annelida,Polychaeta,Sabellida,Siboglinidae,Siboglinum
2790877,GCA_964019985.1,Invertebrates,Cnidaria,Scyphozoa,Semaeostomeae,Ulmaridae,Aurelia
2793148,GCA_964263325.1,Invertebrates,Mollusca,Bivalvia,Pectinida,Anomiidae,Heteranomia
27933,GCF_964019385.1,Invertebrates,Porifera,Calcarea,Leucosolenida,Sycettidae,Sycon
2793623,GCA_965240395.1,Invertebrates,Arthropoda,Insecta,Strepsiptera,Stylopidae,Stylops
2794001,GCA_933228815.1,Invertebrates,Arthropoda,Insecta,Diptera,Asilidae,Machimus
2794005,GCA_965153395.1,Invertebrates,Arthropoda,Diplopoda,Chordeumatida,Craspedosomatidae,Nanogona
279420,GCA_949319165.1,Invertebrates,Arthropoda,Insecta,Megaloptera,Sialidae,Sialis
279440,GCA_958496155.1,Invertebrates,Arthropoda,Insecta,Neuroptera,Sisyridae,Sisyra
2795559,GCA_964264505.1,Invertebrates,Arthropoda,Insecta,Lepidoptera,Lycaenidae,Helleia
2795562,GCA_964656085.1,Invertebrates,Arthropoda,Insecta,Lepidoptera,Nymphalidae,Maniola
2795564,GCA_902806685.2,Invertebrates,Arthropoda,Insecta,Lepidoptera,Nymphalidae,Maniola
2795564,GCF_902806685.2,Invertebrates,Arthropoda,Insecta,Lepidoptera,Nymphalidae,Maniola
2795565,GCA_965117215.1,Invertebrates,Arthropoda,Insecta,Lepidoptera,Nymphalidae,Maniola
2795671,GCA_916048285.2,Invertebrates,Arthropoda,Insecta,Diptera,Calliphoridae,Bellardia
2795680,GCA_917499995.1,Invertebrates,Arthropoda,Insecta,Hymenoptera,Ichneumonidae,Ichneumon
2795681,GCA_949987695.1,Invertebrates,Arthropoda,Insecta,Diptera,Tephritidae,Merzomyia
2798589,GCA_033884665.1,Invertebrates,Arthropoda,Insecta,Lepidoptera,Nymphalidae,Argynnis
2800471,GCA_051201535.1,Invertebrates,Arthropoda,Hexanauplia,Harpacticoida,Harpacticidae,Tigriopus
2803876,GCA_963920705.1,Invertebrates,Arthropoda,Arachnida,Opiliones,Phalangiidae,Odiellus
2803881,GCA_946811545.1,Invertebrates,Arthropoda,Insecta,Hymenoptera,Ichneumonidae,Netelia
280486,GCA_965213405.1,Invertebrates,Arthropoda,Insecta,Hymenoptera,Crabronidae,Philanthus
281680,GCA_964057215.1,Invertebrates,Nematoda,Chromadorea,Rhabditida,Rhabditidae,Oscheius
281681,GCA_963931815.1,Invertebrates,Nematoda,Chromadorea,Rhabditida,Rhabditidae,Caenorhabditis
281686,GCA_964204685.1,Invertebrates,Nematoda,Chromadorea,Rhabditida,Rhabditidae,Caenorhabditis
281687,GCA_963572235.1,Invertebrates,Nematoda,Chromadorea,Rhabditida,Rhabditidae,Caenorhabditis
2817044,GCF_010883055.1,Invertebrates,Arthropoda,Insecta,Hymenoptera,Cynipidae,Belonocnema
281731,GCA_963930775.1,Invertebrates,Porifera,Demospongiae,Clionaida,Clionaidae,Cliona
2819248,GCA_965641835.1,Invertebrates,Arthropoda,Insecta,Odonata,Aeshnidae,Anax
2819898,GCA_977015935.1,Invertebrates,Arthropoda,Insecta,Hemiptera,Ricaniidae,Orosanga
282008,GCA_965112185.1,Invertebrates,Arthropoda,Insecta,Lepidoptera,Lycaenidae,Lysandra
282008,GCA_965112205.1,Invertebrates,Arthropoda,Insecta,Lepidoptera,Lycaenidae,Lysandra
282009,GCA_964341205.1,Invertebrates,Arthropoda,Insecta,Lepidoptera,Lycaenidae,Aricia
282031,GCA_964396525.1,Invertebrates,Arthropoda,Insecta,Lepidoptera,Lycaenidae,Eumedonia
282318,GCA_965112865.1,Invertebrates,Arthropoda,Insecta,Lepidoptera,Lycaenidae,Leptotes
2823186,GCA_963669355.1,Invertebrates,Arthropoda,Insecta,Diptera,Stratiomyidae,Chorisops
2823188,GCA_949752815.1,Invertebrates,Arthropoda,Insecta,Diptera,Conopidae,Conops
282377,GCA_964273875.1,Invertebrates,Arthropoda,Insecta,Lepidoptera,Lycaenidae,Lycaena
282382,GCA_965112425.1,Invertebrates,Arthropoda,Insecta,Lepidoptera,Lycaenidae,Cupido
282391,GCA_905333005.2,Invertebrates,Arthropoda,Insecta,Lepidoptera,Lycaenidae,Lycaena
282395,GCA_964263885.1,Invertebrates,Arthropoda,Insecta,Lepidoptera,Lycaenidae,Lycaena
282397,GCA_966216375.1,Invertebrates,Arthropoda,Insecta,Lepidoptera,Lycaenidae,Polyommatus
2829445,GCA_943737955.2,Invertebrates,Arthropoda,Insecta,Diptera,Conopidae,Myopa
2829464,GCA_971880485.1,Invertebrates,Arthropoda,Insecta,Hymenoptera,Tiphiidae,Tiphia
283519,GCA_964205185.2,Invertebrates,Porifera,Demospongiae,Tethyida,Tethyidae,Tethya
283539,GCA_964274175.1,Invertebrates,Porifera,Demospongiae,Suberitida,Suberitidae,Suberites
283776,GCA_964035775.1,Invertebrates,Annelida,Polychaeta,Sabellida,Siboglinidae,Osedax
2837877,GCA_964026615.1,Invertebrates,Annelida,Clitellata,Crassiclitellata,Hormogastridae,Carpetania
2838189,GCA_031841125.1,Invertebrates,Arthropoda,Insecta,Hemiptera,Eriococcidae,Acanthococcus
283834,GCA_949752805.1,Invertebrates,Arthropoda,Insecta,Lepidoptera,Sphingidae,Deilephila
283848,GCA_009982885.2,Invertebrates,Arthropoda,Insecta,Lepidoptera,Sphingidae,Hyles
283855,GCA_023078785.2,Invertebrates,Arthropoda,Insecta,Lepidoptera,Sphingidae,Hyles
2840399,GCA_019049505.1,Invertebrates,Arthropoda,Insecta,Coleoptera,Curculionidae,Pachyrhynchus
2840466,GCA_022405125.1,Invertebrates,Arthropoda,Insecta,Hymenoptera,Megachilidae,Anthidium
2844906,GCA_053542775.1,Invertebrates,Arthropoda,Insecta,Orthoptera,Schizodactylidae,Schizodactylus
2849643,GCA_949775065.1,Invertebrates,Arthropoda,Insecta,Diptera,Syrphidae,Brachyopa
2849646,GCA_958295655.1,Invertebrates,Arthropoda,Insecta,Diptera,Pallopteridae,Palloptera
2849648,GCA_966185095.1,Invertebrates,Arthropoda,Insecta,Coleoptera,Coccinellidae,Rhyzobius
285223,GCA_949768715.1,Invertebrates,Arthropoda,Insecta,Coleoptera,Dascillidae,Dascillus
2857379,GCA_030067965.1,Invertebrates,Arthropoda,Arachnida,Araneae,Theridiidae,Latrodectus
28584,GCF_013340165.1,Invertebrates,Arthropoda,Insecta,Diptera,Drosophilidae,Drosophila
28584,GCF_043229965.1,Invertebrates,Arthropoda,Insecta,Diptera,Drosophilidae,Drosophila
28586,GCF_028408465.1,Invertebrates,Arthropoda,Insecta,Diptera,Tephritidae,Anastrepha
28586,GCA_028408465.1,Invertebrates,Arthropoda,Insecta,Diptera,Tephritidae,Anastrepha
28588,GCA_028554725.2,Invertebrates,Arthropoda,Insecta,Diptera,Tephritidae,Zeugodacus
28588,GCF_028554725.1,Invertebrates,Arthropoda,Insecta,Diptera,Tephritidae,Zeugodacus
2862683,GCA_977009705.1,Invertebrates,Annelida,Polychaeta,Terebellida,Terebellidae,Eupolymnia
286306,GCF_019399895.1,Invertebrates,Arthropoda,Insecta,Hymenoptera,Formicidae,Cardiocondyla
2863128,GCA_031772345.1,Invertebrates,Arthropoda,Insecta,Trichoptera,Rhyacophilidae,Himalopsyche
28643,GCA_051853225.1,Invertebrates,Arthropoda,Insecta,Hymenoptera,Apidae,Bombus
286459,GCF_945859705.1,Invertebrates,Arthropoda,Insecta,Diptera,Syrphidae,Episyrphus
286459,GCA_945859705.1,Invertebrates,Arthropoda,Insecta,Diptera,Syrphidae,Episyrphus
286487,GCA_965637325.1,Invertebrates,Arthropoda,Insecta,Diptera,Conopidae,Myopa
2866284,GCA_964330305.1,Invertebrates,Annelida,Clitellata,Crassiclitellata,Lumbricidae,Bimastos
2866285,GCA_950004255.1,Invertebrates,Arthropoda,Insecta,Psocodea,Mesopsocidae,Mesopsocus
2866287,GCA_947397865.1,Invertebrates,Arthropoda,Insecta,Diptera,Muscidae,Polietes
2867102,GCA_949629155.1,Invertebrates,Arthropoda,Insecta,Diptera,Conopidae,Myopa
2867103,GCA_947623515.1,Invertebrates,Arthropoda,Insecta,Diptera,Syrphidae,Neoascia
2867105,GCA_963555765.1,Invertebrates,Arthropoda,Insecta,Diptera,Syrphidae,Orthonevra
2867109,GCA_963920725.1,Invertebrates,Arthropoda,Insecta,Diptera,Empididae,Rhamphomyia
2867115,GCA_963082735.1,Invertebrates,Arthropoda,Insecta,Diptera,Syrphidae,Pocota
2867249,GCA_963575735.1,Invertebrates,Arthropoda,Insecta,Hymenoptera,Ichneumonidae,Amblyjoppa
2867251,GCA_951905685.1,Invertebrates,Arthropoda,Insecta,Diptera,Syrphidae,Eumerus
2867252,GCA_951394025.1,Invertebrates,Arthropoda,Insecta,Diptera,Heleomyzidae,Heteromyza
2867254,GCA_963978885.1,Invertebrates,Arthropoda,Insecta,Diptera,Stratiomyidae,Nemotelus
2867256,GCA_965211965.1,Invertebrates,Arthropoda,Insecta,Diptera,Stratiomyidae,Oxycera
2867258,GCA_949987705.1,Invertebrates,Arthropoda,Insecta,Diptera,Therevidae,Thereva
2867260,GCA_966184235.1,Invertebrates,Arthropoda,Insecta,Diptera,Bombyliidae,Villa
2867262,GCA_963556165.1,Invertebrates,Arthropoda,Insecta,Diptera,Tipulidae,Tipula
2867263,GCA_951394425.1,Invertebrates,Arthropoda,Insecta,Diptera,Tipulidae,Tipula
2870495,GCA_946863875.1,Invertebrates,Arthropoda,Insecta,Hymenoptera,Ichneumonidae,Alloplasta
2870497,GCA_947086405.1,Invertebrates,Arthropoda,Insecta,Lepidoptera,Oecophoridae,Esperia
2870509,GCA_040113125.1,Invertebrates,Annelida,Clitellata,Hirudinida,Hirudinidae,Hirudo
2871086,GCA_041274885.1,Invertebrates,Arthropoda,Insecta,Lepidoptera,Zygaenidae,Achelura
287197,GCA_943735995.1,Invertebrates,Arthropoda,Insecta,Lepidoptera,Sesiidae,Sesia
287198,GCA_964271255.1,Invertebrates,Arthropoda,Insecta,Lepidoptera,Tortricidae,Cacoecimorpha
287200,GCA_946406115.1,Invertebrates,Arthropoda,Insecta,Lepidoptera,Limacodidae,Apoda
287208,GCA_964275185.1,Invertebrates,Arthropoda,Insecta,Lepidoptera,Zygaenidae,Adscita
287213,GCA_964270825.1,Invertebrates,Arthropoda,Insecta,Lepidoptera,Zygaenidae,Rhagades
2872261,GCF_021155785.1,Invertebrates,Arthropoda,Insecta,Hymenoptera,Diprionidae,Neodiprion
2872261,GCA_021155785.1,Invertebrates,Arthropoda,Insecta,Hymenoptera,Diprionidae,Neodiprion
287238,GCA_964261665.1,Invertebrates,Arthropoda,Insecta,Lepidoptera,Zygaenidae,Zygaena
287248,GCA_964505435.1,Invertebrates,Arthropoda,Insecta,Lepidoptera,Zygaenidae,Zygaena
2872697,GCA_965642555.1,Invertebrates,Arthropoda,Hexanauplia,Siphonostomatoida,Pandaridae,Pandarus
287327,GCA_976954175.1,Invertebrates,Arthropoda,Insecta,Lepidoptera,Zygaenidae,Zygaena
287345,GCA_964270835.1,Invertebrates,Arthropoda,Insecta,Lepidoptera,Zygaenidae,Zygaena
287354,GCA_964338965.1,Invertebrates,Arthropoda,Insecta,Lepidoptera,Zygaenidae,Zygaena
287365,GCA_964264925.1,Invertebrates,Arthropoda,Insecta,Lepidoptera,Zygaenidae,Zygaena
287367,GCA_964275295.1,Invertebrates,Arthropoda,Insecta,Lepidoptera,Zygaenidae,Zygaena
287373,GCA_964261585.1,Invertebrates,Arthropoda,Insecta,Lepidoptera,Zygaenidae,Zygaena
287375,GCA_907165275.2,Invertebrates,Arthropoda,Insecta,Lepidoptera,Zygaenidae,Zygaena
2876200,GCA_046718785.1,Invertebrates,Arthropoda,Collembola,Symphypleona,Arrhopalitidae,Arrhopalites
2876618,GCA_964007245.1,Invertebrates,Arthropoda,Insecta,Lepidoptera,Geometridae,Hypomecis
2878228,GCA_032441835.1,Invertebrates,Arthropoda,Insecta,Hemiptera,Aphididae,Slavum
2878352,GCA_965285915.1,Invertebrates,Arthropoda,Insecta,Lepidoptera,Tineidae,Triaxomasia
2878356,GCA_964263715.1,Invertebrates,Nematoda,Chromadorea,Rhabditida,Rhabditidae,Auanema
2878362,GCA_964264295.1,Invertebrates,Nematoda,Chromadorea,Rhabditida,Rhabditidae,Auanema
2878366,GCA_964263695.1,Invertebrates,Nematoda,Chromadorea,Rhabditida,Rhabditidae,Auanema
2878367,GCA_964416725.1,Invertebrates,Nematoda,Chromadorea,Rhabditida,Rhabditidae,Auanema
2878414,GCA_952773225.1,Invertebrates,Arthropoda,Insecta,Hymenoptera,Andrenidae,Andrena
2879402,GCA_964261325.1,Invertebrates,Nematoda,Chromadorea,Rhabditida,Rhabditidae,Oscheius
2879403,GCA_964264185.1,Invertebrates,Nematoda,Chromadorea,Rhabditida,Rhabditidae,Oscheius
2879406,GCA_964264175.1,Invertebrates,Nematoda,Chromadorea,Rhabditida,Rhabditidae,Oscheius
2879409,GCA_964264275.1,Invertebrates,Nematoda,Chromadorea,Rhabditida,Rhabditidae,Oscheius
2879410,GCA_964264085.1,Invertebrates,Nematoda,Chromadorea,Rhabditida,Rhabditidae,Oscheius
2879411,GCA_964264255.1,Invertebrates,Nematoda,Chromadorea,Rhabditida,Rhabditidae,Oscheius
2879414,GCA_964264245.1,Invertebrates,Nematoda,Chromadorea,Rhabditida,Rhabditidae,Oscheius
2879415,GCA_964261225.1,Invertebrates,Nematoda,Chromadorea,Rhabditida,Rhabditidae,Oscheius
2879418,GCA_964036215.1,Invertebrates,Nematoda,Chromadorea,Rhabditida,Rhabditidae,Oscheius
2879419,GCA_932521405.1,Invertebrates,Nematoda,Chromadorea,Rhabditida,Rhabditidae,Oscheius
2879420,GCA_932521415.1,Invertebrates,Nematoda,Chromadorea,Rhabditida,Rhabditidae,Oscheius
2879422,GCA_964261265.1,Invertebrates,Nematoda,Chromadorea,Rhabditida,Rhabditidae,Oscheius
2881093,GCA_963691935.1,Invertebrates,Arthropoda,Insecta,Diptera,Tipulidae,Nephrotoma
2881124,GCA_963556175.1,Invertebrates,Arthropoda,Insecta,Diptera,Tipulidae,Tipula
2881344,GCA_047729815.1,Invertebrates,Arthropoda,Insecta,Hymenoptera,Andrenidae,Protandrena
2881519,GCA_974893845.1,Invertebrates,Arthropoda,Insecta,Diptera,Anthomyiidae,Alliopsis
2881568,GCA_965153375.1,Invertebrates,Arthropoda,Insecta,Hemiptera,Aradidae,Aradus
2881606,GCA_950370525.1,Invertebrates,Arthropoda,Insecta,Diptera,Calliphoridae,Bellardia
2881741,GCA_965643745.1,Invertebrates,Arthropoda,Insecta,Hymenoptera,Ichneumonidae,Coelichneumon
2881813,GCA_963942595.1,Invertebrates,Arthropoda,Insecta,Hymenoptera,Ichneumonidae,Cylloceria
2881815,GCA_971800845.1,Invertebrates,Arthropoda,Insecta,Diptera,Asilidae,Cyrtopogon
2881873,GCA_964273575.1,Invertebrates,Arthropoda,Insecta,Hymenoptera,Ichneumonidae,Dolichomitus
2881975,GCA_949748255.1,Invertebrates,Arthropoda,Insecta,Diptera,Anthomyiidae,Eustalomyia
2882235,GCA_965644445.1,Invertebrates,Arthropoda,Insecta,Diptera,Muscidae,Lispocephala
2882282,GCA_965636975.1,Invertebrates,Arthropoda,Insecta,Hemiptera,Rhyparochromidae,Macrodema
2882481,GCA_965615855.1,Invertebrates,Arthropoda,Insecta,Diptera,Stratiomyidae,Odontomyia
2882575,GCA_963082725.1,Invertebrates,Arthropoda,Insecta,Diptera,Pediciidae,Pedicia
2882598,GCA_971820795.1,Invertebrates,Arthropoda,Insecta,Diptera,Muscidae,Phaonia
2882611,GCA_963931995.1,Invertebrates,Arthropoda,Insecta,Diptera,Muscidae,Phaonia
2882760,GCA_963971405.1,Invertebrates,Arthropoda,Insecta,Psocodea,Psocidae,Psococerastis
2882880,GCA_977066485.1,Invertebrates,Arthropoda,Insecta,Hemiptera,Miridae,Stenodema
2882903,GCA_964659615.1,Invertebrates,Arthropoda,Insecta,Diptera,Heleomyzidae,Suillia
2883081,GCA_965643545.1,Invertebrates,Nematoda,Chromadorea,Rhabditida,Rhabditidae,Caenorhabditis
2883082,GCA_965234095.1,Invertebrates,Nematoda,Chromadorea,Rhabditida,Rhabditidae,Caenorhabditis
2883084,GCA_965234135.1,Invertebrates,Nematoda,Chromadorea,Rhabditida,Rhabditidae,Caenorhabditis
28835,GCA_964166675.2,Invertebrates,Mollusca,Gastropoda,Stylommatophora,Helicidae,Cepaea
28835,GCA_964147875.1,Invertebrates,Mollusca,Gastropoda,Stylommatophora,Helicidae,Cepaea
2883604,GCA_974489025.1,Invertebrates,Arthropoda,Arachnida,Scorpiones,Euscorpiidae,Euscorpius
28839,GCA_966197035.1,Invertebrates,Nematoda,Chromadorea,Rhabditida,Molineidae,Nematodirus
2884183,GCA_046563655.1,Invertebrates,Arthropoda,Collembola,Poduromorpha,Neanuridae,Yuukianura
2884228,GCA_963921915.1,Invertebrates,Arthropoda,Insecta,Hymenoptera,Ichneumonidae,Hyposoter
2884231,GCA_959613345.1,Invertebrates,Arthropoda,Insecta,Diptera,Asilidae,Tolmerus
2884232,GCA_949320155.1,Invertebrates,Arthropoda,Insecta,Diptera,Syrphidae,Melangyna
2884234,GCA_963210295.1,Invertebrates,Arthropoda,Insecta,Hymenoptera,Ichneumonidae,Ophion
2884235,GCA_947568835.1,Invertebrates,Arthropoda,Insecta,Plecoptera,Nemouridae,Protonemura
2884240,GCA_958510785.1,Invertebrates,Arthropoda,Insecta,Hymenoptera,Ichneumonidae,Exephanes
288516,GCA_964036155.1,Invertebrates,Nematoda,Chromadorea,Rhabditida,Rhabditidae,Diploscapter
2886754,GCA_964017235.1,Invertebrates,Annelida,Polychaeta,Sabellida,Sabellidae,Sabellastarte
2886755,GCA_949752745.1,Invertebrates,Annelida,Polychaeta,Sabellida,Serpulidae,Protula
2890793,GCA_020882685.1,Invertebrates,Arthropoda,Insecta,Hymenoptera,Aphelinidae,Aphelinus
2890795,GCA_965279385.1,Invertebrates,Arthropoda,Insecta,Lepidoptera,Geometridae,Narraga
2892552,GCA_974392585.1,Invertebrates,Mollusca,Bivalvia,Lucinida,Lucinidae,Ctena
289281,GCA_964264495.1,Invertebrates,Arthropoda,Insecta,Lepidoptera,Erebidae,Arctia
289389,GCA_949841015.1,Invertebrates,Porifera,Demospongiae,Verongiida,Aplysinidae,Aplysina
289398,GCA_965643675.1,Invertebrates,Porifera,Demospongiae,Verongiida,Aplysinidae,Aplysina
289402,GCA_964270515.1,Invertebrates,Porifera,Demospongiae,Verongiida,Aplysinidae,Aplysina
289476,GCA_030435675.2,Invertebrates,Nematoda,Chromadorea,Rhabditida,Steinernematidae,Steinernema
2895740,GCA_030386875.1,Invertebrates,Arthropoda,Malacostraca,Amphipoda,Talitridae,Morinoia
2898095,GCA_965285815.1,Invertebrates,Arthropoda,Insecta,Hemiptera,Aphrophoridae,Aphrophora
2898095,GCA_965285795.1,Invertebrates,Arthropoda,Insecta,Hemiptera,Aphrophoridae,Aphrophora
290155,GCA_024516035.1,Invertebrates,Arthropoda,Insecta,Hemiptera,Triozidae,Bactericera
29030,GCF_030179915.1,Invertebrates,Arthropoda,Insecta,Diptera,Drosophilidae,Drosophila
29031,GCF_024763615.1,Invertebrates,Arthropoda,Insecta,Diptera,Psychodidae,Phlebotomus
290404,GCF_945859685.1,Invertebrates,Arthropoda,Insecta,Diptera,Syrphidae,Eupeodes
290404,GCA_945859685.1,Invertebrates,Arthropoda,Insecta,Diptera,Syrphidae,Eupeodes
2904454,GCA_964305695.1,Invertebrates,Arthropoda,Insecta,Lepidoptera,Nymphalidae,Melitaea
290518,GCA_965124015.1,Invertebrates,Echinodermata,Asteroidea,Valvatida,Asterinidae,Anseropoda
29057,GCF_963855985.1,Invertebrates,Arthropoda,Insecta,Lepidoptera,Crambidae,Ostrinia
29057,GCA_043791035.1,Invertebrates,Arthropoda,Insecta,Lepidoptera,Crambidae,Ostrinia
29058,GCA_023701775.1,Invertebrates,Arthropoda,Insecta,Lepidoptera,Noctuidae,Helicoverpa
29058,GCF_030705265.1,Invertebrates,Arthropoda,Insecta,Lepidoptera,Noctuidae,Helicoverpa
2906288,GCA_976954465.1,Invertebrates,Arthropoda,Insecta,Hemiptera,Cicadellidae,Kybos
290649,GCA_977013595.1,Invertebrates,Arthropoda,Insecta,Coleoptera,Hydrophilidae,Sphaeridium
290657,GCA_963695495.2,Invertebrates,Arthropoda,Insecta,Coleoptera,Histeridae,Hololepta
290674,GCA_975739945.1,Invertebrates,Arthropoda,Insecta,Coleoptera,Staphylinidae,Lesteva
290679,GCA_949128085.1,Invertebrates,Arthropoda,Insecta,Coleoptera,Scarabaeidae,Cetonia
290746,GCA_964656895.1,Invertebrates,Nematoda,Chromadorea,Rhabditida,Cephalobidae,Acrobeloides
2911658,GCA_032873175.1,Invertebrates,Arthropoda,Insecta,Hymenoptera,Figitidae,Leptopilina
2912585,GCA_018831715.1,Invertebrates,Arthropoda,Insecta,Hemiptera,Cicadellidae,Matsumurasca
291269,GCA_048127545.1,Invertebrates,Arthropoda,Insecta,Hemiptera,Pentatomidae,Arma
29158,GCF_965363235.1,Invertebrates,Mollusca,Bivalvia,Mytilida,Mytilidae,Mytilus
29158,GCA_965363235.1,Invertebrates,Mollusca,Bivalvia,Mytilida,Mytilidae,Mytilus
29159,GCF_963853765.1,Invertebrates,Mollusca,Bivalvia,Ostreida,Ostreidae,Magallana
29159,GCA_963853765.1,Invertebrates,Mollusca,Bivalvia,Ostreida,Ostreidae,Magallana
291688,GCA_905404135.1,Invertebrates,Arthropoda,Insecta,Lepidoptera,Hesperiidae,Hesperia
29172,GCA_964187775.1,Invertebrates,Nematoda,Chromadorea,Rhabditida,Metastrongylidae,Dictyocaulus
2921314,GCA_039776855.1,Invertebrates,Arthropoda,Insecta,Coleoptera,Meloidae,Mylabris
2922058,GCA_963576725.1,Invertebrates,Mollusca,Bivalvia,Cardiida,Solecurtidae,Azorinus
2922060,GCA_948107755.1,Invertebrates,Arthropoda,Insecta,Hymenoptera,Ichneumonidae,Campoletis
2922061,GCA_963969495.1,Invertebrates,Arthropoda,Malacostraca,Isopoda,Cymothoidae,Ceratothoa
2922063,GCA_947623535.1,Invertebrates,Arthropoda,Insecta,Hymenoptera,Megachilidae,Coelioxys
2922068,GCA_949152435.1,Invertebrates,Arthropoda,Insecta,Hymenoptera,Pteromalidae,Gastracanthus
2922074,GCA_963989365.1,Invertebrates,Arthropoda,Insecta,Hymenoptera,Ichneumonidae,Rhimphoctona
2922075,GCA_963564615.1,Invertebrates,Arthropoda,Insecta,Hymenoptera,Ichneumonidae,Rhorus
2922079,GCA_964007305.1,Invertebrates,Arthropoda,Insecta,Hymenoptera,Ichneumonidae,Netelia
2922911,GCA_949317995.1,Invertebrates,Annelida,Polychaeta,Phyllodocida,Polynoidae,Acholoe
292387,GCA_964194425.1,Invertebrates,Arthropoda,Insecta,Diptera,Sepsidae,Nemopoda
292458,GCA_965788545.1,Invertebrates,Arthropoda,Insecta,Coleoptera,Elateridae,Agriotes
2925007,GCA_964640705.1,Invertebrates,Arthropoda,Malacostraca,Isopoda,Cymothoidae,Anilocra
2925353,GCA_033064975.1,Invertebrates,Arthropoda,Insecta,Diptera,Chironomidae,Smittia
2926341,GCA_964035795.1,Invertebrates,Annelida,Clitellata,Hirudinida,Piscicolidae,Pterobdella
2930579,GCA_965649765.1,Invertebrates,Annelida,Polychaeta,Sabellida,Sabellidae,Bispira
2934182,GCA_964266695.1,Invertebrates,Mollusca,Gastropoda,Nudibranchia,Phyllidiidae,Phyllidia
2939601,GCA_032441825.1,Invertebrates,Arthropoda,Insecta,Hemiptera,Aphididae,Chaetogeoica
2951299,GCA_977061885.1,Invertebrates,Annelida,Polychaeta,Phyllodocida,Sigalionidae,Sigalion
295201,GCA_963513935.1,Invertebrates,Arthropoda,Insecta,Hemiptera,Aphrophoridae,Aphrophora
295242,GCA_965122385.1,Invertebrates,Porifera,Demospongiae,Agelasida,Agelasidae,Agelas
295522,GCA_973896695.1,Invertebrates,Arthropoda,Insecta,Coleoptera,Elateridae,Drilus
295522,GCA_973896625.1,Invertebrates,Arthropoda,Insecta,Coleoptera,Elateridae,Drilus
295525,GCA_959613385.1,Invertebrates,Arthropoda,Insecta,Coleoptera,Geotrupidae,Geotrupes
295644,GCA_965282785.1,Invertebrates,Arthropoda,Insecta,Coleoptera,Staphylinidae,Scaphidium
295679,GCA_963680705.1,Invertebrates,Arthropoda,Insecta,Coleoptera,Cerambycidae,Rhagium
295696,GCA_964006375.1,Invertebrates,Arthropoda,Insecta,Coleoptera,Cleridae,Tillus
295700,GCA_910589415.1,Invertebrates,Arthropoda,Insecta,Coleoptera,Melyridae,Malachius
295815,GCA_965783985.1,Invertebrates,Arthropoda,Insecta,Coleoptera,Coccinellidae,Subcoccinella
295817,GCA_964656385.1,Invertebrates,Arthropoda,Insecta,Coleoptera,Zopheridae,Colydium
295833,GCA_958510875.1,Invertebrates,Arthropoda,Insecta,Coleoptera,Endomychidae,Endomychus
295940,GCA_963930825.1,Invertebrates,Arthropoda,Insecta,Coleoptera,Silvanidae,Silvanus
295970,GCA_965648495.1,Invertebrates,Arthropoda,Insecta,Coleoptera,Tetratomidae,Hallomenus
295995,GCA_949128115.1,Invertebrates,Arthropoda,Insecta,Coleoptera,Scraptiidae,Anaspis
295998,GCA_965601595.1,Invertebrates,Arthropoda,Insecta,Coleoptera,Tenebrionidae,Pseudocistela
296003,GCA_947359425.1,Invertebrates,Arthropoda,Insecta,Coleoptera,Tenebrionidae,Lagria
296134,GCA_963932145.1,Invertebrates,Mollusca,Cephalopoda,Sepiida,Sepiidae,Acanthosepion
2961670,GCF_021901495.1,Invertebrates,Arthropoda,Insecta,Hymenoptera,Diprionidae,Neodiprion
2962468,GCA_030674185.1,Invertebrates,Mollusca,Gastropoda,Littorinimorpha,Ranellidae,Monoplex
2963941,GCA_964059925.1,Invertebrates,Nematoda,Chromadorea,Rhabditida,Panagrolaimidae,Propanagrolaimus
2964682,GCA_964016945.1,Invertebrates,Arthropoda,Insecta,Hymenoptera,Braconidae,Microplitis
2964684,GCA_947523025.1,Invertebrates,Arthropoda,Insecta,Lepidoptera,Noctuidae,Dryobota
2964900,GCA_032872475.1,Invertebrates,Arthropoda,Insecta,Hymenoptera,Figitidae,Leptopilina
296644,GCA_047116355.1,Invertebrates,Arthropoda,Insecta,Diptera,Drosophilidae,Drosophila
2968893,GCA_052040765.1,Invertebrates,Arthropoda,Diplopoda,Spirostreptida,Harpagophoridae,Agaricogonopus
2969622,GCA_965641765.1,Invertebrates,Arthropoda,Insecta,Diptera,Scenopinidae,Scenopinus
297322,GCA_046605635.1,Invertebrates,Arthropoda,Insecta,Hymenoptera,Formicidae,Myrmica
2974020,GCA_976714775.1,Invertebrates,Arthropoda,Insecta,Coleoptera,Cerambycidae,Morimus
2976324,GCA_965183845.1,Invertebrates,Cnidaria,Scyphozoa,Coronatae,Nausithoidae,Nausithoe
2976917,GCA_041753815.1,Invertebrates,Arthropoda,Insecta,Diptera,Pleciidae,Plecia
2979155,GCA_944452715.1,Invertebrates,Arthropoda,Insecta,Hymenoptera,Ichneumonidae,Ophion
2979161,GCA_965637035.1,Invertebrates,Arthropoda,Insecta,Hymenoptera,Ichneumonidae,Ophion
2979185,GCA_964341315.1,Invertebrates,Arthropoda,Insecta,Lepidoptera,Argyresthiidae,Argyresthia
2979187,GCA_976974325.1,Invertebrates,Arthropoda,Insecta,Hymenoptera,Ichneumonidae,Hoplismenus
2979191,GCA_964261855.1,Invertebrates,Arthropoda,Insecta,Hymenoptera,Ichneumonidae,Polytribax
2979192,GCA_965151575.1,Invertebrates,Arthropoda,Insecta,Hymenoptera,Ichneumonidae,Stilbops
2979194,GCA_965197045.1,Invertebrates,Arthropoda,Insecta,Hymenoptera,Ichneumonidae,Apaeleticus
298138,GCA_949748235.1,Invertebrates,Arthropoda,Insecta,Coleoptera,Curculionidae,Platypus
2989510,GCA_029582265.1,Invertebrates,Echinodermata,Asteroidea,Forcipulatida,Zoroasteridae,Zoroaster
29930,GCA_964199305.2,Invertebrates,Arthropoda,Arachnida,Ixodida,Ixodidae,Ixodes
2995250,GCA_976986895.1,Invertebrates,Arthropoda,Insecta,Mantodea,Mantidae,Bolivaria
2996356,GCA_947310635.1,Invertebrates,Arthropoda,Insecta,Coleoptera,Leiodidae,Leptodirus
2996714,GCA_031216915.1,Invertebrates,Mollusca,Scaphopoda,Dentaliida,Dentaliidae,Pictodentalium
2998517,GCA_965197075.1,Invertebrates,Arthropoda,Insecta,Hemiptera,Cicadellidae,Allygidius
2998528,GCA_965140195.1,Invertebrates,Arthropoda,Insecta,Diptera,Dolichopodidae,Dolichopus
2998532,GCA_965218635.1,Invertebrates,Arthropoda,Insecta,Hymenoptera,Ichneumonidae,Eremotylus
2998541,GCA_963942545.1,Invertebrates,Arthropoda,Insecta,Diptera,Stratiomyidae,Oxycera
2998544,GCA_964016905.1,Invertebrates,Arthropoda,Insecta,Hymenoptera,Ichneumonidae,Perithous
2998547,GCA_964204855.1,Invertebrates,Arthropoda,Insecta,Diptera,Dolichopodidae,Scellus
2998551,GCA_965234825.1,Invertebrates,Arthropoda,Insecta,Hymenoptera,Ichneumonidae,Vulgichneumon
300112,GCF_030848805.1,Invertebrates,Arthropoda,Insecta,Hymenoptera,Formicidae,Temnothorax
30013,GCA_040893045.1,Invertebrates,Arthropoda,Insecta,Diptera,Drosophilidae,Drosophila
30019,GCF_011750605.1,Invertebrates,Arthropoda,Insecta,Diptera,Drosophilidae,Drosophila
3002669,GCA_975705955.1,Invertebrates,Annelida,Polychaeta,Phyllodocida,Polynoidae,Branchipolynoe
30033,GCF_030179895.1,Invertebrates,Arthropoda,Insecta,Diptera,Drosophilidae,Drosophila
3003482,GCA_963924495.1,Invertebrates,Arthropoda,Insecta,Lepidoptera,Tineidae,Nemapogon
30064,GCA_021234595.1,Invertebrates,Arthropoda,Insecta,Diptera,Anthomyiidae,Delia
30066,GCA_017562075.2,Invertebrates,Arthropoda,Insecta,Diptera,Culicidae,Anopheles
30066,GCF_017562075.2,Invertebrates,Arthropoda,Insecta,Diptera,Culicidae,Anopheles
30069,GCF_013141755.1,Invertebrates,Arthropoda,Insecta,Diptera,Culicidae,Anopheles
30069,GCA_013141755.1,Invertebrates,Arthropoda,Insecta,Diptera,Culicidae,Anopheles
30076,GCA_965641795.1,Invertebrates,Arthropoda,Insecta,Hemiptera,Reduviidae,Triatoma
301036,GCA_945859745.1,Invertebrates,Arthropoda,Insecta,Lepidoptera,Sesiidae,Synanthedon
301037,GCA_910589475.2,Invertebrates,Arthropoda,Insecta,Lepidoptera,Sesiidae,Bembecia
301177,GCA_964345685.1,Invertebrates,Arthropoda,Insecta,Lepidoptera,Lycaenidae,Scolitantides
3014155,GCA_965278765.1,Invertebrates,Porifera,Hexactinellida,Lyssacinosida,Euplectellidae,Corbitella
3014158,GCA_964258925.1,Invertebrates,Porifera,Hexactinellida,Lyssacinosida,Euplectellidae,Bolosoma
301680,GCA_947623395.1,Invertebrates,Arthropoda,Insecta,Lepidoptera,Sesiidae,Synanthedon
30177,GCA_017140985.1,Invertebrates,Arthropoda,Insecta,Hemiptera,Hormaphididae,Hormaphis
30191,GCA_911387925.2,Invertebrates,Arthropoda,Insecta,Hymenoptera,Apidae,Bombus
30192,GCA_964186655.1,Invertebrates,Arthropoda,Insecta,Hymenoptera,Apidae,Bombus
30193,GCA_965261305.1,Invertebrates,Arthropoda,Insecta,Hymenoptera,Apidae,Bombus
30194,GCA_930367275.1,Invertebrates,Arthropoda,Insecta,Hymenoptera,Apidae,Bombus
30195,GCF_910591885.1,Invertebrates,Arthropoda,Insecta,Hymenoptera,Apidae,Bombus
30195,GCA_910591885.2,Invertebrates,Arthropoda,Insecta,Hymenoptera,Apidae,Bombus
30201,GCA_911622165.2,Invertebrates,Arthropoda,Insecta,Hymenoptera,Apidae,Bombus
30202,GCA_963556215.1,Invertebrates,Arthropoda,Insecta,Hymenoptera,Apidae,Bombus
30212,GCA_014466195.1,Invertebrates,Arthropoda,Insecta,Hymenoptera,Vespidae,Vespula
30212,GCA_905340365.1,Invertebrates,Arthropoda,Insecta,Hymenoptera,Vespidae,Vespula
30213,GCF_014466175.1,Invertebrates,Arthropoda,Insecta,Hymenoptera,Vespidae,Vespula
3021590,GCA_039654895.1,Invertebrates,Arthropoda,Insecta,Raphidioptera,Raphidiidae,Mongoloraphidia
3023605,GCA_964291765.2,Invertebrates,Arthropoda,Insecta,Coleoptera,Carabidae,Carabus
3024564,GCA_054491775.1,Invertebrates,Cnidaria,Anthozoa,Actiniaria,Actiniidae,Paracondylactis
3031171,GCA_051168835.1,Invertebrates,Platyhelminthes,Cestoda,Diphyllobothriidea,Diphyllobothriidae,Spirometra
3034272,GCA_964291345.1,Invertebrates,Arthropoda,Arachnida,Araneae,Theraphosidae,Chaetopelma
3034287,GCA_964271515.3,Invertebrates,Mollusca,Gastropoda,Stylommatophora,Agriolimacidae,Deroceras
3035820,GCA_054135875.1,Invertebrates,Arthropoda,Arachnida,Araneae,Heptathelidae,Luthela
3037401,GCA_977012865.1,Invertebrates,Arthropoda,Insecta,Diptera,Tabanidae,Atylotus
3037404,GCA_963854835.1,Invertebrates,Arthropoda,Insecta,Diptera,Megamerinidae,Megamerina
3037405,GCA_964056695.1,Invertebrates,Arthropoda,Insecta,Diptera,Ulidiidae,Melieria
3037408,GCA_963969285.1,Invertebrates,Arthropoda,Insecta,Diptera,Stratiomyidae,Odontomyia
3038095,GCA_049901935.1,Invertebrates,Mollusca,Gastropoda,Trochida,Colloniidae,Thermocollonia
3038947,GCA_964270755.1,Invertebrates,Arthropoda,Insecta,Lepidoptera,Nymphalidae,Cercyonis
3041021,GCA_032883995.1,Invertebrates,Arthropoda,Insecta,Hemiptera,Monophlebidae,Coronaproctus
3042140,GCA_037305995.1,Invertebrates,Arthropoda,Insecta,Hymenoptera,Bethylidae,Sclerodermus
304249,GCA_965663495.1,Invertebrates,Arthropoda,Insecta,Diptera,Hybotidae,Hybos
304461,GCA_965124195.1,Invertebrates,Nematoda,Chromadorea,Rhabditida,Thelaziidae,Spirocerca
304554,GCA_965113245.1,Invertebrates,Arthropoda,Insecta,Lepidoptera,Nymphalidae,Melinaea
304554,GCA_965113255.1,Invertebrates,Arthropoda,Insecta,Lepidoptera,Nymphalidae,Melinaea
3045898,GCA_047651835.1,Invertebrates,Arthropoda,Insecta,Coleoptera,Buprestidae,Sambus
304850,GCA_041734735.1,Invertebrates,Mollusca,Gastropoda,Neogastropoda,Buccinidae,Babylonia
304850,GCF_041734735.1,Invertebrates,Mollusca,Gastropoda,Neogastropoda,Buccinidae,Babylonia
3051952,GCA_965235005.1,Invertebrates,Mollusca,Bivalvia,Mytilida,Mytilidae,Gigantidas
3054492,GCA_965112255.2,Invertebrates,Arthropoda,Insecta,Blattodea,Blattellidae,Loboptera
3054875,GCA_048544545.1,Invertebrates,Mollusca,Polyplacophora,Chitonida,Acanthochitonidae,Acanthochitona
3056719,GCA_949699795.1,Invertebrates,Arthropoda,Insecta,Lepidoptera,Hesperiidae,Spicauda
3059073,GCA_054131525.1,Invertebrates,Arthropoda,Insecta,Hemiptera,Miridae,Nesidiocoris
305969,GCA_964632735.1,Invertebrates,Arthropoda,Insecta,Lepidoptera,Geometridae,Rhodometra
3062688,GCA_963930835.2,Invertebrates,Porifera,Demospongiae,Dictyoceratida,Spongiidae,Spongia
3064711,GCA_045522265.1,Invertebrates,Arthropoda,Arachnida,Trombidiformes,Eriophyidae,
307131,GCA_965178145.1,Invertebrates,Arthropoda,Insecta,Coleoptera,Curculionidae,Ceutorhynchus
3071549,GCA_964264155.1,Invertebrates,Mollusca,Gastropoda,,Planorbidae,Anisus
307205,GCA_977012895.1,Invertebrates,Arthropoda,Insecta,Diptera,Fanniidae,Fannia
3073150,GCA_977014165.1,Invertebrates,Arthropoda,Insecta,Coleoptera,Leiodidae,Adelopsella
3074273,GCA_965239255.1,Invertebrates,Mollusca,Bivalvia,Cardiida,Donacidae,Donax
307491,GCA_046127445.1,Invertebrates,Arthropoda,Insecta,Hemiptera,Aphididae,Aphis
3076520,GCA_036365515.1,Invertebrates,Arthropoda,Insecta,Hymenoptera,Torymidae,Torymus
307658,GCF_013373865.1,Invertebrates,Arthropoda,Insecta,Hymenoptera,Formicidae,Monomorium
307658,GCA_013373865.2,Invertebrates,Arthropoda,Insecta,Hymenoptera,Formicidae,Monomorium
3077178,GCA_034401795.1,Invertebrates,Mollusca,Caudofoveata,Chaetodermatida,Chaetodermatidae,Chaetoderma
3078426,GCA_964278025.2,Invertebrates,Arthropoda,Insecta,Blattodea,Blattellidae,Loboptera
307844,GCA_041381185.1,Invertebrates,Annelida,Clitellata,Hirudinida,Haemopidae,Whitmania
307972,GCA_037975245.1,Invertebrates,Echinodermata,Holothuroidea,Aspidochirotida,Stichopodidae,Apostichopus
307972,GCF_037975245.1,Invertebrates,Echinodermata,Holothuroidea,Aspidochirotida,Stichopodidae,Apostichopus
3086104,GCA_965184155.1,Invertebrates,Arthropoda,Arachnida,Opiliones,Sclerosomatidae,Leiobunum
309002,GCA_963402855.1,Invertebrates,Arthropoda,Insecta,Diptera,Tachinidae,Ormia
3091327,GCA_973495645.1,Invertebrates,Mollusca,Gastropoda,Littorinimorpha,Vermetidae,Thylacodes
3093584,GCA_965283055.1,Invertebrates,Arthropoda,Insecta,Diptera,Syrphidae,Orthonevra
3094285,GCA_037074705.1,Invertebrates,Arthropoda,Insecta,Orthoptera,Tetrigidae,Zhengitettix
3095174,GCA_965276055.1,Invertebrates,Annelida,Polychaeta,Phyllodocida,Polynoidae,Harmothoe
3098083,GCA_038088585.1,Invertebrates,Arthropoda,Insecta,Coleoptera,Scarabaeidae,Chrysina
309971,GCA_040285845.1,Invertebrates,Arthropoda,Insecta,Hymenoptera,Apidae,Bombus
310001,GCA_037043255.1,Invertebrates,Arthropoda,Insecta,Hymenoptera,Ichneumonidae,Diadegma
310278,GCA_038277395.1,Invertebrates,Arthropoda,Insecta,Hymenoptera,Cynipidae,Dryocosmus
310442,GCA_951394245.1,Invertebrates,Arthropoda,Insecta,Lepidoptera,Geometridae,Cyclophora
3109268,GCA_964330385.1,Invertebrates,Cnidaria,Anthozoa,Scleractinia,Acroporidae,Montipora
310955,GCA_964035985.1,Invertebrates,Nematoda,Chromadorea,Rhabditida,Panagrolaimidae,Panagrolaimus
310956,GCA_964187885.1,Invertebrates,Nematoda,Chromadorea,Rhabditida,Panagrolaimidae,Panagrolaimus
310962,GCA_964195575.1,Invertebrates,Nematoda,Chromadorea,Rhabditida,Panagrolaimidae,Panagrolaimus
3109984,GCA_038024825.1,Invertebrates,Arthropoda,Insecta,Lepidoptera,Tortricidae,Polylopha
311198,GCA_046203225.1,Invertebrates,Mollusca,Bivalvia,Venerida,Veneridae,Meretrix
311201,GCA_022818135.2,Invertebrates,Mollusca,Bivalvia,Venerida,Veneridae,Saxidomus
311206,GCA_051619815.1,Invertebrates,Arthropoda,Insecta,Hymenoptera,Trichogrammatidae,Trichogramma
3112344,GCA_977012815.1,Invertebrates,Arthropoda,Insecta,Lepidoptera,Gelechiidae,Oxypteryx
3112358,GCA_965644365.1,Invertebrates,Arthropoda,Insecta,Lepidoptera,Sphingidae,Smerinthus
3112358,GCA_965644355.1,Invertebrates,Arthropoda,Insecta,Lepidoptera,Sphingidae,Smerinthus
311328,GCA_963241965.1,Invertebrates,Arthropoda,Insecta,Lepidoptera,Tortricidae,Tortrix
311461,GCA_965178065.1,Invertebrates,Annelida,Clitellata,Hirudinida,Hirudinidae,Hirudo
3115543,GCA_965785925.1,Invertebrates,Porifera,Demospongiae,Haplosclerida,Petrosiidae,Petrosia
3115544,GCA_974939545.1,Invertebrates,Porifera,Demospongiae,Tetractinellida,Tetillidae,Craniella
3115679,GCA_051861895.1,Invertebrates,Arthropoda,Arachnida,Araneae,Dysderidae,Dysdera
3116505,GCA_965287095.1,Invertebrates,Arthropoda,Insecta,Coleoptera,Carabidae,Cedrorum
31175,GCF_964275005.1,Invertebrates,Echinodermata,Echinoidea,Diadematoida,Diadematidae,Diadema
3117660,GCA_048301705.1,Invertebrates,Cnidaria,Hydrozoa,Siphonophorae,Agalmatidae,Nanomia
3119528,GCA_976917915.1,Invertebrates,Mollusca,Gastropoda,Littorinimorpha,Eulimidae,Enteroxenos
3119528,GCA_976914345.1,Invertebrates,Mollusca,Gastropoda,Littorinimorpha,Eulimidae,Enteroxenos
31199,GCF_041381155.1,Invertebrates,Mollusca,Bivalvia,Pectinida,Pectinidae,Argopecten
31199,GCA_041381155.1,Invertebrates,Mollusca,Bivalvia,Pectinida,Pectinidae,Argopecten
31201,GCA_947247005.1,Invertebrates,Mollusca,Bivalvia,Venerida,Mactridae,Spisula
31202,GCA_963678985.1,Invertebrates,Mollusca,Bivalvia,Venerida,Mactridae,Spisula
3120486,GCA_052914885.1,Invertebrates,Arthropoda,Hexanauplia,Calanoida,Temoridae,Eurytemora
31210,GCA_964036315.1,Invertebrates,Mollusca,Cephalopoda,Sepiida,Sepiidae,Acanthosepion
3121256,GCA_965152365.1,Invertebrates,Porifera,Demospongiae,Tetractinellida,Geodiidae,Penares
31216,GCA_964330335.1,Invertebrates,Mollusca,Gastropoda,Littorinimorpha,Littorinidae,Littorina
31218,GCA_965235085.1,Invertebrates,Mollusca,Gastropoda,Littorinimorpha,Littorinidae,Littorina
31220,GCA_037325665.1,Invertebrates,Mollusca,Gastropoda,Littorinimorpha,Littorinidae,Littorina
31220,GCF_037325665.1,Invertebrates,Mollusca,Gastropoda,Littorinimorpha,Littorinidae,Littorina
31234,GCF_010183535.1,Invertebrates,Nematoda,Chromadorea,Rhabditida,Rhabditidae,Caenorhabditis
31234,GCA_001643735.4,Invertebrates,Nematoda,Chromadorea,Rhabditida,Rhabditidae,Caenorhabditis
31246,GCA_944470405.2,Invertebrates,Platyhelminthes,Trematoda,Strigeidida,Schistosomatidae,Schistosoma
3126489,GCA_905404295.2,Invertebrates,Arthropoda,Insecta,Lepidoptera,Hesperiidae,Ochlodes
3127293,GCA_964341585.1,Invertebrates,Arthropoda,Insecta,Lepidoptera,Tortricidae,Commophila
3127293,GCA_964341535.1,Invertebrates,Arthropoda,Insecta,Lepidoptera,Tortricidae,Commophila
3127294,GCA_965643815.1,Invertebrates,Arthropoda,Insecta,Diptera,Anthomyiidae,Leucophora
3127325,GCA_965194705.1,Invertebrates,Arthropoda,Insecta,Lepidoptera,Noctuidae,Calymma
3127327,GCA_965212405.1,Invertebrates,Arthropoda,Insecta,Lepidoptera,Noctuidae,Episema
3127327,GCA_965212655.1,Invertebrates,Arthropoda,Insecta,Lepidoptera,Noctuidae,Episema
3127332,GCA_965194605.1,Invertebrates,Arthropoda,Insecta,Lepidoptera,Noctuidae,Saragossa
3127775,GCA_965654285.1,Invertebrates,Porifera,Demospongiae,Biemnida,Biemnidae,Biemna
3127794,GCA_965278135.1,Invertebrates,Arthropoda,Insecta,Lepidoptera,Geometridae,Artiora
3127794,GCA_965278245.1,Invertebrates,Arthropoda,Insecta,Lepidoptera,Geometridae,Artiora
313075,GCF_026283585.1,Invertebrates,Arthropoda,Insecta,Hymenoptera,Colletidae,Hylaeus
3132094,GCA_965113215.1,Invertebrates,Porifera,Hexactinellida,Lyssacinosida,Rossellidae,Asconema
3133104,GCA_965235065.2,Invertebrates,Porifera,Demospongiae,Clionaida,Spirastrellidae,Spheciospongia
3133104,GCA_965235015.2,Invertebrates,Porifera,Demospongiae,Clionaida,Spirastrellidae,Spheciospongia
313498,GCA_916610825.1,Invertebrates,Cnidaria,Staurozoa,Stauromedusae,Haliclystidae,Haliclystus
313630,GCA_965279245.1,Invertebrates,Porifera,Demospongiae,Agelasida,Agelasidae,Agelas
3139671,GCA_975145985.1,Invertebrates,Arthropoda,Arachnida,Araneae,Linyphiidae,Troglohyphantes
3139894,GCA_047302205.1,Invertebrates,Arthropoda,Insecta,Lepidoptera,Crambidae,Parotis
3140520,GCA_041937245.1,Invertebrates,Arthropoda,Insecta,Hemiptera,Coccidae,Toumeyella
3143112,GCA_049354905.1,Invertebrates,Arthropoda,Insecta,Hymenoptera,Ampulicidae,Ampulex
3143474,GCA_046119125.1,Invertebrates,Arthropoda,Insecta,Lepidoptera,Nymphalidae,Minois
3146530,GCA_964204825.1,Invertebrates,Cnidaria,Scyphozoa,Rhizostomeae,Cassiopeidae,Cassiopea
3154051,GCA_045838535.1,Invertebrates,Mollusca,Polyplacophora,Lepidopleurida,Leptochitonidae,Deshayesiella
3154093,GCA_964205245.1,Invertebrates,Cnidaria,Anthozoa,Scleractinia,Acroporidae,Montipora
315576,GCA_917627325.4,Invertebrates,Arthropoda,Insecta,Diptera,Chironomidae,Chironomus
3156131,GCA_045547075.1,Invertebrates,Arthropoda,Insecta,Lepidoptera,Eriocraniidae,Eriocrania
3158463,GCA_977000435.1,Invertebrates,Arthropoda,Insecta,Hymenoptera,Apidae,Ceratina
3158904,GCA_976984895.1,Invertebrates,Arthropoda,Insecta,Orthoptera,Gryllidae,Oecanthus
3161192,GCA_043790905.1,Invertebrates,Arthropoda,Insecta,Coleoptera,Scarabaeidae,Kibakoganea
3163510,GCA_976984585.1,Invertebrates,Arthropoda,Insecta,Diptera,Syrphidae,Eumerus
3163510,GCA_976984595.1,Invertebrates,Arthropoda,Insecta,Diptera,Syrphidae,Eumerus
3163778,GCA_965244925.1,Invertebrates,Mollusca,Bivalvia,Cardiida,Semelidae,Abra
316456,GCF_040414725.1,Invertebrates,Arthropoda,Insecta,Orthoptera,Tettigoniidae,Anabrus
316456,GCA_040414725.1,Invertebrates,Arthropoda,Insecta,Orthoptera,Tettigoniidae,Anabrus
3167535,GCA_054136115.1,Invertebrates,Mollusca,Bivalvia,Solemyida,Solemyidae,Acharax
317547,GCA_965177985.2,Invertebrates,Cnidaria,Anthozoa,Malacalcyonacea,Eunicellidae,Eunicella
318265,GCA_034231615.1,Invertebrates,Mollusca,Gastropoda,Stylommatophora,Philomycidae,Meghimatium
319348,GCA_018290095.1,Invertebrates,Arthropoda,Insecta,Diptera,Chironomidae,Polypedilum
3198878,GCF_032854445.1,Invertebrates,Mollusca,Polyplacophora,Chitonida,Chitonidae,Liolophura
319955,GCA_964036195.1,Invertebrates,Nematoda,Chromadorea,Monhysterida,Sphaerolaimidae,Sphaerolaimus
320037,GCA_905475445.1,Invertebrates,Arthropoda,Insecta,Lepidoptera,Noctuidae,Ochropleura
320139,GCA_964036265.1,Invertebrates,Nematoda,Chromadorea,Monhysterida,Xyalidae,Daptonema
320235,GCA_951799465.1,Invertebrates,Arthropoda,Insecta,Lepidoptera,Pieridae,Leptophobia
320963,GCA_958299015.1,Invertebrates,Arthropoda,Insecta,Diptera,Sciomyzidae,Tetanocera
320977,GCA_959347315.1,Invertebrates,Annelida,Clitellata,Crassiclitellata,Lumbricidae,Bimastos
320991,GCA_049355025.1,Invertebrates,Annelida,Clitellata,Crassiclitellata,Megascolecidae,Amynthas
3211865,GCA_053573765.1,Invertebrates,Mollusca,Gastropoda,Stylommatophora,Gastrodontidae,Poecilozonites
32260,GCF_019457755.1,Invertebrates,Arthropoda,Insecta,Hymenoptera,Ichneumonidae,Venturia
32260,GCA_964261885.1,Invertebrates,Arthropoda,Insecta,Hymenoptera,Ichneumonidae,Venturia
32264,GCA_036877765.1,Invertebrates,Arthropoda,Arachnida,Trombidiformes,Tetranychidae,Tetranychus
32264,GCA_965642115.1,Invertebrates,Arthropoda,Arachnida,Trombidiformes,Tetranychidae,Tetranychus
3228856,GCA_977020155.1,Invertebrates,Arthropoda,Insecta,Lepidoptera,Blastobasidae,Blastobasis
3229133,GCA_977009155.1,Invertebrates,Arthropoda,Insecta,Hymenoptera,Formicidae,Cataglyphis
3229175,GCA_976976495.1,Invertebrates,Arthropoda,Insecta,Hymenoptera,Megachilidae,Megachile
3229181,GCA_977014345.1,Invertebrates,Arthropoda,Insecta,Hymenoptera,Formicidae,Messor
3229210,GCA_977071315.1,Invertebrates,Arthropoda,Insecta,Lepidoptera,Geometridae,Pseudoterpna
3229210,GCA_977071175.1,Invertebrates,Arthropoda,Insecta,Lepidoptera,Geometridae,Pseudoterpna
3229266,GCA_977019085.1,Invertebrates,Arthropoda,Insecta,Hymenoptera,Apidae,Eucera
3229267,GCA_976986675.1,Invertebrates,Arthropoda,Insecta,Hymenoptera,Halictidae,Halictus
323312,GCA_932273885.2,Invertebrates,Arthropoda,Insecta,Diptera,Syrphidae,Leucozona
323313,GCA_911387755.1,Invertebrates,Arthropoda,Insecta,Diptera,Syrphidae,Chrysotoxum
323314,GCA_963931855.1,Invertebrates,Arthropoda,Insecta,Diptera,Syrphidae,Chrysotoxum
3233994,GCA_965217555.1,Invertebrates,Nematoda,Chromadorea,Rhabditida,Rhabditidae,Caenorhabditis
3237505,GCA_039955035.1,Invertebrates,Mollusca,Bivalvia,Unionida,Unionidae,Sinosolenaia
323751,GCA_030762985.1,Invertebrates,Arthropoda,Insecta,Hemiptera,Miridae,Adelphocoris
32389,GCA_012977825.3,Invertebrates,Arthropoda,Insecta,Hymenoptera,Pteromalidae,Pteromalus
32391,GCF_020080835.1,Invertebrates,Arthropoda,Insecta,Hymenoptera,Braconidae,Cotesia
32400,GCA_038277355.1,Invertebrates,Arthropoda,Insecta,Hymenoptera,Aphelinidae,Encarsia
3241133,GCA_046237675.1,Invertebrates,Arthropoda,Insecta,Coleoptera,Scarabaeidae,Kibakoganea
3244846,GCA_020458035.1,Invertebrates,Mollusca,Bivalvia,Ostreida,Ostreidae,Magallana
324823,GCA_963921985.1,Invertebrates,Arthropoda,Insecta,Coleoptera,Buprestidae,Agrilus
325434,GCF_030247185.1,Invertebrates,Arthropoda,Insecta,Diptera,Culicidae,Malaya
325643,GCA_040182645.1,Invertebrates,Arthropoda,Insecta,Phasmatodea,Phasmatidae,Clitarchus
3258494,GCA_047655345.1,Invertebrates,Echinodermata,Holothuroidea,Aspidochirotida,Stichopodidae,Stichopus
3264069,GCA_965113345.1,Invertebrates,Annelida,Polychaeta,Phyllodocida,Sigalionidae,Euthalenessa
3269078,GCA_977009275.1,Invertebrates,Annelida,Polychaeta,Eunicida,Eunicidae,Paucibranchia
3269394,GCA_965742485.1,Invertebrates,Annelida,Polychaeta,Sabellida,Sabellidae,Perkinsiana
326946,GCA_964340725.1,Invertebrates,Arthropoda,Insecta,Lepidoptera,Geometridae,Perizoma
326953,GCA_964638615.1,Invertebrates,Arthropoda,Insecta,Lepidoptera,Geometridae,Euchoeca
326957,GCA_964188155.1,Invertebrates,Arthropoda,Insecta,Lepidoptera,Geometridae,Thera
326958,GCA_977035735.1,Invertebrates,Arthropoda,Insecta,Lepidoptera,Geometridae,Eulithis
326959,GCA_947507515.1,Invertebrates,Arthropoda,Insecta,Lepidoptera,Geometridae,Eulithis
326962,GCA_964291035.1,Invertebrates,Arthropoda,Insecta,Lepidoptera,Geometridae,Scotopteryx
326963,GCA_947563715.1,Invertebrates,Arthropoda,Insecta,Lepidoptera,Geometridae,Lycia
327083,GCA_963082915.1,Invertebrates,Arthropoda,Insecta,Diptera,Dolichopodidae,Dolichopus
327109,GCF_026930045.1,Invertebrates,Arthropoda,Arachnida,Araneae,Uloboridae,Uloborus
3275449,GCA_965117155.1,Invertebrates,Annelida,Polychaeta,Phyllodocida,Syllidae,Haplosyllis
327932,GCA_045514875.1,Invertebrates,Arthropoda,Insecta,Coleoptera,Chrysomelidae,Monolepta
328596,GCA_977066635.1,Invertebrates,Annelida,Polychaeta,Phyllodocida,Polynoidae,Halosydna
3286092,GCA_964026355.1,Invertebrates,Cnidaria,Scyphozoa,Rhizostomeae,Lychnorhizidae,Pseudorhiza
328893,GCA_964276505.1,Invertebrates,Arthropoda,Insecta,Lepidoptera,Nymphalidae,Oeneis
329032,GCA_019009955.1,Invertebrates,Arthropoda,Insecta,Hemiptera,Alydidae,Riptortus
329112,GCF_029784135.1,Invertebrates,Arthropoda,Insecta,Diptera,Culicidae,Toxorhynchites
3304976,GCA_964056735.1,Invertebrates,Nematoda,Chromadorea,Rhabditida,Neodiplogasteridae,Koerneria
330862,GCA_944319695.1,Invertebrates,Arthropoda,Insecta,Hymenoptera,Tiphiidae,Tiphia
330961,GCA_032207245.1,Invertebrates,Arthropoda,Arachnida,Araneae,Lycosidae,Pardosa
331285,GCA_959347435.2,Invertebrates,Arthropoda,Insecta,Lepidoptera,Nymphalidae,Napeogenes
331285,GCA_959347355.2,Invertebrates,Arthropoda,Insecta,Lepidoptera,Nymphalidae,Napeogenes
331302,GCA_918361105.4,Invertebrates,Arthropoda,Insecta,Lepidoptera,Nymphalidae,Melinaea
331302,GCA_918358695.2,Invertebrates,Arthropoda,Insecta,Lepidoptera,Nymphalidae,Melinaea
331327,GCA_965282685.1,Invertebrates,Arthropoda,Insecta,Lepidoptera,Nymphalidae,Melinaea
331327,GCA_965282635.1,Invertebrates,Arthropoda,Insecta,Lepidoptera,Nymphalidae,Melinaea
331329,GCA_965234875.1,Invertebrates,Arthropoda,Insecta,Lepidoptera,Nymphalidae,Melinaea
331329,GCA_965234865.1,Invertebrates,Arthropoda,Insecta,Lepidoptera,Nymphalidae,Melinaea
331331,GCA_965197325.1,Invertebrates,Arthropoda,Insecta,Lepidoptera,Nymphalidae,Melinaea
331331,GCA_965197345.1,Invertebrates,Arthropoda,Insecta,Lepidoptera,Nymphalidae,Melinaea
331333,GCA_918361175.3,Invertebrates,Arthropoda,Insecta,Lepidoptera,Nymphalidae,Melinaea
331333,GCA_918358865.2,Invertebrates,Arthropoda,Insecta,Lepidoptera,Nymphalidae,Melinaea
331344,GCA_959347325.2,Invertebrates,Arthropoda,Insecta,Lepidoptera,Nymphalidae,Napeogenes
331344,GCA_959347405.2,Invertebrates,Arthropoda,Insecta,Lepidoptera,Nymphalidae,Napeogenes
332058,GCA_977035755.1,Invertebrates,Arthropoda,Insecta,Diptera,Culicidae,Culiseta
332519,GCA_963556255.1,Invertebrates,Annelida,Clitellata,Crassiclitellata,Lumbricidae,Allolobophora
332931,GCA_947532125.1,Invertebrates,Arthropoda,Insecta,Lepidoptera,Saturniidae,Saturnia
333315,GCA_964245335.1,Invertebrates,Porifera,Demospongiae,Agelasida,Agelasidae,Agelas
333459,GCA_965654315.1,Invertebrates,Arthropoda,Insecta,Odonata,Libellulidae,Orthetrum
333879,GCA_964205235.1,Invertebrates,Arthropoda,Insecta,Coleoptera,Elateridae,Denticollis
334116,GCF_037043105.1,Invertebrates,Arthropoda,Insecta,Lepidoptera,Nymphalidae,Vanessa
33412,GCF_012273895.1,Invertebrates,Arthropoda,Insecta,Lepidoptera,Pieridae,Zerene
33412,GCA_012273895.2,Invertebrates,Arthropoda,Insecta,Lepidoptera,Pieridae,Zerene
33422,GCA_964146825.1,Invertebrates,Arthropoda,Insecta,Lepidoptera,Nymphalidae,Heliconius
33422,GCA_964144555.1,Invertebrates,Arthropoda,Insecta,Lepidoptera,Nymphalidae,Heliconius
33433,GCA_964194475.1,Invertebrates,Arthropoda,Insecta,Lepidoptera,Nymphalidae,Heliconius
33433,GCA_964147245.1,Invertebrates,Arthropoda,Insecta,Lepidoptera,Nymphalidae,Heliconius
33434,GCA_030704555.1,Invertebrates,Arthropoda,Insecta,Lepidoptera,Nymphalidae,Heliconius
33435,GCA_964145975.1,Invertebrates,Arthropoda,Insecta,Lepidoptera,Nymphalidae,Heliconius
33443,GCA_917862395.2,Invertebrates,Arthropoda,Insecta,Lepidoptera,Nymphalidae,Heliconius
33448,GCA_019049475.1,Invertebrates,Arthropoda,Insecta,Lepidoptera,Nymphalidae,Eueides
33466,GCA_947308005.1,Invertebrates,Arthropoda,Insecta,Lepidoptera,Yponomeutidae,Yponomeuta
334708,GCA_963678685.1,Invertebrates,Mollusca,Gastropoda,,Patellidae,Patella
3350242,GCA_047370795.1,Invertebrates,Arthropoda,Insecta,Hemiptera,Triozidae,Dyspersa
335469,GCA_916999025.1,Invertebrates,Arthropoda,Insecta,Lepidoptera,Erebidae,Orgyia
335710,GCA_965233325.1,Invertebrates,Arthropoda,Insecta,Diptera,Sciaridae,Bradysia
335759,GCA_964273465.1,Invertebrates,Mollusca,Gastropoda,Trochida,Phasianellidae,Tricolia
335776,GCA_964656265.1,Invertebrates,Mollusca,Gastropoda,Trochida,Turbinidae,Bolma
336569,GCA_965612325.1,Invertebrates,Arthropoda,Arachnida,Araneae,Philodromidae,Philodromus
336583,GCA_951213105.1,Invertebrates,Arthropoda,Arachnida,Araneae,Amaurobiidae,Amaurobius
336584,GCA_050042785.1,Invertebrates,Arthropoda,Arachnida,Araneae,Araneidae,Araneus
336591,GCA_964340895.1,Invertebrates,Arthropoda,Arachnida,Araneae,Araneidae,Larinioides
3366363,GCA_977013105.1,Invertebrates,Arthropoda,Insecta,Coleoptera,Endomychidae,Endomychus
336685,GCA_965643845.1,Invertebrates,Arthropoda,Arachnida,Araneae,Philodromidae,Tibellus
336685,GCA_965643835.1,Invertebrates,Arthropoda,Arachnida,Araneae,Philodromidae,Tibellus
337251,GCA_049724085.1,Invertebrates,Arthropoda,Branchiopoda,Anostraca,Artemiidae,Artemia
3373428,GCA_965277955.1,Invertebrates,Arthropoda,Insecta,Lepidoptera,Noctuidae,Lacanobia
3373428,GCA_965278005.1,Invertebrates,Arthropoda,Insecta,Lepidoptera,Noctuidae,Lacanobia
3373429,GCA_965276505.1,Invertebrates,Arthropoda,Insecta,Lepidoptera,Noctuidae,Euxoa
3373429,GCA_965276465.1,Invertebrates,Arthropoda,Insecta,Lepidoptera,Noctuidae,Euxoa
3373430,GCA_965246645.1,Invertebrates,Arthropoda,Insecta,Lepidoptera,Erebidae,Clytie
3373430,GCA_965246635.1,Invertebrates,Arthropoda,Insecta,Lepidoptera,Erebidae,Clytie
3373431,GCA_973358925.1,Invertebrates,Arthropoda,Insecta,Lepidoptera,Depressariidae,Ethmia
3373433,GCA_965615685.1,Invertebrates,Arthropoda,Insecta,Lepidoptera,Noctuidae,Lamprosticta
337810,GCA_046742065.1,Invertebrates,Arthropoda,Malacostraca,Stomatopoda,Squillidae,Oratosquilla
337810,GCF_046742065.1,Invertebrates,Arthropoda,Malacostraca,Stomatopoda,Squillidae,Oratosquilla
3378732,GCA_965206435.1,Invertebrates,Porifera,Demospongiae,Haplosclerida,,
3380360,GCA_048544835.1,Invertebrates,Arthropoda,Insecta,Hymenoptera,Formicidae,Myrmecocystus
3380438,GCA_048857165.1,Invertebrates,Arthropoda,Insecta,Diptera,Bombyliidae,Anastoechus
3381574,GCA_964374245.1,Invertebrates,Porifera,Demospongiae,Tetractinellida,Corallistidae,Neoschrammeniella
3384248,GCA_965612245.1,Invertebrates,Arthropoda,Insecta,Hemiptera,Aphrophoridae,Aphrophora
3392086,GCA_050613505.1,Invertebrates,Arthropoda,Insecta,Orthoptera,Tetrigidae,Gibbotettix
3395413,GCA_976919185.1,Invertebrates,Arthropoda,Insecta,Lepidoptera,Noctuidae,
3395887,GCA_054135865.1,Invertebrates,Arthropoda,Arachnida,Araneae,Atypidae,Atypus
339843,GCA_046203345.1,Invertebrates,Arthropoda,Insecta,Lepidoptera,Geometridae,Phthonandria
3402493,GCA_927349885.1,Invertebrates,Arthropoda,Insecta,Coleoptera,Chrysomelidae,Psylliodes
3402857,GCA_052426335.1,Invertebrates,Arthropoda,Insecta,Plecoptera,Leuctridae,Rhopalopsole
3410338,GCA_054252755.1,Invertebrates,Arthropoda,Insecta,Hemiptera,Monophlebidae,Drosicha
3416528,GCA_053573785.1,Invertebrates,Nematoda,Chromadorea,Rhabditida,Onchocercidae,Dirofilaria
3423435,GCA_050580425.1,Invertebrates,Arthropoda,Arachnida,Sarcoptiformes,Acaridae,Cosmoglyphus
3433878,GCA_964267455.1,Invertebrates,Arthropoda,Insecta,Hemiptera,Cicadellidae,Hebata
343672,GCA_964017055.1,Invertebrates,Arthropoda,Insecta,Diptera,Stratiomyidae,Chloromyia
343691,GCA_905115235.1,Invertebrates,Arthropoda,Insecta,Diptera,Stratiomyidae,Hermetia
343691,GCF_905115235.1,Invertebrates,Arthropoda,Insecta,Diptera,Stratiomyidae,Hermetia
343700,GCA_947369275.1,Invertebrates,Arthropoda,Insecta,Diptera,Stratiomyidae,Nemotelus
3449502,GCA_976226885.1,Invertebrates,Annelida,Polychaeta,Phyllodocida,Iphionidae,Iphione
34506,GCF_001040885.1,Invertebrates,Nematoda,Chromadorea,Rhabditida,Strongyloididae,Strongyloides
34508,GCA_000757645.3,Invertebrates,Nematoda,Chromadorea,Rhabditida,Steinernematidae,Steinernema
345580,GCF_943734765.1,Invertebrates,Arthropoda,Insecta,Diptera,Culicidae,Anopheles
345580,GCA_943734765.2,Invertebrates,Arthropoda,Insecta,Diptera,Culicidae,Anopheles
34570,GCA_963585895.1,Invertebrates,Mollusca,Cephalopoda,Myopsida,Loliginidae,Sepioteuthis
345723,GCA_965196675.1,Invertebrates,Arthropoda,Insecta,Lepidoptera,Pieridae,Pontia
34576,GCA_976954165.1,Invertebrates,Mollusca,Cephalopoda,Nautilida,Nautilidae,Nautilus
3458737,GCA_964017225.1,Invertebrates,Arthropoda,Insecta,Hymenoptera,Ichneumonidae,Netelia
34597,GCA_037126465.1,Invertebrates,Arthropoda,Arachnida,Ixodida,Argasidae,Ornithodoros
34597,GCF_037126465.1,Invertebrates,Arthropoda,Arachnida,Ixodida,Argasidae,Ornithodoros
34612,GCA_964199285.2,Invertebrates,Arthropoda,Arachnida,Ixodida,Ixodidae,Ixodes
34620,GCF_023375885.2,Invertebrates,Arthropoda,Arachnida,Ixodida,Ixodidae,Dermacentor
34620,GCA_023375885.3,Invertebrates,Arthropoda,Arachnida,Ixodida,Ixodidae,Dermacentor
34621,GCF_050947875.1,Invertebrates,Arthropoda,Arachnida,Ixodida,Ixodidae,Dermacentor
34632,GCF_013339695.2,Invertebrates,Arthropoda,Arachnida,Ixodida,Ixodidae,Rhipicephalus
34632,GCA_013339695.2,Invertebrates,Arthropoda,Arachnida,Ixodida,Ixodidae,Rhipicephalus
3463454,GCA_964020155.1,Invertebrates,Porifera,Demospongiae,Chondrillida,Chondrillidae,Chondrilla
3465828,GCA_977019775.1,Invertebrates,Annelida,Polychaeta,Echiuroidea,Thalassematidae,Ochetostoma
3465829,GCA_977007845.1,Invertebrates,Annelida,Polychaeta,Phyllodocida,Polynoidae,Harmothoe
3465858,GCA_977009195.1,Invertebrates,Porifera,Demospongiae,Verongiida,Ianthellidae,Hexadella
346686,GCA_977071005.1,Invertebrates,Arthropoda,Insecta,Coleoptera,Carabidae,Acupalpus
346691,GCA_964028335.1,Invertebrates,Arthropoda,Insecta,Coleoptera,Chrysomelidae,Altica
346692,GCA_965279835.1,Invertebrates,Arthropoda,Insecta,Coleoptera,Carabidae,Amara
346692,GCA_965279875.1,Invertebrates,Arthropoda,Insecta,Coleoptera,Carabidae,Amara
346699,GCA_964204715.1,Invertebrates,Arthropoda,Insecta,Coleoptera,Scraptiidae,Anaspis
346704,GCA_964258815.1,Invertebrates,Arthropoda,Insecta,Coleoptera,Melyridae,Anthocomus
346746,GCA_964656825.2,Invertebrates,Arthropoda,Insecta,Coleoptera,Zopheridae,Bitoma
346753,GCA_965642105.1,Invertebrates,Arthropoda,Insecta,Coleoptera,Leiodidae,Catops
346753,GCA_965642125.1,Invertebrates,Arthropoda,Insecta,Coleoptera,Leiodidae,Catops
34676,GCA_951394005.1,Invertebrates,Arthropoda,Insecta,Diptera,Calliphoridae,Protophormia
346761,GCA_965653175.1,Invertebrates,Arthropoda,Insecta,Coleoptera,Chrysomelidae,Chaetocnema
346761,GCA_965653155.1,Invertebrates,Arthropoda,Insecta,Coleoptera,Chrysomelidae,Chaetocnema
346762,GCA_949320105.2,Invertebrates,Arthropoda,Insecta,Coleoptera,Chrysomelidae,Crepidodera
346772,GCA_963989225.1,Invertebrates,Arthropoda,Insecta,Coleoptera,Carabidae,Dromius
346781,GCA_965642415.1,Invertebrates,Arthropoda,Insecta,Coleoptera,Coccinellidae,Harmonia
346786,GCA_965643715.1,Invertebrates,Arthropoda,Insecta,Coleoptera,Curculionidae,Hypera
346786,GCA_965643735.1,Invertebrates,Arthropoda,Insecta,Coleoptera,Curculionidae,Hypera
346787,GCA_965240315.1,Invertebrates,Arthropoda,Insecta,Coleoptera,Staphylinidae,Lathrobium
346789,GCA_965644585.1,Invertebrates,Arthropoda,Insecta,Coleoptera,Carabidae,Leistus
346789,GCA_965644575.1,Invertebrates,Arthropoda,Insecta,Coleoptera,Carabidae,Leistus
346790,GCA_966112595.1,Invertebrates,Arthropoda,Insecta,Coleoptera,Carabidae,Leistus
346794,GCA_965644545.1,Invertebrates,Arthropoda,Insecta,Coleoptera,Staphylinidae,Lesteva
346795,GCA_965178105.1,Invertebrates,Arthropoda,Insecta,Coleoptera,Chrysomelidae,Longitarsus
346798,GCA_965119235.1,Invertebrates,Arthropoda,Insecta,Coleoptera,Cantharidae,Malthodes
346801,GCA_963082815.1,Invertebrates,Arthropoda,Insecta,Coleoptera,Elateridae,Melanotus
346812,GCA_965642445.1,Invertebrates,Arthropoda,Insecta,Coleoptera,Carabidae,Notiophilus
34682,GCA_905187475.1,Invertebrates,Arthropoda,Insecta,Diptera,Syrphidae,Syritta
346820,GCA_932526585.2,Invertebrates,Arthropoda,Insecta,Coleoptera,Staphylinidae,Philonthus
346824,GCA_965654395.1,Invertebrates,Arthropoda,Insecta,Coleoptera,Curculionidae,Phyllobius
346824,GCA_965654255.1,Invertebrates,Arthropoda,Insecta,Coleoptera,Curculionidae,Phyllobius
346838,GCA_905333025.2,Invertebrates,Arthropoda,Insecta,Coleoptera,Pyrochroidae,Pyrochroa
346861,GCA_965783885.1,Invertebrates,Arthropoda,Insecta,Coleoptera,Staphylinidae,Tachyporus
346868,GCA_965112455.1,Invertebrates,Arthropoda,Insecta,Coleoptera,Silvanidae,Uleiota
3471590,GCA_965118205.1,Invertebrates,Cnidaria,Anthozoa,Scleractinia,Acroporidae,Acropora
347271,GCA_965663555.1,Invertebrates,Arthropoda,Insecta,Coleoptera,Staphylinidae,Anthobium
347271,GCA_965663565.1,Invertebrates,Arthropoda,Insecta,Coleoptera,Staphylinidae,Anthobium
347340,GCA_964023215.2,Invertebrates,Arthropoda,Insecta,Coleoptera,Tenebrionidae,Eledona
347359,GCA_937662695.2,Invertebrates,Arthropoda,Insecta,Coleoptera,Coccinellidae,Halyzia
347362,GCA_951812935.1,Invertebrates,Arthropoda,Insecta,Coleoptera,Chrysomelidae,Hermaeophaga
347394,GCA_963942505.1,Invertebrates,Arthropoda,Insecta,Coleoptera,Staphylinidae,Lordithon
347424,GCA_951805005.1,Invertebrates,Arthropoda,Insecta,Coleoptera,Staphylinidae,Othius
347445,GCA_965112505.1,Invertebrates,Arthropoda,Insecta,Coleoptera,Tenebrionidae,Prionychus
347710,GCA_964656335.1,Invertebrates,Arthropoda,Insecta,Lepidoptera,Batrachedridae,Batrachedra
347754,GCA_949316235.1,Invertebrates,Arthropoda,Insecta,Lepidoptera,Autostichidae,Oegoconia
348688,GCA_051903415.1,Invertebrates,Arthropoda,Insecta,Coleoptera,Scarabaeidae,Protaetia
350087,GCA_947369205.1,Invertebrates,Arthropoda,Insecta,Coleoptera,Cantharidae,Cantharis
351200,GCA_044232375.1,Invertebrates,Mollusca,Gastropoda,,Acmaeidae,Scurria
351486,GCA_964332215.1,Invertebrates,Arthropoda,Insecta,Coleoptera,Cerambycidae,Grammoptera
351518,GCA_965642315.1,Invertebrates,Arthropoda,Insecta,Coleoptera,Melandryidae,Orchesia
351686,GCA_951805265.1,Invertebrates,Arthropoda,Insecta,Coleoptera,Pyrochroidae,Schizotus
352855,GCA_963978525.1,Invertebrates,Arthropoda,Insecta,Diptera,Hippoboscidae,Ornithomya
352856,GCA_963971445.1,Invertebrates,Arthropoda,Insecta,Diptera,Hippoboscidae,Ornithomya
354296,GCF_047496725.1,Invertebrates,Arthropoda,Insecta,Hymenoptera,Formicidae,Anoplolepis
354296,GCA_047496725.1,Invertebrates,Arthropoda,Insecta,Hymenoptera,Formicidae,Anoplolepis
35523,GCF_021234035.1,Invertebrates,Arthropoda,Branchiopoda,Diplostraca,Daphniidae,Daphnia
35525,GCA_003990815.1,Invertebrates,Arthropoda,Branchiopoda,Diplostraca,Daphniidae,Daphnia
35525,GCF_020631705.1,Invertebrates,Arthropoda,Branchiopoda,Diplostraca,Daphniidae,Daphnia
35527,GCA_052054635.1,Invertebrates,Arthropoda,Branchiopoda,Diplostraca,Daphniidae,Daphnia
355587,GCA_036186465.1,Invertebrates,Arthropoda,Insecta,Hemiptera,Miridae,Nesidiocoris
35570,GCF_963082655.1,Invertebrates,Arthropoda,Insecta,Diptera,Muscidae,Stomoxys
35570,GCA_963082655.1,Invertebrates,Arthropoda,Insecta,Diptera,Muscidae,Stomoxys
35572,GCA_029228625.1,Invertebrates,Arthropoda,Insecta,Diptera,Sciaridae,Pseudolycoriella
35632,GCA_945859605.1,Invertebrates,Annelida,Clitellata,Crassiclitellata,Lumbricidae,Lumbricus
356393,GCA_944474755.1,Invertebrates,Mollusca,Bivalvia,Mytilida,Mytilidae,Limnoperna
357502,GCA_053542795.1,Invertebrates,Arthropoda,Insecta,Hemiptera,Adelgidae,Adelges
357502,GCA_045999825.2,Invertebrates,Arthropoda,Insecta,Hemiptera,Adelgidae,Adelges
360071,GCA_963170755.1,Invertebrates,Arthropoda,Insecta,Coleoptera,Scarabaeidae,Amphimallon
360359,GCA_976289695.1,Invertebrates,Arthropoda,Insecta,Coleoptera,Carabidae,Pterostichus
36099,GCA_977061855.1,Invertebrates,Mollusca,Gastropoda,Lepetellida,Haliotidae,Haliotis
36103,GCA_965183735.1,Invertebrates,Mollusca,Gastropoda,Lepetellida,Haliotidae,Haliotis
36150,GCA_964205205.1,Invertebrates,Arthropoda,Insecta,Hemiptera,Cicadellidae,Cicadella
361523,GCA_053525555.1,Invertebrates,Arthropoda,Insecta,Orthoptera,Morabidae,Warramaba
362088,GCF_021155765.1,Invertebrates,Arthropoda,Insecta,Hymenoptera,Diprionidae,Diprion
362089,GCA_964212075.1,Invertebrates,Arthropoda,Insecta,Hymenoptera,Cimbicidae,Abia
362091,GCA_914767705.2,Invertebrates,Arthropoda,Insecta,Hymenoptera,Tenthredinidae,Tenthredo
362093,GCA_963978495.1,Invertebrates,Arthropoda,Insecta,Hymenoptera,Athaliidae,Athalia
362106,GCA_963170745.1,Invertebrates,Arthropoda,Insecta,Hymenoptera,Tenthredinidae,Phymatocera
364141,GCA_977061575.1,Invertebrates,Arthropoda,Insecta,Ephemeroptera,Ephemeridae,Ephemera
364141,GCA_977061585.1,Invertebrates,Arthropoda,Insecta,Ephemeroptera,Ephemeridae,Ephemera
364607,GCA_964235305.1,Invertebrates,Nematoda,Chromadorea,Rhabditida,Sphaerulariidae,Sphaerularia
366083,GCA_975146275.1,Invertebrates,Arthropoda,Insecta,Lepidoptera,Nymphalidae,Hipparchia
366085,GCA_971852105.1,Invertebrates,Arthropoda,Insecta,Lepidoptera,Nymphalidae,Hipparchia
367916,GCA_039566895.2,Invertebrates,Cnidaria,Hydrozoa,Anthoathecata,Oceaniidae,Turritopsis
368781,GCA_949372485.1,Invertebrates,Arthropoda,Insecta,Diptera,Syrphidae,Cheilosia
36933,GCA_963931925.1,Invertebrates,Mollusca,Gastropoda,Systellommatophora,Onchidiidae,Onchidella
369451,GCA_038030265.1,Invertebrates,Arthropoda,Insecta,Hemiptera,Tingidae,Corythucha
369887,GCA_947095535.1,Invertebrates,Arthropoda,Insecta,Diptera,Dolichopodidae,Poecilobothrus
37000,GCA_039877355.1,Invertebrates,Arthropoda,Insecta,Hemiptera,Pyrrhocoridae,Pyrrhocoris
3722,GCA_963924555.1,Invertebrates,Porifera,Demospongiae,Poecilosclerida,Crambeidae,Crambe
37344,GCF_917208135.1,Invertebrates,Arthropoda,Insecta,Hymenoptera,Athaliidae,Athalia
37344,GCA_917208135.1,Invertebrates,Arthropoda,Insecta,Hymenoptera,Athaliidae,Athalia
374263,GCA_963583995.1,Invertebrates,Arthropoda,Insecta,Diptera,Syrphidae,Xylota
374264,GCA_905220385.1,Invertebrates,Arthropoda,Insecta,Diptera,Syrphidae,Xylota
37505,GCA_963970385.1,Invertebrates,Porifera,Demospongiae,Tetractinellida,Theonellidae,Theonella
375146,GCA_964019415.1,Invertebrates,Porifera,Demospongiae,Verongiida,Ianthellidae,Ianthella
375517,GCA_947562095.1,Invertebrates,Annelida,Clitellata,Hirudinida,Piscicolidae,Branchellion
375939,GCA_947359475.1,Invertebrates,Nematoda,Chromadorea,Rhabditida,Heligmosomidae,Heligmosomoides
375988,GCA_965643505.1,Invertebrates,Nematoda,Chromadorea,Rhabditida,Heligmosomidae,Heligmosomum
37623,GCF_947568905.1,Invertebrates,Mollusca,Bivalvia,Ostreida,Ostreidae,Ostrea
37623,GCA_032173915.1,Invertebrates,Mollusca,Bivalvia,Ostreida,Ostreidae,Ostrea
37643,GCA_977013615.1,Invertebrates,Mollusca,Bivalvia,Ostreida,Ostreidae,Crassostrea
37653,GCF_001194135.2,Invertebrates,Mollusca,Cephalopoda,Octopoda,Octopodidae,Octopus
377538,GCA_963942445.1,Invertebrates,Arthropoda,Insecta,Diptera,Dolichopodidae,Argyra
377571,GCA_964204755.1,Invertebrates,Arthropoda,Insecta,Diptera,Dolichopodidae,Sciapus
377586,GCA_054131215.1,Invertebrates,Arthropoda,Insecta,Diptera,Drosophilidae,Drosophila
377587,GCA_054131185.1,Invertebrates,Arthropoda,Insecta,Diptera,Drosophilidae,Drosophila
37778,GCA_033032175.1,Invertebrates,Arthropoda,Insecta,Lepidoptera,Saturniidae,Saturnia
378390,GCA_023373885.1,Invertebrates,Arthropoda,Insecta,Lepidoptera,Nymphalidae,Hestina
37862,GCA_964036235.1,Invertebrates,Nematoda,Chromadorea,Rhabditida,Heterorhabditidae,Heterorhabditis
38111,GCA_019022885.1,Invertebrates,Arthropoda,Insecta,Hemiptera,Aphididae,Schlechtendalia
38123,GCA_012654025.1,Invertebrates,Arthropoda,Insecta,Hemiptera,Aphalaridae,Pachypsylla
381397,GCA_965200985.1,Invertebrates,Arthropoda,Insecta,Diptera,Tephritidae,Xyphosia
381397,GCA_965200055.1,Invertebrates,Arthropoda,Insecta,Diptera,Tephritidae,Xyphosia
38162,GCA_035357415.1,Invertebrates,Arthropoda,Insecta,Coleoptera,Chrysomelidae,Ophraella
381746,GCA_050437165.1,Invertebrates,Arthropoda,Arachnida,Trombidiformes,Tetranychidae,Amphitetranychus
382944,GCA_966183525.1,Invertebrates,Arthropoda,Insecta,Coleoptera,Apionidae,Betulapion
38358,GCF_014529535.1,Invertebrates,Arthropoda,Insecta,Diptera,Sciaridae,Bradysia
384675,GCA_977066655.1,Invertebrates,Arthropoda,Insecta,Hemiptera,Aphididae,Neomyzus
38744,GCA_034768735.1,Invertebrates,Platyhelminthes,Trematoda,Strigeidida,Schistosomatidae,Schistosoma
392227,GCA_036898095.2,Invertebrates,Arthropoda,Malacostraca,Decapoda,Palaemonidae,Palaemon
392227,GCF_036898095.1,Invertebrates,Arthropoda,Malacostraca,Decapoda,Palaemonidae,Palaemon
39272,GCA_947179485.1,Invertebrates,Arthropoda,Collembola,Symphypleona,Sminthuridae,Allacma
39298,GCA_965644145.1,Invertebrates,Echinodermata,Echinoidea,Spatangoida,Loveniidae,Echinocardium
39305,GCA_963978895.1,Invertebrates,Annelida,Clitellata,Hirudinida,Erpobdellidae,Erpobdella
39320,GCA_944470555.2,Invertebrates,Platyhelminthes,Trematoda,Strigeidida,Schistosomatidae,Heterobilharzia
393326,GCA_948107665.1,Invertebrates,Arthropoda,Insecta,Lepidoptera,Geometridae,Lomographa
393355,GCA_973366555.1,Invertebrates,Arthropoda,Insecta,Lepidoptera,Geometridae,Chariaspilates
393355,GCA_973946435.1,Invertebrates,Arthropoda,Insecta,Lepidoptera,Geometridae,Chariaspilates
39374,GCA_964657215.1,Invertebrates,Echinodermata,Echinoidea,Temnopleuroida,Toxopneustidae,Sphaerechinus
393876,GCA_944470375.2,Invertebrates,Platyhelminthes,Trematoda,Strigeidida,Schistosomatidae,Schistosoma
39395,GCA_041682235.1,Invertebrates,Arthropoda,Malacostraca,Decapoda,Cancridae,Cancer
395515,GCA_014825925.1,Invertebrates,Arthropoda,Insecta,Hymenoptera,Apidae,Bombus
396355,GCA_964289765.3,Invertebrates,Cnidaria,Anthozoa,Malacalcyonacea,Eunicellidae,Eunicella
396416,GCF_014825855.1,Invertebrates,Arthropoda,Insecta,Hymenoptera,Apidae,Bombus
39655,GCA_041296405.1,Invertebrates,Arthropoda,Insecta,Hemiptera,Hormaphididae,Pseudoregma
397350,GCA_963991005.1,Invertebrates,Arthropoda,Insecta,Coleoptera,Curculionidae,Barypeithes
398365,GCA_963281255.1,Invertebrates,Porifera,Hexactinellida,Sceptrulophora,Aphrocallistidae,Aphrocallistes
400727,GCA_004794335.1,Invertebrates,Mollusca,Gastropoda,Architaenioglossa,Ampullariidae,Pomacea
400727,GCF_003073045.1,Invertebrates,Mollusca,Gastropoda,Architaenioglossa,Ampullariidae,Pomacea
400838,GCA_963924455.1,Invertebrates,Cnidaria,Scyphozoa,Semaeostomeae,Pelagiidae,Pelagia
40085,GCA_918026875.4,Invertebrates,Arthropoda,Insecta,Lepidoptera,Crambidae,Diatraea
40130,GCA_964273945.3,Invertebrates,Mollusca,Bivalvia,Cardiida,Donacidae,Donax
40349,GCA_965283065.1,Invertebrates,Nematoda,Chromadorea,Rhabditida,Trichostrongylidae,Trichostrongylus
40366,GCA_047116735.1,Invertebrates,Arthropoda,Insecta,Diptera,Drosophilidae,Drosophila
405009,GCA_905404265.1,Invertebrates,Arthropoda,Insecta,Lepidoptera,Nymphalidae,Fabriciana
405018,GCA_964340695.1,Invertebrates,Arthropoda,Insecta,Lepidoptera,Nymphalidae,Argynnis
405021,GCA_964270775.1,Invertebrates,Arthropoda,Insecta,Lepidoptera,Nymphalidae,Boloria
405022,GCA_966096485.1,Invertebrates,Arthropoda,Insecta,Lepidoptera,Nymphalidae,Boloria
405023,GCA_951802675.2,Invertebrates,Arthropoda,Insecta,Lepidoptera,Nymphalidae,Boloria
405024,GCA_964275235.1,Invertebrates,Arthropoda,Insecta,Lepidoptera,Nymphalidae,Boloria
405032,GCA_947093115.1,Invertebrates,Arthropoda,Insecta,Lepidoptera,Nymphalidae,Brenthis
405033,GCA_951806755.1,Invertebrates,Arthropoda,Insecta,Lepidoptera,Nymphalidae,Brenthis
405034,GCA_921882275.1,Invertebrates,Arthropoda,Insecta,Lepidoptera,Nymphalidae,Brenthis
406540,GCA_964194035.1,Invertebrates,Mollusca,Bivalvia,Lucinida,Lucinidae,Lucinella
406581,GCA_030762175.1,Invertebrates,Arthropoda,Insecta,Mantodea,Metallyticidae,Metallyticus
406589,GCA_030765045.1,Invertebrates,Arthropoda,Insecta,Mantodea,Mantidae,Tenodera
406638,GCA_964059185.1,Invertebrates,Arthropoda,Insecta,Blattodea,Ectobiidae,Ectobius
40697,GCA_029204025.1,Invertebrates,Arthropoda,Arachnida,Sarcoptiformes,Echimyopodidae,Blomia
407819,GCA_044657725.1,Invertebrates,Arthropoda,Arachnida,Araneae,Eresidae,Stegodyphus
407821,GCA_044660205.1,Invertebrates,Arthropoda,Arachnida,Araneae,Eresidae,Stegodyphus
41014,GCA_948150575.1,Invertebrates,Arthropoda,Insecta,Lepidoptera,Tineidae,Tinea
410286,GCA_965654355.1,Invertebrates,Arthropoda,Insecta,Hymenoptera,Tenthredinidae,Selandria
41070,GCA_030062745.1,Invertebrates,Arthropoda,Thecostraca,Pollicipedomorpha,Pollicipedidae,Capitulum
41101,GCA_905340355.1,Invertebrates,Arthropoda,Insecta,Coleoptera,Cantharidae,Rhagonycha
411067,GCA_977012885.1,Invertebrates,Arthropoda,Insecta,Odonata,Lestidae,Archilestes
41107,GCA_958336345.1,Invertebrates,Arthropoda,Insecta,Coleoptera,Lucanidae,Dorcus
41139,GCF_907165205.1,Invertebrates,Arthropoda,Insecta,Coleoptera,Coccinellidae,Coccinella
41139,GCA_907165205.1,Invertebrates,Arthropoda,Insecta,Coleoptera,Coccinellidae,Coccinella
411872,GCA_049996135.1,Invertebrates,Arthropoda,Insecta,Diptera,Sarcophagidae,Sarcophaga
411963,GCA_905475405.1,Invertebrates,Arthropoda,Insecta,Lepidoptera,Erebidae,Schrankia
412009,GCA_016170015.1,Invertebrates,Arthropoda,Insecta,Diptera,Culicidae,Anopheles
414801,GCA_946251815.1,Invertebrates,Arthropoda,Insecta,Diptera,Syrphidae,Dasysyrphus
414814,GCA_947049315.1,Invertebrates,Arthropoda,Insecta,Diptera,Syrphidae,Epistrophella
414834,GCA_965212275.1,Invertebrates,Arthropoda,Insecta,Diptera,Syrphidae,Meliscaeva
414846,GCA_916050605.2,Invertebrates,Arthropoda,Insecta,Diptera,Syrphidae,Platycheirus
414876,GCA_910595825.1,Invertebrates,Arthropoda,Insecta,Diptera,Syrphidae,Philhelius
414916,GCA_976954805.1,Invertebrates,Arthropoda,Insecta,Lepidoptera,Geometridae,Ascotis
414934,GCA_944588485.1,Invertebrates,Arthropoda,Insecta,Coleoptera,Silphidae,Phosphuga
414939,GCA_051122355.1,Invertebrates,Arthropoda,Insecta,Coleoptera,Silphidae,Thanatophilus
414950,GCA_963457615.1,Invertebrates,Arthropoda,Insecta,Coleoptera,Silphidae,Nicrophorus
415341,GCA_964277245.1,Invertebrates,Arthropoda,Insecta,Lepidoptera,Pieridae,Euchloe
416556,GCA_042997425.1,Invertebrates,Arthropoda,Insecta,Lepidoptera,Lasiocampidae,Dendrolimus
417401,GCA_036250285.1,Invertebrates,Arthropoda,Insecta,Coleoptera,Lampyridae,Pyrocoelia
417485,GCA_020423425.1,Invertebrates,Arthropoda,Insecta,Neuroptera,Chrysopidae,Chrysopa
419077,GCA_054130805.1,Invertebrates,Arthropoda,Insecta,Hemiptera,Adelgidae,Adelges
419443,GCA_947652115.1,Invertebrates,Cnidaria,Anthozoa,Scleractinia,,Blastomussa
419956,GCA_964059645.1,Invertebrates,Arthropoda,Insecta,Coleoptera,Coccinellidae,Calvia
42026,GCF_030179905.1,Invertebrates,Arthropoda,Insecta,Diptera,Drosophilidae,Drosophila
42028,GCA_963924055.1,Invertebrates,Arthropoda,Insecta,Diptera,Drosophilidae,Drosophila
420341,GCA_046627935.1,Invertebrates,Arthropoda,Insecta,Lepidoptera,Lasiocampidae,Dendrolimus
42062,GCF_023558535.2,Invertebrates,Arthropoda,Insecta,Diptera,Drosophilidae,Drosophila
42156,GCA_963070105.1,Invertebrates,Nematoda,Chromadorea,Rhabditida,Onchocercidae,Litomosoides
42192,GCA_017311375.1,Invertebrates,Mollusca,Bivalvia,Mytilida,Mytilidae,Mytilus
422171,GCA_963565655.1,Invertebrates,Arthropoda,Insecta,Hymenoptera,Braconidae,Aleiodes
42275,GCF_905147765.1,Invertebrates,Arthropoda,Insecta,Lepidoptera,Nymphalidae,Vanessa
42275,GCA_905147765.2,Invertebrates,Arthropoda,Insecta,Lepidoptera,Nymphalidae,Vanessa
42296,GCA_907164645.1,Invertebrates,Arthropoda,Insecta,Lepidoptera,Pieridae,Colias
423320,GCA_963675205.1,Invertebrates,Arthropoda,Insecta,Lepidoptera,Erebidae,Catocala
423510,GCA_930367265.1,Invertebrates,Arthropoda,Insecta,Lepidoptera,Erebidae,Catocala
423616,GCA_949126925.1,Invertebrates,Arthropoda,Insecta,Diptera,Syrphidae,Cheilosia
42434,GCA_016801865.2,Invertebrates,Arthropoda,Insecta,Diptera,Culicidae,Culex
42434,GCF_016801865.2,Invertebrates,Arthropoda,Insecta,Diptera,Culicidae,Culex
42736,GCA_040113095.1,Invertebrates,Annelida,Clitellata,Hirudinida,Hirudinidae,Hirudo
42839,GCF_943734665.1,Invertebrates,Arthropoda,Insecta,Diptera,Culicidae,Anopheles
428710,GCA_971796245.1,Invertebrates,Arthropoda,Insecta,Coleoptera,Chrysomelidae,Sphaeroderma
429181,GCA_964662305.1,Invertebrates,Mollusca,Bivalvia,Cardiida,Cardiidae,Laevicardium
43146,GCF_003676215.2,Invertebrates,Arthropoda,Insecta,Hemiptera,Aphididae,Rhopalosiphum
43151,GCF_943734745.1,Invertebrates,Arthropoda,Insecta,Diptera,Culicidae,Anopheles
431829,GCA_948107695.1,Invertebrates,Arthropoda,Insecta,Diptera,Syrphidae,Meliscaeva
431949,GCA_040549115.1,Invertebrates,Arthropoda,Insecta,Orthoptera,Morabidae,Vandiemenella
432259,GCA_018691245.2,Invertebrates,Arthropoda,Insecta,Coleoptera,Curculionidae,Ips
433021,GCA_964243895.1,Invertebrates,Arthropoda,Insecta,Coleoptera,Scraptiidae,Anaspis
433040,GCA_975146085.1,Invertebrates,Arthropoda,Insecta,Coleoptera,Biphyllidae,Diplocoelus
433052,GCA_965282865.1,Invertebrates,Arthropoda,Insecta,Coleoptera,Ripiphoridae,Metoecus
433215,GCA_963583935.1,Invertebrates,Arthropoda,Insecta,Coleoptera,Tenebrionidae,Diaperis
433237,GCA_046866795.1,Invertebrates,Arthropoda,Insecta,Coleoptera,Nitidulidae,Librodor
43337,GCA_949775005.1,Invertebrates,Arthropoda,Insecta,Lepidoptera,Noctuidae,Orthosia
43341,GCA_965237135.1,Invertebrates,Mollusca,Gastropoda,Trochida,Trochidae,Phorcus
436910,GCA_040894065.1,Invertebrates,Arthropoda,Insecta,Coleoptera,Curculionidae,Eucryptorrhynchus
437484,GCA_023052935.1,Invertebrates,Arthropoda,Insecta,Hemiptera,Pentatomidae,Piezodorus
437488,GCA_014851415.1,Invertebrates,Arthropoda,Insecta,Lepidoptera,Crambidae,Cnaphalocrocis
439358,GCA_043789555.1,Invertebrates,Arthropoda,Insecta,Thysanoptera,Thripidae,Megalurothrips
439567,GCA_949316475.1,Invertebrates,Arthropoda,Insecta,Lepidoptera,Geometridae,Hypomecis
441509,GCA_965637155.1,Invertebrates,Arthropoda,Insecta,Plecoptera,Perlidae,Dinocras
441921,GCF_021901455.1,Invertebrates,Arthropoda,Insecta,Hymenoptera,Diprionidae,Neodiprion
441929,GCF_021155775.2,Invertebrates,Arthropoda,Insecta,Hymenoptera,Diprionidae,Neodiprion
441995,GCA_034621355.1,Invertebrates,Arthropoda,Insecta,Lepidoptera,Nymphalidae,Mycalesis
442081,GCA_958510825.1,Invertebrates,Arthropoda,Insecta,Coleoptera,Kateretidae,Brachypterus
44386,GCA_013339765.2,Invertebrates,Arthropoda,Arachnida,Ixodida,Ixodidae,Haemaphysalis
444096,GCA_975086585.1,Invertebrates,Mollusca,Gastropoda,Neogastropoda,Nassariidae,Nassarius
44414,GCA_047456425.1,Invertebrates,Arthropoda,Arachnida,Mesostigmata,Phytoseiidae,Phytoseiulus
444401,GCA_910592295.1,Invertebrates,Arthropoda,Insecta,Hymenoptera,Andrenidae,Andrena
444603,GCA_918026865.1,Invertebrates,Arthropoda,Insecta,Coleoptera,Chrysomelidae,Phyllotreta
44477,GCA_003314205.2,Invertebrates,Arthropoda,Insecta,Hymenoptera,Apidae,Apis
445480,GCA_965643785.1,Invertebrates,Arthropoda,Insecta,Coleoptera,Eucnemidae,Microrhagus
44597,GCA_964261245.2,Invertebrates,Mollusca,Bivalvia,Arcoida,Arcidae,Arca
446425,GCA_964007535.1,Invertebrates,Arthropoda,Insecta,Plecoptera,Taeniopterygidae,Brachyptera
446427,GCA_963576895.1,Invertebrates,Arthropoda,Insecta,Trichoptera,Leptoceridae,Ceraclea
446446,GCA_965654275.1,Invertebrates,Arthropoda,Insecta,Coleoptera,Hydrophilidae,Laccobius
446446,GCA_965654235.1,Invertebrates,Arthropoda,Insecta,Coleoptera,Hydrophilidae,Laccobius
446450,GCA_963576475.1,Invertebrates,Arthropoda,Insecta,Trichoptera,Molannidae,Molanna
446452,GCA_949825065.1,Invertebrates,Arthropoda,Insecta,Trichoptera,Odontoceridae,Odontocerum
446453,GCA_977109365.1,Invertebrates,Arthropoda,Insecta,Neuroptera,Osmylidae,Osmylus
446513,GCA_965644405.1,Invertebrates,Arthropoda,Insecta,Trichoptera,Leptoceridae,Mystacides
446526,GCA_947579605.1,Invertebrates,Arthropoda,Insecta,Trichoptera,Leptoceridae,Athripsodes
44664,GCA_053477475.1,Invertebrates,Arthropoda,Insecta,Hemiptera,Aphididae,Sitobion
44668,GCA_008086715.1,Invertebrates,Arthropoda,Insecta,Hemiptera,Aphididae,Sitobion
44670,GCF_019925205.1,Invertebrates,Arthropoda,Insecta,Hemiptera,Aphididae,Metopolophium
447833,GCA_923060345.2,Invertebrates,Arthropoda,Insecta,Lepidoptera,Nymphalidae,Erebia
447850,GCA_964187935.1,Invertebrates,Arthropoda,Insecta,Lepidoptera,Nymphalidae,Erebia
45264,GCF_013753865.1,Invertebrates,Cnidaria,Anthozoa,Scleractinia,Acroporidae,Acropora
452744,GCA_949710015.1,Invertebrates,Arthropoda,Insecta,Diptera,Hippoboscidae,Crataerina
45351,GCF_932526225.1,Invertebrates,Cnidaria,Anthozoa,Actiniaria,Edwardsiidae,Nematostella
45351,GCA_932526225.1,Invertebrates,Cnidaria,Anthozoa,Actiniaria,Edwardsiidae,Nematostella
453592,GCA_050626375.1,Invertebrates,Mollusca,Gastropoda,Architaenioglossa,Ampullariidae,Pomacea
454641,GCA_050613955.1,Invertebrates,Arthropoda,Insecta,Diptera,Ulidiidae,Tetanops
45748,GCA_043748665.1,Invertebrates,Mollusca,Gastropoda,Littorinimorpha,Littorinidae,Littorina
457845,GCA_964023205.1,Invertebrates,Mollusca,Bivalvia,Venerida,Mactridae,Lutraria
45931,GCA_054131405.1,Invertebrates,Nematoda,Chromadorea,Rhabditida,Pratylenchidae,Pratylenchus
45954,GCF_020536995.1,Invertebrates,Mollusca,Bivalvia,Myida,Dreissenidae,Dreissena
45954,GCA_020536995.1,Invertebrates,Mollusca,Bivalvia,Myida,Dreissenidae,Dreissena
45985,GCA_973947135.1,Invertebrates,Mollusca,Gastropoda,Stylommatophora,Helicidae,Arianta
462257,GCA_034638295.1,Invertebrates,Arthropoda,Insecta,Diptera,Drosophilidae,Phortica
46245,GCA_000001765.3,Invertebrates,Arthropoda,Insecta,Diptera,Drosophilidae,Drosophila
463371,GCA_046867355.1,Invertebrates,Mollusca,Bivalvia,Lucinida,Lucinidae,Indoaustriella
464721,GCA_965282695.1,Invertebrates,Arthropoda,Insecta,Lepidoptera,Erebidae,Diacrisia
464721,GCA_965282705.1,Invertebrates,Arthropoda,Insecta,Lepidoptera,Erebidae,Diacrisia
46515,GCA_965641785.1,Invertebrates,Echinodermata,Asteroidea,Valvatida,Asterinidae,Asterina
465155,GCA_973946265.1,Invertebrates,Arthropoda,Insecta,Coleoptera,Scarabaeidae,Serica
46595,GCA_947462335.1,Invertebrates,Annelida,Polychaeta,Phyllodocida,Polynoidae,Harmothoe
466960,GCA_030157265.1,Invertebrates,Arthropoda,Insecta,Coleoptera,Tenebrionidae,Latheticus
466999,GCA_021014325.1,Invertebrates,Echinodermata,Asteroidea,Forcipulatida,Labidiasteridae,Plazaster
46700,GCA_977035595.1,Invertebrates,Cnidaria,Anthozoa,Scleractinia,Dendrophylliidae,Tubastraea
46704,GCA_949126865.1,Invertebrates,Cnidaria,Anthozoa,Scleractinia,Acroporidae,Montipora
46731,GCA_964200805.1,Invertebrates,Cnidaria,Anthozoa,Scleractinia,Pocilloporidae,Pocillopora
467358,GCA_917834065.1,Invertebrates,Arthropoda,Insecta,Coleoptera,Curculionidae,Ceutorhynchus
46745,GCA_948470475.1,Invertebrates,Cnidaria,Anthozoa,Scleractinia,Euphylliidae,Galaxea
46748,GCA_022496165.2,Invertebrates,Cnidaria,Anthozoa,Scleractinia,Caryophylliidae,Catalaphyllia
467774,GCA_916618145.1,Invertebrates,Arthropoda,Insecta,Lepidoptera,Pterophoridae,Emmelina
46790,GCA_047116475.1,Invertebrates,Arthropoda,Insecta,Diptera,Drosophilidae,Drosophila
46792,GCA_047116485.1,Invertebrates,Arthropoda,Insecta,Diptera,Drosophilidae,Drosophila
468186,GCA_964260655.1,Invertebrates,Arthropoda,Insecta,Lepidoptera,Nymphalidae,Erebia
468190,GCA_964332105.1,Invertebrates,Arthropoda,Insecta,Lepidoptera,Nymphalidae,Erebia
468723,GCA_963924295.1,Invertebrates,Arthropoda,Insecta,Diptera,Asilidae,Dioctria
468725,GCA_949715965.1,Invertebrates,Arthropoda,Insecta,Diptera,Asilidae,Dysmachus
468750,GCA_964036015.1,Invertebrates,Arthropoda,Insecta,Diptera,Asilidae,Leptarthrus
468752,GCA_963082835.1,Invertebrates,Arthropoda,Insecta,Diptera,Asilidae,Leptogaster
468767,GCA_947538895.1,Invertebrates,Arthropoda,Insecta,Diptera,Asilidae,Neoitamus
468783,GCA_963969385.1,Invertebrates,Arthropoda,Insecta,Diptera,Asilidae,Philonicus
469753,GCF_036172545.1,Invertebrates,Arthropoda,Insecta,Diptera,Ceratopogonidae,Culicoides
469902,GCA_050169925.1,Invertebrates,Arthropoda,Insecta,Hemiptera,Aphididae,Megoura
470445,GCA_965230865.2,Invertebrates,Arthropoda,Malacostraca,Decapoda,Portunidae,Portunus
470614,GCA_971833225.1,Invertebrates,Arthropoda,Insecta,Orthoptera,Tettigoniidae,Decticus
470658,GCA_976974135.1,Invertebrates,Arthropoda,Insecta,Orthoptera,Tettigoniidae,Platycleis
47073,GCA_964258915.1,Invertebrates,Cnidaria,Anthozoa,Actiniaria,Actiniidae,Condylactis
470944,GCA_034510155.1,Invertebrates,Arthropoda,Insecta,Orthoptera,Tetrigidae,Eucriotettix
471059,GCA_965118075.1,Invertebrates,Arthropoda,Insecta,Lepidoptera,Nymphalidae,Mechanitis
471059,GCA_965118085.1,Invertebrates,Arthropoda,Insecta,Lepidoptera,Nymphalidae,Mechanitis
471061,GCA_959347365.2,Invertebrates,Arthropoda,Insecta,Lepidoptera,Nymphalidae,Mechanitis
471061,GCA_959347395.1,Invertebrates,Arthropoda,Insecta,Lepidoptera,Nymphalidae,Mechanitis
472889,GCA_963971545.1,Invertebrates,Arthropoda,Insecta,Diptera,Tephritidae,Philophylla
473130,GCA_045014175.1,Invertebrates,Arthropoda,Insecta,Hemiptera,Tachardiidae,Kerria
47314,GCA_030788195.1,Invertebrates,Arthropoda,Insecta,Diptera,Drosophilidae,Drosophila
47315,GCA_051940825.1,Invertebrates,Arthropoda,Insecta,Diptera,Drosophilidae,Drosophila
473156,GCA_932521035.1,Invertebrates,Nematoda,Chromadorea,Rhabditida,Rhabditidae,Oscheius
47316,GCA_047116335.1,Invertebrates,Arthropoda,Insecta,Diptera,Drosophilidae,Drosophila
473160,GCA_964057225.1,Invertebrates,Nematoda,Chromadorea,Rhabditida,Rhabditidae,Auanema
473392,GCA_963971345.1,Invertebrates,Arthropoda,Insecta,Hymenoptera,Andrenidae,Andrena
473528,GCA_964261875.1,Invertebrates,Porifera,Demospongiae,Tetractinellida,Ancorinidae,Rhabdastrella
476028,GCA_964237215.1,Invertebrates,Porifera,Demospongiae,Dictyoceratida,Spongiidae,Rhopaloeides
476689,GCA_028673005.1,Invertebrates,Arthropoda,Insecta,Odonata,Petaluridae,Tanypteryx
47773,GCA_027475135.1,Invertebrates,Arthropoda,Insecta,Diptera,Tephritidae,Bactrocera
480380,GCA_017654935.2,Invertebrates,Mollusca,Gastropoda,Neogastropoda,Raphitomidae,Phymorhynchus
481309,GCA_040581535.1,Invertebrates,Arthropoda,Insecta,Lepidoptera,Crambidae,Loxostege
481309,GCA_965233915.1,Invertebrates,Arthropoda,Insecta,Lepidoptera,Crambidae,Loxostege
481570,GCA_948146005.1,Invertebrates,Arthropoda,Insecta,Hymenoptera,Apidae,Nomada
481575,GCA_945859595.2,Invertebrates,Arthropoda,Insecta,Hymenoptera,Megachilidae,Megachile
48269,GCA_944470205.2,Invertebrates,Platyhelminthes,Trematoda,Strigeidida,Schistosomatidae,Schistosoma
483260,GCA_009761765.1,Invertebrates,Arthropoda,Insecta,Hemiptera,Pseudococcidae,Phenacoccus
483417,GCA_965152675.1,Invertebrates,Arthropoda,Malacostraca,Decapoda,Eriphiidae,Eriphia
483950,GCA_930367205.1,Invertebrates,Arthropoda,Insecta,Hemiptera,Acanthosomatidae,Acanthosoma
484451,GCA_965112925.1,Invertebrates,Porifera,Demospongiae,Axinellida,Axinellidae,Cymbastela
48499,GCA_964199315.1,Invertebrates,Cnidaria,Anthozoa,Scleractinia,Merulinidae,Orbicella
485107,GCA_976983035.1,Invertebrates,Arthropoda,Insecta,Hymenoptera,Formicidae,Formica
485574,GCA_977035995.1,Invertebrates,Arthropoda,Insecta,Lepidoptera,Prodoxidae,Lampronia
486017,GCA_974392475.1,Invertebrates,Arthropoda,Insecta,Hemiptera,Aphididae,Brachycaudus
486152,GCA_041430665.1,Invertebrates,Annelida,Clitellata,Hirudinida,Haemopidae,Whitmania
48706,GCA_966392285.1,Invertebrates,Arthropoda,Collembola,Entomobryomorpha,Orchesellidae,Orchesella
48711,GCA_964034955.1,Invertebrates,Arthropoda,Collembola,Entomobryomorpha,Orchesellidae,Orchesella
48712,GCA_965653205.1,Invertebrates,Arthropoda,Collembola,Entomobryomorpha,Orchesellidae,Orchesella
488301,GCA_040020575.1,Invertebrates,Arthropoda,Insecta,Hemiptera,Reduviidae,Rhynocoris
488418,GCA_964291435.1,Invertebrates,Annelida,Polychaeta,Sabellida,Serpulidae,Marifugia
488582,GCA_964030505.2,Invertebrates,Arthropoda,Insecta,Hymenoptera,Formicidae,Lasius
488582,GCA_963971435.1,Invertebrates,Arthropoda,Insecta,Hymenoptera,Formicidae,Lasius
488663,GCA_964341215.1,Invertebrates,Mollusca,Gastropoda,Littorinimorpha,Naticidae,Naticarius
488664,GCA_965120495.2,Invertebrates,Mollusca,Gastropoda,Littorinimorpha,Naticidae,Naticarius
488666,GCA_964340425.3,Invertebrates,Mollusca,Gastropoda,Littorinimorpha,Naticidae,Neverita
490128,GCA_047372445.1,Invertebrates,Arthropoda,Insecta,Ephemeroptera,Heptageniidae,Parafronurus
490930,GCA_038380155.1,Invertebrates,Arthropoda,Insecta,Hemiptera,Pseudococcidae,Pseudococcus
491269,GCA_948455865.1,Invertebrates,Arthropoda,Insecta,Hemiptera,Delphacidae,Conomelus
491806,GCA_964304565.2,Invertebrates,Echinodermata,Holothuroidea,Aspidochirotida,Holothuriidae,Holothuria
49198,GCA_045489415.1,Invertebrates,Mollusca,Bivalvia,Pterioida,Pinnidae,Atrina
492764,GCA_037179545.1,Invertebrates,Arthropoda,Insecta,Lepidoptera,Noctuidae,Sesamia
49291,GCA_963422195.1,Invertebrates,Arthropoda,Insecta,Coleoptera,Carabidae,Carabus
494138,GCA_947507545.1,Invertebrates,Arthropoda,Insecta,Hymenoptera,Ichneumonidae,Clistopyga
494149,GCA_963971235.1,Invertebrates,Arthropoda,Insecta,Hymenoptera,Ichneumonidae,Cryptus
494438,GCA_946902985.2,Invertebrates,Arthropoda,Insecta,Orthoptera,Tettigoniidae,Meconema
494743,GCA_951802705.1,Invertebrates,Arthropoda,Insecta,Hymenoptera,Ichneumonidae,Netelia
494771,GCA_959613375.1,Invertebrates,Arthropoda,Insecta,Hymenoptera,Ichneumonidae,Heteropelma
495356,GCA_951751655.1,Invertebrates,Arthropoda,Insecta,Hymenoptera,Ichneumonidae,Ophion
495374,GCA_958009045.1,Invertebrates,Arthropoda,Insecta,Hymenoptera,Ichneumonidae,Oxytorus
495577,GCA_975143675.1,Invertebrates,Arthropoda,Insecta,Hymenoptera,Ichneumonidae,Schizopyga
497515,GCA_039566165.1,Invertebrates,Arthropoda,Insecta,Lepidoptera,Crambidae,Maruca
499230,GCA_965614485.1,Invertebrates,Arthropoda,Insecta,Lepidoptera,Notodontidae,Thaumetopoea
499837,GCA_977011865.1,Invertebrates,Arthropoda,Insecta,Orthoptera,Acrididae,Sphingonotus
499914,GCA_964035655.1,Invertebrates,Cnidaria,Scyphozoa,Rhizostomeae,Rhizostomatidae,Rhopilema
500269,GCA_965234165.1,Invertebrates,Arthropoda,Insecta,Diptera,Opomyzidae,Geomyza
500284,GCA_964263875.1,Invertebrates,Arthropoda,Insecta,Diptera,Anthomyzidae,Anthomyza
50054,GCA_044892525.1,Invertebrates,Platyhelminthes,Rhabditophora,Tricladida,Dugesiidae,Schmidtea
500645,GCA_963680715.1,Invertebrates,Arthropoda,Arachnida,Araneae,Tetragnathidae,Tetragnatha
500707,GCA_964374295.1,Invertebrates,Arthropoda,Insecta,Lepidoptera,Pyralidae,Dioryctria
501369,GCA_033220335.2,Invertebrates,Arthropoda,Insecta,Lepidoptera,Papilionidae,Troides
501664,GCA_964211925.1,Invertebrates,Arthropoda,Insecta,Coleoptera,Curculionidae,Kyklioacalles
503482,GCA_960531455.1,Invertebrates,Arthropoda,Insecta,Diptera,Tephritidae,Urophora
50387,GCA_040954645.1,Invertebrates,Arthropoda,Insecta,Coleoptera,Chrysomelidae,Diabrotica
50390,GCF_917563875.1,Invertebrates,Arthropoda,Insecta,Coleoptera,Chrysomelidae,Diabrotica
50417,GCA_947623455.1,Invertebrates,Mollusca,Bivalvia,Pectinida,Pectinidae,Mimachlamys
50426,GCA_028142955.1,Invertebrates,Mollusca,Bivalvia,Pterioida,Pteriidae,Pinctada
50429,GCA_964205215.1,Invertebrates,Cnidaria,Anthozoa,Scleractinia,Pocilloporidae,Stylophora
504342,GCA_965112835.1,Invertebrates,Cnidaria,Anthozoa,Scleractinia,Astrocoeniidae,Stephanocoenia
505405,GCA_963082685.1,Invertebrates,Arthropoda,Insecta,Lepidoptera,Geometridae,Cyclophora
505408,GCA_964341415.1,Invertebrates,Arthropoda,Insecta,Lepidoptera,Geometridae,Trichopteryx
505411,GCA_951449985.1,Invertebrates,Arthropoda,Insecta,Lepidoptera,Drepanidae,Falcaria
505419,GCA_964503375.1,Invertebrates,Arthropoda,Insecta,Lepidoptera,Geometridae,Lythria
50586,GCA_977018435.1,Invertebrates,Arthropoda,Insecta,Zygentoma,Lepismatidae,Lepisma
505957,GCA_949316085.1,Invertebrates,Arthropoda,Insecta,Lepidoptera,Erebidae,Hypercompe
50603,GCA_963678705.1,Invertebrates,Arthropoda,Insecta,Mecoptera,Panorpidae,Panorpa
508665,GCA_040801935.1,Invertebrates,Arthropoda,Insecta,Diptera,Culicidae,Aedes
509358,GCA_964261735.1,Invertebrates,Arthropoda,Insecta,Lepidoptera,Hesperiidae,Carcharodus
509483,GCA_964258965.1,Invertebrates,Arthropoda,Insecta,Lepidoptera,Hesperiidae,Spialia
51022,GCA_050947105.1,Invertebrates,Nematoda,Chromadorea,Rhabditida,Ancylostomatidae,Ancylostoma
51029,GCA_052402725.1,Invertebrates,Nematoda,Chromadorea,Rhabditida,Heteroderidae,Heterodera
51031,GCF_031761385.1,Invertebrates,Nematoda,Chromadorea,Rhabditida,Ancylostomatidae,Necator
51056,GCA_963693305.1,Invertebrates,Cnidaria,Anthozoa,Scleractinia,Meandrinidae,Meandrina
51062,GCF_958299795.1,Invertebrates,Cnidaria,Anthozoa,Scleractinia,Poritidae,Porites
51062,GCA_958299795.1,Invertebrates,Cnidaria,Anthozoa,Scleractinia,Poritidae,Porites
511033,GCA_976991415.1,Invertebrates,Arthropoda,Insecta,Hemiptera,Aphididae,Aphis
511117,GCA_958301585.1,Invertebrates,Arthropoda,Insecta,Diptera,Syrphidae,Merodon
511121,GCA_963966105.1,Invertebrates,Arthropoda,Insecta,Diptera,Syrphidae,Volucella
511597,GCA_954870665.1,Invertebrates,Arthropoda,Insecta,Diptera,Stratiomyidae,Stratiomys
511882,GCA_034642435.1,Invertebrates,Arthropoda,Insecta,Coleoptera,Coccinellidae,Megalocaria
51522,GCA_041937225.1,Invertebrates,Arthropoda,Insecta,Hymenoptera,Braconidae,Meteorus
51622,GCA_948150685.1,Invertebrates,Arthropoda,Insecta,Hemiptera,Pentatomidae,Rhaphigaster
51650,GCA_916048095.2,Invertebrates,Arthropoda,Thecostraca,,Sacculinidae,Sacculina
516509,GCA_964273525.1,Invertebrates,Arthropoda,Insecta,Hemiptera,Miridae,Harpocera
51655,GCF_932276165.1,Invertebrates,Arthropoda,Insecta,Lepidoptera,Plutellidae,Plutella
51655,GCA_932276165.1,Invertebrates,Arthropoda,Insecta,Lepidoptera,Plutellidae,Plutella
51811,GCA_030710605.1,Invertebrates,Arthropoda,Arachnida,Pseudoscorpiones,Chernetidae,Cordylochernes
519352,GCA_052523225.1,Invertebrates,Platyhelminthes,Cestoda,Cyclophyllidea,Taeniidae,Echinococcus
51938,GCA_020010945.3,Invertebrates,Arthropoda,Insecta,Hymenoptera,Pteromalidae,Muscidifurax
519544,GCA_965151695.1,Invertebrates,Porifera,Demospongiae,Tetractinellida,Geodiidae,Geodia
520884,GCA_905147235.1,Invertebrates,Arthropoda,Insecta,Lepidoptera,Hesperiidae,Erynnis
520905,GCA_963992785.1,Invertebrates,Arthropoda,Insecta,Hymenoptera,Tenthredinidae,Tenthredo
520932,GCA_963978835.1,Invertebrates,Arthropoda,Insecta,Hymenoptera,Tenthredinidae,Tenthredo
520940,GCA_963966615.1,Invertebrates,Arthropoda,Insecta,Hymenoptera,Tenthredinidae,Tenthredo
521057,GCA_049004755.1,Invertebrates,Arthropoda,Insecta,Hymenoptera,Apidae,Xylocopa
521093,GCA_964341465.1,Invertebrates,Porifera,Demospongiae,Tetractinellida,Geodiidae,Geodia
52283,GCA_020844145.1,Invertebrates,Arthropoda,Arachnida,Sarcoptiformes,Sarcoptidae,Sarcoptes
522836,GCA_905220505.1,Invertebrates,Arthropoda,Insecta,Lepidoptera,Sphingidae,Laothoe
522842,GCA_978018465.1,Invertebrates,Arthropoda,Insecta,Lepidoptera,Sphingidae,Marumba
522848,GCA_905332985.1,Invertebrates,Arthropoda,Insecta,Lepidoptera,Sphingidae,Mimas
522887,GCA_949126905.1,Invertebrates,Arthropoda,Insecta,Lepidoptera,Sphingidae,Amorpha
52344,GCA_050947285.1,Invertebrates,Arthropoda,Insecta,Lepidoptera,Noctuidae,Helicoverpa
524428,GCA_976984725.1,Invertebrates,Arthropoda,Insecta,Lepidoptera,Sphingidae,Macroglossum
52734,GCA_958336335.1,Invertebrates,Arthropoda,Insecta,Diptera,Bibionidae,Dilophus
527648,GCA_948098885.1,Invertebrates,Arthropoda,Insecta,Hemiptera,Aphididae,Drepanosiphum
533009,GCA_022606455.1,Invertebrates,Arthropoda,Insecta,Hemiptera,Cercopidae,Callitettix
534389,GCA_029849275.1,Invertebrates,Arthropoda,Insecta,Lepidoptera,Papilionidae,Papilio
534398,GCA_976954495.1,Invertebrates,Arthropoda,Insecta,Lepidoptera,Urodidae,Wockia
535359,GCA_045786645.1,Invertebrates,Arthropoda,Insecta,Hymenoptera,Braconidae,Macrocentrus
53552,GCF_943734655.1,Invertebrates,Arthropoda,Insecta,Diptera,Culicidae,Sabethes
53552,GCA_943734655.2,Invertebrates,Arthropoda,Insecta,Diptera,Culicidae,Sabethes
535715,GCA_964340475.1,Invertebrates,Arthropoda,Insecta,Lepidoptera,Pieridae,Euchloe
535715,GCA_964340465.1,Invertebrates,Arthropoda,Insecta,Lepidoptera,Pieridae,Euchloe
53598,GCA_045269175.1,Invertebrates,Arthropoda,Insecta,Hymenoptera,Trichogrammatidae,Trichogramma
53613,GCA_965112235.1,Invertebrates,Annelida,Polychaeta,Sabellida,Siboglinidae,Lamellibrachia
53616,GCA_963662155.1,Invertebrates,Annelida,Polychaeta,Sabellida,Siboglinidae,Lamellibrachia
53617,GCA_963995525.1,Invertebrates,Annelida,Polychaeta,Sabellida,Siboglinidae,Escarpia
537450,GCA_965282455.1,Invertebrates,Arthropoda,Insecta,Hemiptera,Pentatomidae,Graphosoma
538890,GCA_964257065.1,Invertebrates,Arthropoda,Insecta,Hemiptera,Coccidae,Coccus
54126,GCA_000180635.4,Invertebrates,Nematoda,Chromadorea,Rhabditida,Neodiplogasteridae,Pristionchus
542982,GCA_958496145.1,Invertebrates,Arthropoda,Insecta,Lepidoptera,Noctuidae,Heliothis
542985,GCA_976234845.1,Invertebrates,Arthropoda,Insecta,Lepidoptera,Noctuidae,Heliothis
543639,GCF_013339745.2,Invertebrates,Arthropoda,Arachnida,Ixodida,Ixodidae,Dermacentor
544484,GCA_965112555.1,Invertebrates,Cnidaria,Hydrozoa,Anthoathecata,Milleporidae,Millepora
544493,GCA_965112645.1,Invertebrates,Cnidaria,Hydrozoa,Anthoathecata,Milleporidae,Millepora
544496,GCA_964656905.1,Invertebrates,Cnidaria,Hydrozoa,Anthoathecata,Milleporidae,Millepora
544596,GCA_040543525.2,Invertebrates,Arthropoda,Insecta,Coleoptera,Coccinellidae,Serangium
544954,GCA_963969485.1,Invertebrates,Arthropoda,Insecta,Hymenoptera,Apidae,Nomada
545656,GCA_964213205.1,Invertebrates,Arthropoda,Insecta,Diptera,Culicidae,Culex
547581,GCA_964605045.1,Invertebrates,Arthropoda,Insecta,Lepidoptera,Pieridae,Euchloe
547582,GCA_964265075.1,Invertebrates,Arthropoda,Insecta,Lepidoptera,Pieridae,Euchloe
55006,GCA_975147075.1,Invertebrates,Mollusca,Gastropoda,Neomphalida,Neomphalidae,Cyathermia
55023,GCA_964300365.1,Invertebrates,Mollusca,Gastropoda,Neomphalida,Peltospiridae,Rhynchopelta
55055,GCA_964340655.1,Invertebrates,Arthropoda,Insecta,Lepidoptera,Sphingidae,Agrius
55057,GCA_905163435.1,Invertebrates,Arthropoda,Insecta,Lepidoptera,Noctuidae,Mamestra
552050,GCA_945910005.1,Invertebrates,Arthropoda,Insecta,Plecoptera,Perlodidae,Isoperla
554476,GCA_049862395.1,Invertebrates,Arthropoda,Insecta,Hymenoptera,Braconidae,Asobara
554481,GCA_964258855.1,Invertebrates,Arthropoda,Insecta,Lepidoptera,Nymphalidae,Coenonympha
554486,GCA_964304575.1,Invertebrates,Arthropoda,Insecta,Lepidoptera,Nymphalidae,Coenonympha
55521,GCA_028751875.1,Invertebrates,Mollusca,Gastropoda,Neogastropoda,Muricidae,Rapana
55617,GCA_965119575.1,Invertebrates,Echinodermata,Ophiuroidea,Amphilepidida,Ophiocomidae,Ophiocomina
55651,GCA_963971285.1,Invertebrates,Echinodermata,Asteroidea,Paxillosida,Astropectinidae,Astropecten
55704,GCA_965278365.1,Invertebrates,Mollusca,Polyplacophora,Chitonida,Acanthochitonidae,Acanthochitona
55710,GCA_947846245.1,Invertebrates,Mollusca,Bivalvia,Cardiida,Cardiidae,Cerastoderma
55715,GCA_964200665.2,Invertebrates,Mollusca,Bivalvia,Venerida,Veneridae,Venus
55720,GCA_965641475.1,Invertebrates,Mollusca,Cephalopoda,Myopsida,Loliginidae,Uroteuthis
558720,GCA_976925235.1,Invertebrates,Arthropoda,Insecta,Coleoptera,Coccinellidae,Propylea
559647,GCA_958296145.1,Invertebrates,Arthropoda,Insecta,Diptera,Muscidae,Hydrotaea
559660,GCA_964034835.1,Invertebrates,Arthropoda,Insecta,Diptera,Muscidae,Muscina
559701,GCA_963921195.1,Invertebrates,Arthropoda,Insecta,Diptera,Anthomyiidae,Pegoplata
559703,GCA_965226705.1,Invertebrates,Arthropoda,Insecta,Diptera,Muscidae,Polietes
55974,GCA_020536085.1,Invertebrates,Cnidaria,Anthozoa,Scleractinia,Acroporidae,Acropora
55974,GCA_964291705.1,Invertebrates,Cnidaria,Anthozoa,Scleractinia,Acroporidae,Acropora
55985,GCA_976954485.1,Invertebrates,Arthropoda,Insecta,Coleoptera,Curculionidae,Ips
55985,GCA_976954535.1,Invertebrates,Arthropoda,Insecta,Coleoptera,Curculionidae,Ips
55986,GCA_016097725.2,Invertebrates,Arthropoda,Insecta,Coleoptera,Curculionidae,Ips
561267,GCA_964340515.1,Invertebrates,Arthropoda,Insecta,Diptera,Culicidae,Culex
56141,GCA_036898135.1,Invertebrates,Mollusca,Gastropoda,Littorinimorpha,Pomatiopsidae,Oncomelania
561460,GCA_963680895.1,Invertebrates,Mollusca,Bivalvia,Cardiida,Cardiidae,Fragum
56364,GCA_028554685.1,Invertebrates,Arthropoda,Insecta,Lepidoptera,Noctuidae,Agrotis
56578,GCA_965205195.1,Invertebrates,Arthropoda,Insecta,Lepidoptera,Noctuidae,Tarachidia
566282,GCA_050613385.1,Invertebrates,Echinodermata,Holothuroidea,Aspidochirotida,Holothuriidae,Holothuria
566305,GCA_947095585.1,Invertebrates,Arthropoda,Insecta,Diptera,Pipunculidae,Nephrocerus
568174,GCA_038095595.1,Invertebrates,Arthropoda,Insecta,Lepidoptera,Tortricidae,Grapholita
569040,GCA_932526305.1,Invertebrates,Arthropoda,Insecta,Diptera,Tachinidae,Epicampocera
569046,GCA_916610165.2,Invertebrates,Arthropoda,Insecta,Diptera,Tachinidae,Gymnosoma
569090,GCA_963662145.1,Invertebrates,Arthropoda,Insecta,Diptera,Tachinidae,Sturmia
57078,GCA_944474145.2,Invertebrates,Platyhelminthes,Trematoda,Plagiorchiida,Dicrocoeliidae,Dicrocoelium
572725,GCA_949825045.1,Invertebrates,Arthropoda,Insecta,Lepidoptera,Argyresthiidae,Argyresthia
572747,GCA_963693475.1,Invertebrates,Arthropoda,Insecta,Lepidoptera,Geometridae,Ectropis
572776,GCA_949358125.1,Invertebrates,Arthropoda,Insecta,Lepidoptera,Geometridae,Idaea
572802,GCA_949316455.1,Invertebrates,Arthropoda,Insecta,Lepidoptera,Tortricidae,Acleris
572809,GCA_950108535.1,Invertebrates,Arthropoda,Insecta,Lepidoptera,Crambidae,Agriphila
572820,GCA_976988725.1,Invertebrates,Arthropoda,Insecta,Lepidoptera,Gelechiidae,Bryotropha
572840,GCA_963691745.1,Invertebrates,Arthropoda,Insecta,Lepidoptera,Tortricidae,Ditula
572853,GCA_977014005.1,Invertebrates,Arthropoda,Insecta,Lepidoptera,Tortricidae,Hedya
572857,GCA_947507615.1,Invertebrates,Arthropoda,Insecta,Lepidoptera,Geometridae,Hemithea
572861,GCA_947369225.1,Invertebrates,Arthropoda,Insecta,Lepidoptera,Oecophoridae,Hofmannophila
572874,GCA_963082625.1,Invertebrates,Arthropoda,Insecta,Lepidoptera,Geometridae,Pasiphila
572880,GCA_977066585.1,Invertebrates,Arthropoda,Insecta,Lepidoptera,Praydidae,Prays
572890,GCA_964235345.1,Invertebrates,Arthropoda,Insecta,Lepidoptera,Geometridae,Rheumaptera
572892,GCA_965641425.1,Invertebrates,Arthropoda,Insecta,Lepidoptera,Tortricidae,Rhopobota
572902,GCA_974392545.1,Invertebrates,Arthropoda,Insecta,Lepidoptera,Yponomeutidae,Swammerdamia
572911,GCA_951394065.1,Invertebrates,Arthropoda,Insecta,Lepidoptera,Geometridae,Venusia
575809,GCA_976941425.1,Invertebrates,Arthropoda,Insecta,Coleoptera,Tenebrionidae,Dailognatha
575809,GCA_965183915.1,Invertebrates,Arthropoda,Insecta,Coleoptera,Tenebrionidae,Dailognatha
576317,GCA_920105625.2,Invertebrates,Arthropoda,Insecta,Diptera,Clusiidae,Clusia
57686,GCA_966185125.1,Invertebrates,Arthropoda,Insecta,Lepidoptera,Plutellidae,Acrolepiopsis
577144,GCA_949788335.1,Invertebrates,Arthropoda,Insecta,Coleoptera,Salpingidae,Salpingus
57893,GCA_051014185.1,Invertebrates,Arthropoda,Insecta,Diptera,Muscidae,Muscina
580924,GCA_964264015.1,Invertebrates,Arthropoda,Insecta,Lepidoptera,Lycaenidae,Lycaena
58237,GCA_964417245.1,Invertebrates,Arthropoda,Insecta,Diptera,Culicidae,Anopheles
583388,GCA_052815245.1,Invertebrates,Arthropoda,Insecta,Coleoptera,Cerambycidae,Batocera
584774,GCA_977035745.1,Invertebrates,Mollusca,Bivalvia,Venerida,Veneridae,Dosinia
585988,GCA_973350105.1,Invertebrates,Arthropoda,Insecta,Coleoptera,Carabidae,Amara
586919,GCA_051820275.1,Invertebrates,Arthropoda,Insecta,Hymenoptera,Apidae,Nomada
586954,GCA_965204585.1,Invertebrates,Arthropoda,Insecta,Hymenoptera,Andrenidae,Andrena
58733,GCF_034640455.1,Invertebrates,Arthropoda,Insecta,Hymenoptera,Braconidae,Diachasmimorpha
58733,GCA_034640455.1,Invertebrates,Arthropoda,Insecta,Hymenoptera,Braconidae,Diachasmimorpha
58767,GCA_048544385.1,Invertebrates,Arthropoda,Arachnida,Uropygi,Thelyphonidae,Mastigoproctus
58824,GCA_027563975.2,Invertebrates,Arthropoda,Insecta,Lepidoptera,Pyralidae,Plodia
58824,GCF_027563975.2,Invertebrates,Arthropoda,Insecta,Lepidoptera,Pyralidae,Plodia
590165,GCA_052575835.1,Invertebrates,Arthropoda,Insecta,Diptera,Culicidae,Aedes
591445,GCA_964249645.1,Invertebrates,Nematoda,Chromadorea,Rhabditida,Panagrolaimidae,Panagrolaimus
591449,GCA_964245515.1,Invertebrates,Nematoda,Chromadorea,Rhabditida,Panagrolaimidae,Panagrolaimus
591990,GCF_036669935.1,Invertebrates,Cnidaria,Anthozoa,Scleractinia,Acroporidae,Montipora
593584,GCA_964212625.1,Invertebrates,Porifera,Demospongiae,Dictyoceratida,Thorectidae,Phyllospongia
594017,GCA_951509765.1,Invertebrates,Arthropoda,Insecta,Diptera,Tephritidae,Sphenella
594022,GCA_965654245.1,Invertebrates,Arthropoda,Insecta,Diptera,Tephritidae,Tephritis
596313,GCA_964019165.1,Invertebrates,Cnidaria,Scyphozoa,Rhizostomeae,Mastigiidae,Mastigias
596532,GCA_964264805.1,Invertebrates,Arthropoda,Insecta,Lepidoptera,Nymphalidae,Boloria
596533,GCA_964273495.1,Invertebrates,Arthropoda,Insecta,Lepidoptera,Nymphalidae,Boloria
596534,GCA_964273715.1,Invertebrates,Arthropoda,Insecta,Lepidoptera,Nymphalidae,Boloria
596536,GCA_964270595.1,Invertebrates,Arthropoda,Insecta,Lepidoptera,Nymphalidae,Boloria
596544,GCA_964275215.1,Invertebrates,Arthropoda,Insecta,Lepidoptera,Pieridae,Colias
596548,GCA_965195375.1,Invertebrates,Arthropoda,Insecta,Lepidoptera,Lycaenidae,Cupido
596724,GCA_964277285.1,Invertebrates,Arthropoda,Insecta,Lepidoptera,Lycaenidae,Cupido
596771,GCA_964273475.1,Invertebrates,Arthropoda,Insecta,Lepidoptera,Lycaenidae,Agriades
596942,GCA_927399465.1,Invertebrates,Arthropoda,Insecta,Diptera,Sarcophagidae,Sarcophaga
597850,GCA_977011885.1,Invertebrates,Arthropoda,Insecta,Hymenoptera,Apidae,Anthophora
598736,GCA_964656315.1,Invertebrates,Arthropoda,Insecta,Lepidoptera,Nymphalidae,Erebia
598737,GCA_965113275.1,Invertebrates,Arthropoda,Insecta,Lepidoptera,Nymphalidae,Erebia
59916,GCA_016617805.2,Invertebrates,Arthropoda,Insecta,Diptera,Tephritidae,Bactrocera
59916,GCF_016617805.1,Invertebrates,Arthropoda,Insecta,Diptera,Tephritidae,Bactrocera
601510,GCA_907165295.1,Invertebrates,Arthropoda,Insecta,Hymenoptera,Apidae,Nomada
601518,GCA_963583965.1,Invertebrates,Arthropoda,Insecta,Hymenoptera,Apidae,Nomada
601523,GCA_951802745.1,Invertebrates,Arthropoda,Insecta,Hymenoptera,Apidae,Nomada
60158,GCA_965125955.1,Invertebrates,Arthropoda,Chilopoda,Lithobiomorpha,Lithobiidae,Lithobius
601583,GCA_951802735.1,Invertebrates,Arthropoda,Insecta,Hymenoptera,Apidae,Nomada
601640,GCA_963667235.1,Invertebrates,Arthropoda,Insecta,Hymenoptera,Apidae,Nomada
601768,GCA_951802685.1,Invertebrates,Arthropoda,Insecta,Hymenoptera,Apidae,Nomada
601849,GCA_951802695.1,Invertebrates,Arthropoda,Insecta,Hymenoptera,Apidae,Nomada
602163,GCA_048181725.1,Invertebrates,Arthropoda,Insecta,Hymenoptera,Formicidae,Acromyrmex
60249,GCF_038994185.2,Invertebrates,Arthropoda,Arachnida,Ixodida,Ixodidae,Dermacentor
60493,GCA_054135085.1,Invertebrates,Arthropoda,Insecta,Hymenoptera,Pteromalidae,Muscidifurax
6052,GCA_049114765.1,Invertebrates,Porifera,Demospongiae,Spongillida,Spongillidae,Ephydatia
6052,GCA_964261645.1,Invertebrates,Porifera,Demospongiae,Spongillida,Spongillidae,Ephydatia
6055,GCA_949361645.1,Invertebrates,Porifera,Demospongiae,Spongillida,Spongillidae,Spongilla
6082,GCA_964215635.1,Invertebrates,Cnidaria,Hydrozoa,Anthoathecata,Hydridae,Hydra
608205,GCA_964017065.1,Invertebrates,Porifera,Demospongiae,Haplosclerida,Chalinidae,Haliclona
608661,GCA_977070995.1,Invertebrates,Arthropoda,Insecta,Diptera,Mycetophilidae,Boletina
6087,GCA_022113875.1,Invertebrates,Cnidaria,Hydrozoa,Anthoathecata,Hydridae,Hydra
60953,GCA_964276725.1,Invertebrates,Annelida,Clitellata,Rhynchobdellida,Glossiphoniidae,Placobdella
60958,GCA_943735955.1,Invertebrates,Annelida,Clitellata,Hirudinida,Piscicolidae,Piscicola
6108,GCA_965177965.1,Invertebrates,Cnidaria,Anthozoa,Actiniaria,Actiniidae,Anemonia
6112,GCA_964019055.1,Invertebrates,Cnidaria,Anthozoa,Actiniaria,Actiniidae,Anthopleura
6114,GCA_964340385.1,Invertebrates,Cnidaria,Anthozoa,Actiniaria,Hormathiidae,Calliactis
6116,GCA_949775045.1,Invertebrates,Cnidaria,Anthozoa,Actiniaria,Metridiidae,Metridium
611654,GCA_033063855.1,Invertebrates,Arthropoda,Insecta,Diptera,Chironomidae,Smittia
611778,GCA_964017155.1,Invertebrates,Annelida,Polychaeta,Sabellida,Siboglinidae,Oasisia
612071,GCA_973577575.1,Invertebrates,Arthropoda,Insecta,Hymenoptera,Formicidae,Messor
6130,GCA_041430625.1,Invertebrates,Cnidaria,Anthozoa,Scleractinia,Acroporidae,Acropora
6130,GCA_964034985.1,Invertebrates,Cnidaria,Anthozoa,Scleractinia,Acroporidae,Acropora
6131,GCF_964030605.1,Invertebrates,Cnidaria,Anthozoa,Scleractinia,Acroporidae,Acropora
6131,GCA_964030605.3,Invertebrates,Cnidaria,Anthozoa,Scleractinia,Acroporidae,Acropora
613196,GCA_936439885.1,Invertebrates,Arthropoda,Insecta,Diptera,Tachinidae,Nowickia
613905,GCA_024268025.1,Invertebrates,Arthropoda,Insecta,Hymenoptera,Formicidae,Nylanderia
614101,GCA_029891345.1,Invertebrates,Arthropoda,Insecta,Phasmatodea,Phasmatidae,Dryococelus
61476,GCA_050494535.1,Invertebrates,Arthropoda,Insecta,Phasmatodea,Timematidae,Timema
61478,GCA_040436065.2,Invertebrates,Arthropoda,Insecta,Phasmatodea,Timematidae,Timema
61751,GCA_963457665.1,Invertebrates,Mollusca,Cephalopoda,Oegopsida,Thysanoteuthidae,Thysanoteuthis
6182,GCA_025215515.1,Invertebrates,Platyhelminthes,Trematoda,Strigeidida,Schistosomatidae,Schistosoma
618294,GCA_049462965.1,Invertebrates,Arthropoda,Insecta,Coleoptera,Lucanidae,Odontolabis
6183,GCF_000237925.1,Invertebrates,Platyhelminthes,Trematoda,Strigeidida,Schistosomatidae,Schistosoma
6184,GCA_944470425.2,Invertebrates,Platyhelminthes,Trematoda,Strigeidida,Schistosomatidae,Schistosoma
618466,GCA_036172665.1,Invertebrates,Arthropoda,Insecta,Coleoptera,Lucanidae,Prosopocoilus
6185,GCF_000699445.3,Invertebrates,Platyhelminthes,Trematoda,Strigeidida,Schistosomatidae,Schistosoma
6185,GCA_944470455.2,Invertebrates,Platyhelminthes,Trematoda,Strigeidida,Schistosomatidae,Schistosoma
6186,GCA_944474815.3,Invertebrates,Platyhelminthes,Trematoda,Strigeidida,Schistosomatidae,Schistosoma
618631,GCA_039766575.1,Invertebrates,Arthropoda,Insecta,Coleoptera,Lucanidae,Serrognathus
6187,GCA_944470385.2,Invertebrates,Platyhelminthes,Trematoda,Strigeidida,Schistosomatidae,Schistosoma
6187,GCA_944470365.2,Invertebrates,Platyhelminthes,Trematoda,Strigeidida,Schistosomatidae,Schistosoma
618762,GCA_033060865.1,Invertebrates,Arthropoda,Insecta,Coleoptera,Lucanidae,Dorcus
6188,GCA_944470415.2,Invertebrates,Platyhelminthes,Trematoda,Strigeidida,Schistosomatidae,Schistosoma
6189,GCA_946903255.1,Invertebrates,Platyhelminthes,Trematoda,Strigeidida,Schistosomatidae,Schistosoma
6198,GCA_964213165.1,Invertebrates,Platyhelminthes,Trematoda,Opisthorchiida,Opisthorchiidae,Opisthorchis
61981,GCA_965125795.1,Invertebrates,Arthropoda,Diplopoda,Julida,Julidae,Cylindroiulus
6210,GCA_021556725.1,Invertebrates,Platyhelminthes,Cestoda,Cyclophyllidea,Taeniidae,Echinococcus
6211,GCA_052522705.1,Invertebrates,Platyhelminthes,Cestoda,Cyclophyllidea,Taeniidae,Echinococcus
62148,GCA_964187665.1,Invertebrates,Arthropoda,Arachnida,Solifugae,Daesiidae,Gluvia
62324,GCA_964033645.1,Invertebrates,Arthropoda,Insecta,Diptera,Culicidae,Anopheles
62324,GCF_943734845.2,Invertebrates,Arthropoda,Insecta,Diptera,Culicidae,Anopheles
62325,GCA_016170025.1,Invertebrates,Arthropoda,Insecta,Diptera,Culicidae,Anopheles
6238,GCA_021491975.1,Invertebrates,Nematoda,Chromadorea,Rhabditida,Rhabditidae,Caenorhabditis
6239,GCA_028201515.1,Invertebrates,Nematoda,Chromadorea,Rhabditida,Rhabditidae,Caenorhabditis
6239,GCA_000975215.1,Invertebrates,Nematoda,Chromadorea,Rhabditida,Rhabditidae,Caenorhabditis
624169,GCA_965178115.1,Invertebrates,Arthropoda,Insecta,Lepidoptera,Lasiocampidae,Euthrix
6248,GCA_029582065.1,Invertebrates,Nematoda,Chromadorea,Rhabditida,Strongyloididae,Strongyloides
6253,GCA_013433145.1,Invertebrates,Nematoda,Chromadorea,Rhabditida,Ascarididae,Ascaris
6257,GCA_037576465.1,Invertebrates,Nematoda,Chromadorea,Rhabditida,Ascarididae,Parascaris
6277,GCA_046563165.1,Invertebrates,Nematoda,Chromadorea,Rhabditida,Onchocercidae,Acanthocheilonema
627735,GCA_030765065.1,Invertebrates,Arthropoda,Insecta,Mantodea,Mantidae,Deroplatys
6280,GCA_012070555.1,Invertebrates,Nematoda,Chromadorea,Rhabditida,Onchocercidae,Brugia
6287,GCA_053925115.1,Invertebrates,Nematoda,Chromadorea,Rhabditida,Onchocercidae,Dirofilaria
6289,GCA_000469685.2,Invertebrates,Nematoda,Chromadorea,Rhabditida,Trichostrongylidae,Haemonchus
6305,GCA_051171035.1,Invertebrates,Nematoda,Chromadorea,Rhabditida,Meloidogynidae,Meloidogyne
631317,GCA_956483585.1,Invertebrates,Arthropoda,Insecta,Diptera,Tachinidae,Gymnocheta
631328,GCA_905220375.1,Invertebrates,Arthropoda,Insecta,Diptera,Tachinidae,Tachina
631329,GCA_944452675.1,Invertebrates,Arthropoda,Insecta,Diptera,Tachinidae,Tachina
6317,GCA_964213955.1,Invertebrates,Nematoda,Chromadorea,Rhabditida,Trichostrongylidae,Ostertagia
6319,GCA_963978905.1,Invertebrates,Nematoda,Chromadorea,Rhabditida,Trichostrongylidae,Trichostrongylus
63234,GCA_966212565.1,Invertebrates,Nematoda,Chromadorea,Rhabditida,Strongylidae,Oesophagostomum
6325,GCA_025436335.1,Invertebrates,Nematoda,Chromadorea,Rhabditida,Aphelenchoididae,Bursaphelenchus
6334,GCA_000181795.3,Invertebrates,Nematoda,Enoplea,Trichinellida,Trichinellidae,Trichinella
63433,GCA_032872485.1,Invertebrates,Arthropoda,Insecta,Hymenoptera,Figitidae,Leptopilina
63436,GCA_032872495.1,Invertebrates,Arthropoda,Insecta,Hymenoptera,Figitidae,Leptopilina
6344,GCA_964019135.1,Invertebrates,Annelida,Polychaeta,,Arenicolidae,Arenicola
638464,GCA_963169105.1,Invertebrates,Arthropoda,Insecta,Odonata,Coenagrionidae,Ceriagrion
63975,GCA_964265105.1,Invertebrates,Arthropoda,Insecta,Lepidoptera,Saturniidae,Actias
6398,GCA_949752735.1,Invertebrates,Annelida,Clitellata,Crassiclitellata,Lumbricidae,Lumbricus
63990,GCA_048571015.1,Invertebrates,Arthropoda,Insecta,Lepidoptera,Saturniidae,Samia
642074,GCA_040954505.1,Invertebrates,Arthropoda,Insecta,Hemiptera,Nepidae,Ranatra
6432,GCA_034190875.2,Invertebrates,Annelida,Polychaeta,Xenopneusta,Urechidae,Urechis
64391,GCA_040182625.1,Invertebrates,Arthropoda,Insecta,Coleoptera,Chrysomelidae,Callosobruchus
644536,GCA_023690525.1,Invertebrates,Arthropoda,Insecta,Coleoptera,Scarabaeidae,Holotrichia
64459,GCF_905147795.1,Invertebrates,Arthropoda,Insecta,Lepidoptera,Pieridae,Pieris
6446,GCA_026874595.2,Invertebrates,Annelida,Sipuncula,Golfingiida,Sipunculidae,Sipunculus
644661,GCA_905220455.2,Invertebrates,Arthropoda,Insecta,Lepidoptera,Sphingidae,Deilephila
644662,GCA_033459515.1,Invertebrates,Arthropoda,Insecta,Lepidoptera,Sphingidae,Theretra
64606,GCA_053814205.1,Invertebrates,Platyhelminthes,Cestoda,Diphyllobothriidea,Diphyllobothriidae,Sparganum
6465,GCF_932274485.2,Invertebrates,Mollusca,Gastropoda,,Patellidae,Patella
6465,GCA_932274485.2,Invertebrates,Mollusca,Gastropoda,,Patellidae,Patella
64696,GCA_038502775.1,Invertebrates,Arthropoda,Insecta,Coleoptera,Coccinellidae,Hippodamia
64783,GCA_048933045.1,Invertebrates,Arthropoda,Insecta,Hymenoptera,Formicidae,Acromyrmex
6494,GCA_049309315.1,Invertebrates,Mollusca,Gastropoda,Neogastropoda,Conidae,Conus
65032,GCA_964304675.1,Invertebrates,Arthropoda,Insecta,Lepidoptera,Tortricidae,Epiphyas
651044,GCA_965612315.1,Invertebrates,Arthropoda,Insecta,Lepidoptera,Nymphalidae,Mechanitis
651044,GCA_965612265.1,Invertebrates,Arthropoda,Insecta,Lepidoptera,Nymphalidae,Mechanitis
651059,GCA_965234935.1,Invertebrates,Arthropoda,Insecta,Lepidoptera,Nymphalidae,Mechanitis
65146,GCA_963932345.1,Invertebrates,Arthropoda,Insecta,Hymenoptera,Ichneumonidae,Ophion
65147,GCA_964007375.1,Invertebrates,Arthropoda,Insecta,Hymenoptera,Ichneumonidae,Ophion
6526,GCF_947242115.1,Invertebrates,Mollusca,Gastropoda,,Planorbidae,Biomphalaria
6526,GCA_947242115.1,Invertebrates,Mollusca,Gastropoda,,Planorbidae,Biomphalaria
65311,GCA_963662125.1,Invertebrates,Arthropoda,Insecta,Hymenoptera,Ichneumonidae,Diplazon
65333,GCA_963970395.1,Invertebrates,Arthropoda,Insecta,Hymenoptera,Ichneumonidae,Ephialtes
6535,GCA_964187895.1,Invertebrates,Mollusca,Gastropoda,Stylommatophora,Helicidae,Cornu
653684,GCA_914767635.1,Invertebrates,Arthropoda,Insecta,Diptera,Syrphidae,Melanostoma
65466,GCA_965655125.1,Invertebrates,Arthropoda,Insecta,Diptera,Calliphoridae,Lucilia
6551,GCA_036588685.1,Invertebrates,Mollusca,Bivalvia,Mytilida,Mytilidae,Mytilus
6551,GCF_036588685.1,Invertebrates,Mollusca,Bivalvia,Mytilida,Mytilidae,Mytilus
655806,GCA_963989295.1,Invertebrates,Arthropoda,Insecta,Hymenoptera,Tenthredinidae,Ametastegia
65598,GCF_905332965.1,Invertebrates,Arthropoda,Insecta,Hymenoptera,Apidae,Bombus
65598,GCA_905332965.1,Invertebrates,Arthropoda,Insecta,Hymenoptera,Apidae,Bombus
6565,GCF_053477285.1,Invertebrates,Mollusca,Bivalvia,Ostreida,Ostreidae,Crassostrea
6565,GCF_002022765.2,Invertebrates,Mollusca,Bivalvia,Ostreida,Ostreidae,Crassostrea
6579,GCF_902652985.1,Invertebrates,Mollusca,Bivalvia,Pectinida,Pectinidae,Pecten
658804,GCA_965212305.1,Invertebrates,Arthropoda,Insecta,Lepidoptera,Nymphalidae,Charaxes
6596,GCA_014805675.2,Invertebrates,Mollusca,Bivalvia,Venerida,Veneridae,Mercenaria
6596,GCF_021730395.1,Invertebrates,Mollusca,Bivalvia,Venerida,Veneridae,Mercenaria
65965,GCA_047116095.1,Invertebrates,Arthropoda,Insecta,Diptera,Drosophilidae,Drosophila
6604,GCA_026914265.1,Invertebrates,Mollusca,Bivalvia,Myida,Myidae,Mya
6604,GCF_026914265.1,Invertebrates,Mollusca,Bivalvia,Myida,Myidae,Mya
6610,GCA_964300435.1,Invertebrates,Mollusca,Cephalopoda,Sepiida,Sepiidae,Sepia
6613,GCA_053919585.1,Invertebrates,Mollusca,Cephalopoda,Sepiida,Sepiolidae,Euprymna
662004,GCA_965641995.1,Invertebrates,Cnidaria,Hydrozoa,Leptothecata,Sertulariidae,Sertularella
662491,GCA_965283325.1,Invertebrates,Arthropoda,Insecta,Hymenoptera,Ichneumonidae,Promethes
662494,GCA_963971145.1,Invertebrates,Arthropoda,Insecta,Hymenoptera,Ichneumonidae,Sussaba
662956,GCA_910593695.2,Invertebrates,Arthropoda,Insecta,Coleoptera,Staphylinidae,Ocypus
66361,GCA_052576165.1,Invertebrates,Arthropoda,Insecta,Diptera,Calliphoridae,Cochliomyia
66361,GCA_052576185.1,Invertebrates,Arthropoda,Insecta,Diptera,Calliphoridae,Cochliomyia
66420,GCA_036365505.1,Invertebrates,Arthropoda,Insecta,Lepidoptera,Papilionidae,Papilio
6661,GCA_032884065.1,Invertebrates,Arthropoda,Branchiopoda,Anostraca,Artemiidae,Artemia
6661,GCF_032884065.1,Invertebrates,Arthropoda,Branchiopoda,Anostraca,Artemiidae,Artemia
6669,GCA_021134715.1,Invertebrates,Arthropoda,Branchiopoda,Diplostraca,Daphniidae,Daphnia
6669,GCF_021134715.1,Invertebrates,Arthropoda,Branchiopoda,Diplostraca,Daphniidae,Daphnia
667449,GCA_029852875.1,Invertebrates,Arthropoda,Insecta,Lepidoptera,Noctuidae,Mythimna
66828,GCA_977066705.1,Invertebrates,Mollusca,Bivalvia,Pterioida,Isognomonidae,Isognomon
6687,GCF_015228065.2,Invertebrates,Arthropoda,Malacostraca,Decapoda,Penaeidae,Penaeus
6689,GCA_037577135.2,Invertebrates,Arthropoda,Malacostraca,Decapoda,Penaeidae,Penaeus
6689,GCF_042767895.1,Invertebrates,Arthropoda,Malacostraca,Decapoda,Penaeidae,Penaeus
670468,GCA_038380765.1,Invertebrates,Arthropoda,Insecta,Thysanoptera,Thripidae,Odontothrips
670595,GCA_943735925.1,Invertebrates,Arthropoda,Insecta,Diptera,Polleniidae,Pollenia
670618,GCA_963932375.1,Invertebrates,Arthropoda,Insecta,Diptera,Tachinidae,Phania
6728,GCA_020424385.2,Invertebrates,Arthropoda,Malacostraca,Decapoda,Cambaridae,Procambarus
6728,GCF_040958095.1,Invertebrates,Arthropoda,Malacostraca,Decapoda,Cambaridae,Procambarus
67533,GCA_047115885.1,Invertebrates,Arthropoda,Insecta,Diptera,Drosophilidae,Drosophila
67534,GCA_014170255.2,Invertebrates,Arthropoda,Insecta,Diptera,Drosophilidae,Drosophila
67763,GCA_048181785.1,Invertebrates,Arthropoda,Insecta,Hymenoptera,Formicidae,Lasius
67763,GCA_965645265.1,Invertebrates,Arthropoda,Insecta,Hymenoptera,Formicidae,Lasius
67767,GCA_041902855.1,Invertebrates,Arthropoda,Insecta,Hymenoptera,Formicidae,Lasius
679095,GCA_964186415.1,Invertebrates,Arthropoda,Insecta,Lepidoptera,Nymphalidae,Melanargia
680683,GCA_032362555.1,Invertebrates,Arthropoda,Insecta,Lepidoptera,Pyralidae,Amyelois
680683,GCF_032362555.1,Invertebrates,Arthropoda,Insecta,Lepidoptera,Pyralidae,Amyelois
683971,GCA_965234195.1,Invertebrates,Arthropoda,Insecta,Lepidoptera,Tischeriidae,Tischeria
684658,GCA_014905175.1,Invertebrates,Arthropoda,Insecta,Hymenoptera,Braconidae,Aphidius
684658,GCF_014905175.1,Invertebrates,Arthropoda,Insecta,Hymenoptera,Braconidae,Aphidius
6848,GCA_011833715.1,Invertebrates,Arthropoda,Merostomata,Xiphosura,Limulidae,Carcinoscorpius
6850,GCA_047678235.1,Invertebrates,Arthropoda,Merostomata,Xiphosura,Limulidae,Limulus
6853,GCA_004210375.1,Invertebrates,Arthropoda,Merostomata,Xiphosura,Limulidae,Tachypleus
6853,GCF_004210375.1,Invertebrates,Arthropoda,Merostomata,Xiphosura,Limulidae,Tachypleus
685373,GCA_964197775.1,Invertebrates,Arthropoda,Insecta,Lepidoptera,Geometridae,Macaria
685396,GCA_976986395.1,Invertebrates,Arthropoda,Insecta,Lepidoptera,Geometridae,Xanthorhoe
685404,GCA_964340635.1,Invertebrates,Arthropoda,Insecta,Lepidoptera,Geometridae,Carsia
685416,GCA_976987505.1,Invertebrates,Arthropoda,Insecta,Lepidoptera,Noctuidae,Sympistis
68564,GCA_947044365.1,Invertebrates,Porifera,Demospongiae,Haplosclerida,Petrosiidae,Petrosia
68574,GCA_947172415.1,Invertebrates,Porifera,Demospongiae,Chondrillida,Chondrillidae,Chondrosia
686820,GCA_014825825.1,Invertebrates,Arthropoda,Insecta,Hymenoptera,Apidae,Bombus
687026,GCA_958295455.1,Invertebrates,Arthropoda,Insecta,Lepidoptera,Coleophoridae,Coleophora
687034,GCA_966183675.1,Invertebrates,Arthropoda,Insecta,Lepidoptera,Tortricidae,Epinotia
687059,GCA_976929525.1,Invertebrates,Arthropoda,Insecta,Lepidoptera,Psychidae,Psyche
687094,GCA_964291005.1,Invertebrates,Arthropoda,Insecta,Lepidoptera,Pterophoridae,Gillmeria
687102,GCA_965195335.1,Invertebrates,Arthropoda,Insecta,Lepidoptera,Cosmopterigidae,Limnaecia
687122,GCA_947507595.1,Invertebrates,Arthropoda,Insecta,Lepidoptera,Pyralidae,Pyralis
687129,GCA_976919265.1,Invertebrates,Arthropoda,Insecta,Lepidoptera,Schreckensteiniidae,Schreckensteinia
687148,GCA_977015205.1,Invertebrates,Arthropoda,Insecta,Lepidoptera,Ypsolophidae,Ypsolopha
687150,GCA_965234215.1,Invertebrates,Arthropoda,Insecta,Lepidoptera,Pyralidae,Zophodia
687150,GCA_965234155.1,Invertebrates,Arthropoda,Insecta,Lepidoptera,Pyralidae,Zophodia
687316,GCA_951230895.1,Invertebrates,Arthropoda,Insecta,Lepidoptera,Gelechiidae,Carpatolechia
687318,GCA_976225385.1,Invertebrates,Arthropoda,Insecta,Lepidoptera,Gelechiidae,Carpatolechia
688368,GCA_977020105.1,Invertebrates,Arthropoda,Insecta,Lepidoptera,Choreutidae,Choreutis
688398,GCA_965363045.1,Invertebrates,Arthropoda,Insecta,Lepidoptera,Pyralidae,Aphomia
688406,GCA_965637095.1,Invertebrates,Arthropoda,Insecta,Lepidoptera,Noctuidae,Graphiphora
688415,GCA_948253155.1,Invertebrates,Arthropoda,Insecta,Lepidoptera,Erebidae,Leucoma
688445,GCA_927399415.1,Invertebrates,Arthropoda,Insecta,Lepidoptera,Geometridae,Macaria
688490,GCA_963890685.1,Invertebrates,Arthropoda,Insecta,Lepidoptera,Geometridae,Plagodis
688592,GCA_976985715.1,Invertebrates,Arthropoda,Insecta,Lepidoptera,Crambidae,Evergestis
68878,GCA_943734635.1,Invertebrates,Arthropoda,Insecta,Diptera,Culicidae,Anopheles
68878,GCF_943734635.1,Invertebrates,Arthropoda,Insecta,Diptera,Culicidae,Anopheles
689058,GCA_905220435.1,Invertebrates,Arthropoda,Insecta,Lepidoptera,Noctuidae,Amphipyra
689061,GCA_945859715.1,Invertebrates,Arthropoda,Insecta,Lepidoptera,Noctuidae,Apamea
689062,GCA_977072205.1,Invertebrates,Arthropoda,Insecta,Lepidoptera,Noctuidae,Apamea
689108,GCA_964194115.1,Invertebrates,Arthropoda,Insecta,Lepidoptera,Geometridae,Thera
689475,GCA_964258695.1,Invertebrates,Arthropoda,Insecta,Lepidoptera,Lycaenidae,Albulina
689501,GCA_964271005.2,Invertebrates,Arthropoda,Insecta,Lepidoptera,Lycaenidae,Aricia
689501,GCA_964270965.2,Invertebrates,Arthropoda,Insecta,Lepidoptera,Lycaenidae,Aricia
691564,GCA_976917495.1,Invertebrates,Arthropoda,Insecta,Lepidoptera,Coleophoridae,Coleophora
691601,GCA_964273775.1,Invertebrates,Arthropoda,Insecta,Lepidoptera,Geometridae,Rheumaptera
691888,GCA_964277075.1,Invertebrates,Echinodermata,Ophiuroidea,Euryalida,Gorgonocephalidae,Astrospartus
69196,GCA_042479345.1,Invertebrates,Arthropoda,Insecta,Hemiptera,Aphididae,Brevicoryne
691988,GCA_947458855.1,Invertebrates,Arthropoda,Insecta,Lepidoptera,Tineidae,Monopis
692089,GCA_929108145.2,Invertebrates,Arthropoda,Insecta,Trichoptera,Limnephilidae,Limnephilus
69319,GCF_026212275.2,Invertebrates,Arthropoda,Insecta,Hymenoptera,Braconidae,Microplitis
6941,GCF_043290135.1,Invertebrates,Arthropoda,Arachnida,Ixodida,Ixodidae,Rhipicephalus
6941,GCF_013339725.1,Invertebrates,Arthropoda,Arachnida,Ixodida,Ixodidae,Rhipicephalus
69427,GCA_964271275.2,Invertebrates,Mollusca,Gastropoda,Stylommatophora,Clausiliidae,Albinaria
6943,GCA_052857255.1,Invertebrates,Arthropoda,Arachnida,Ixodida,Ixodidae,Amblyomma
6943,GCF_052857255.1,Invertebrates,Arthropoda,Arachnida,Ixodida,Ixodidae,Amblyomma
6945,GCA_031841145.2,Invertebrates,Arthropoda,Arachnida,Ixodida,Ixodidae,Ixodes
6954,GCA_024713945.1,Invertebrates,Arthropoda,Arachnida,Sarcoptiformes,Pyroglyphidae,Dermatophagoides
6954,GCF_024713945.1,Invertebrates,Arthropoda,Arachnida,Sarcoptiformes,Pyroglyphidae,Dermatophagoides
6969,GCA_947579665.1,Invertebrates,Arthropoda,Insecta,Odonata,Libellulidae,Sympetrum
696902,GCA_052550355.1,Invertebrates,Arthropoda,Insecta,Hemiptera,Pentatomidae,Eocanthecona
6978,GCF_040183065.1,Invertebrates,Arthropoda,Insecta,Blattodea,Blattidae,Periplaneta
6978,GCA_040183065.1,Invertebrates,Arthropoda,Insecta,Blattodea,Blattidae,Periplaneta
69820,GCA_002706865.3,Invertebrates,Arthropoda,Insecta,Lepidoptera,Noctuidae,Spodoptera
69820,GCF_002706865.2,Invertebrates,Arthropoda,Insecta,Lepidoptera,Noctuidae,Spodoptera
698783,GCA_977013855.1,Invertebrates,Porifera,Demospongiae,Poecilosclerida,Mycalidae,Mycale
699847,GCA_964276685.1,Invertebrates,Arthropoda,Insecta,Trichoptera,Leptoceridae,Triaenodes
699848,GCA_963576905.1,Invertebrates,Arthropoda,Insecta,Trichoptera,Leptoceridae,Mystacides
6999,GCA_054131365.1,Invertebrates,Arthropoda,Insecta,Orthoptera,Gryllidae,Gryllus
6999,GCA_965638035.1,Invertebrates,Arthropoda,Insecta,Orthoptera,Gryllidae,Gryllus
700104,GCA_965226455.1,Invertebrates,Arthropoda,Insecta,Lepidoptera,Tineidae,Monopis
700180,GCA_965178315.1,Invertebrates,Arthropoda,Insecta,Lepidoptera,Lycaenidae,Callophrys
700380,GCA_977014565.1,Invertebrates,Arthropoda,Insecta,Coleoptera,Tenebrionidae,Gonodera
7004,GCA_026315105.1,Invertebrates,Arthropoda,Insecta,Orthoptera,Acrididae,Locusta
7009,GCF_021461395.2,Invertebrates,Arthropoda,Insecta,Orthoptera,Acrididae,Schistocerca
7010,GCF_023897955.1,Invertebrates,Arthropoda,Insecta,Orthoptera,Acrididae,Schistocerca
7011,GCF_023898315.1,Invertebrates,Arthropoda,Insecta,Orthoptera,Acrididae,Schistocerca
70192,GCA_964339045.1,Invertebrates,Mollusca,Cephalopoda,Sepiida,Sepiolidae,Sepiola
70193,GCA_963556195.1,Invertebrates,Mollusca,Cephalopoda,Sepiida,Sepiolidae,Sepiola
702717,GCA_029230345.1,Invertebrates,Arthropoda,Insecta,Lepidoptera,Gelechiidae,Tuta
7029,GCA_005508785.2,Invertebrates,Arthropoda,Insecta,Hemiptera,Aphididae,Acyrthosiphon
7029,GCF_005508785.2,Invertebrates,Arthropoda,Insecta,Hemiptera,Aphididae,Acyrthosiphon
703264,GCA_046424425.1,Invertebrates,Arthropoda,Insecta,Coleoptera,Coccinellidae,Hippodamia
703265,GCA_958510865.1,Invertebrates,Arthropoda,Insecta,Coleoptera,Coccinellidae,Myrrha
70327,GCA_018908115.1,Invertebrates,Arthropoda,Insecta,Diptera,Culicidae,Anopheles
703304,GCA_936450465.1,Invertebrates,Mollusca,Gastropoda,Trochida,Trochidae,Gibbula
703305,GCA_972017475.1,Invertebrates,Mollusca,Gastropoda,Trochida,Trochidae,Steromphala
7038,GCA_918797505.1,Invertebrates,Arthropoda,Insecta,Hemiptera,Aleyrodidae,Bemisia
7038,GCF_918797505.1,Invertebrates,Arthropoda,Insecta,Hemiptera,Aleyrodidae,Bemisia
7047,GCA_047936755.1,Invertebrates,Arthropoda,Insecta,Coleoptera,Curculionidae,Sitophilus
7061,GCA_935421215.2,Invertebrates,Arthropoda,Insecta,Coleoptera,Scarabaeidae,Melolontha
706586,GCA_039955075.1,Invertebrates,Arthropoda,Insecta,Hemiptera,Delphacidae,Nilaparvata
706606,GCA_040113165.1,Invertebrates,Arthropoda,Insecta,Mecoptera,Panorpidae,Panorpa
706635,GCA_948150665.1,Invertebrates,Arthropoda,Insecta,Lepidoptera,Noctuidae,Conistra
7067,GCF_963966145.1,Invertebrates,Arthropoda,Insecta,Coleoptera,Tenebrionidae,Tenebrio
7067,GCA_963966145.1,Invertebrates,Arthropoda,Insecta,Coleoptera,Tenebrionidae,Tenebrio
7070,GCF_031307605.1,Invertebrates,Arthropoda,Insecta,Coleoptera,Tenebrionidae,Tribolium
7071,GCA_019155225.1,Invertebrates,Arthropoda,Insecta,Coleoptera,Tenebrionidae,Tribolium
7072,GCA_939628115.1,Invertebrates,Arthropoda,Insecta,Coleoptera,Tenebrionidae,Tribolium
707266,GCA_965653795.1,Invertebrates,Arthropoda,Collembola,Entomobryomorpha,Tomoceridae,Pogonognathellus
7074,GCA_022388445.1,Invertebrates,Arthropoda,Insecta,Coleoptera,Tenebrionidae,Zophobas
707711,GCA_051362135.1,Invertebrates,Echinodermata,Crinoidea,Comatulida,Colobometridae,Cenometra
707887,GCA_964276635.1,Invertebrates,Arthropoda,Collembola,Entomobryomorpha,Entomobryidae,Lepidocyrtus
708063,GCA_936450705.2,Invertebrates,Arthropoda,Insecta,Lepidoptera,Noctuidae,Protodeltote
7084,GCA_910592335.1,Invertebrates,Arthropoda,Insecta,Coleoptera,Coccinellidae,Adalia
7091,GCA_014905235.2,Invertebrates,Arthropoda,Insecta,Lepidoptera,Bombycidae,Bombyx
7091,GCF_030269925.1,Invertebrates,Arthropoda,Insecta,Lepidoptera,Bombycidae,Bombyx
7092,GCA_030267445.2,Invertebrates,Arthropoda,Insecta,Lepidoptera,Bombycidae,Bombyx
7098,GCA_963693495.1,Invertebrates,Arthropoda,Insecta,Lepidoptera,Lasiocampidae,Malacosoma
7107,GCA_902829305.4,Invertebrates,Arthropoda,Insecta,Lepidoptera,Noctuidae,Spodoptera
7108,GCA_011064685.2,Invertebrates,Arthropoda,Insecta,Lepidoptera,Noctuidae,Spodoptera
7108,GCF_023101765.2,Invertebrates,Arthropoda,Insecta,Lepidoptera,Noctuidae,Spodoptera
7109,GCA_902850265.1,Invertebrates,Arthropoda,Insecta,Lepidoptera,Noctuidae,Spodoptera
7111,GCF_003590095.1,Invertebrates,Arthropoda,Insecta,Lepidoptera,Noctuidae,Trichoplusia
7111,GCA_003590095.1,Invertebrates,Arthropoda,Insecta,Lepidoptera,Noctuidae,Trichoplusia
7113,GCA_022343045.1,Invertebrates,Arthropoda,Insecta,Lepidoptera,Noctuidae,Helicoverpa
7113,GCF_022581195.2,Invertebrates,Arthropoda,Insecta,Lepidoptera,Noctuidae,Helicoverpa
7116,GCF_905147105.1,Invertebrates,Arthropoda,Insecta,Lepidoptera,Pieridae,Pieris
7116,GCA_905147105.1,Invertebrates,Arthropoda,Insecta,Lepidoptera,Pieridae,Pieris
712039,GCA_965230855.1,Invertebrates,Arthropoda,Insecta,Lepidoptera,Lycaenidae,Polyommatus
7121,GCA_036509395.1,Invertebrates,Arthropoda,Insecta,Lepidoptera,Saturniidae,Antheraea
7130,GCA_014839805.1,Invertebrates,Arthropoda,Insecta,Lepidoptera,Sphingidae,Manduca
7130,GCF_014839805.1,Invertebrates,Arthropoda,Insecta,Lepidoptera,Sphingidae,Manduca
7137,GCA_958496185.1,Invertebrates,Arthropoda,Insecta,Lepidoptera,Pyralidae,Galleria
7141,GCF_025370935.1,Invertebrates,Arthropoda,Insecta,Lepidoptera,Tortricidae,Choristoneura
7153,GCA_963573255.1,Invertebrates,Arthropoda,Insecta,Diptera,Chironomidae,Chironomus
7159,GCF_002204515.2,Invertebrates,Arthropoda,Insecta,Diptera,Culicidae,Aedes
7160,GCA_035046485.1,Invertebrates,Arthropoda,Insecta,Diptera,Culicidae,Aedes
7160,GCF_035046485.1,Invertebrates,Arthropoda,Insecta,Diptera,Culicidae,Aedes
7165,GCF_943734735.2,Invertebrates,Arthropoda,Insecta,Diptera,Culicidae,Anopheles
7167,GCF_013758885.1,Invertebrates,Arthropoda,Insecta,Diptera,Culicidae,Anopheles
7173,GCF_016920715.1,Invertebrates,Arthropoda,Insecta,Diptera,Culicidae,Anopheles
7175,GCA_963924435.1,Invertebrates,Arthropoda,Insecta,Diptera,Culicidae,Culex
7176,GCA_015732765.1,Invertebrates,Arthropoda,Insecta,Diptera,Culicidae,Culex
7176,GCF_015732765.1,Invertebrates,Arthropoda,Insecta,Diptera,Culicidae,Culex
7200,GCF_024334085.1,Invertebrates,Arthropoda,Insecta,Diptera,Psychodidae,Lutzomyia
72036,GCA_016086655.5,Invertebrates,Arthropoda,Hexanauplia,Siphonostomatoida,Caligidae,Lepeophtheirus
72036,GCF_016086655.4,Invertebrates,Arthropoda,Hexanauplia,Siphonostomatoida,Caligidae,Lepeophtheirus
7209,GCA_039623295.1,Invertebrates,Nematoda,Chromadorea,Rhabditida,Onchocercidae,Loa
721134,GCA_977066375.1,Invertebrates,Arthropoda,Insecta,Lepidoptera,Geometridae,Ennomos
721137,GCA_907165245.1,Invertebrates,Arthropoda,Insecta,Lepidoptera,Drepanidae,Habrosyne
721156,GCA_951361185.1,Invertebrates,Arthropoda,Insecta,Lepidoptera,Drepanidae,Ochropacha
721158,GCA_964059465.1,Invertebrates,Arthropoda,Insecta,Lepidoptera,Drepanidae,Sabra
721161,GCA_977018955.1,Invertebrates,Arthropoda,Insecta,Lepidoptera,Drepanidae,Tethea
721163,GCA_905147785.2,Invertebrates,Arthropoda,Insecta,Lepidoptera,Drepanidae,Thyatira
721165,GCA_929442735.1,Invertebrates,Arthropoda,Insecta,Lepidoptera,Drepanidae,Watsonalla
721166,GCA_964035505.1,Invertebrates,Arthropoda,Insecta,Lepidoptera,Drepanidae,Watsonalla
721173,GCA_951216915.1,Invertebrates,Arthropoda,Insecta,Lepidoptera,Drepanidae,Tetheella
7217,GCF_017639315.1,Invertebrates,Arthropoda,Insecta,Diptera,Drosophilidae,Drosophila
7217,GCA_017639315.2,Invertebrates,Arthropoda,Insecta,Diptera,Drosophilidae,Drosophila
7218,GCA_009664405.1,Invertebrates,Arthropoda,Insecta,Diptera,Drosophilidae,Drosophila
721895,GCA_965282475.1,Invertebrates,Arthropoda,Insecta,Lepidoptera,Noctuidae,Plusia
721895,GCA_965282385.1,Invertebrates,Arthropoda,Insecta,Lepidoptera,Noctuidae,Plusia
7220,GCA_047116545.1,Invertebrates,Arthropoda,Insecta,Diptera,Drosophilidae,Drosophila
7221,GCA_958295475.1,Invertebrates,Arthropoda,Insecta,Diptera,Drosophilidae,Drosophila
72248,GCF_905220415.1,Invertebrates,Arthropoda,Insecta,Lepidoptera,Pieridae,Colias
72248,GCA_905220415.1,Invertebrates,Arthropoda,Insecta,Lepidoptera,Pieridae,Colias
72257,GCA_965240345.1,Invertebrates,Arthropoda,Insecta,Lepidoptera,Pieridae,Eurema
7226,GCA_047116325.1,Invertebrates,Arthropoda,Insecta,Diptera,Drosophilidae,Drosophila
7226,GCF_004382145.1,Invertebrates,Arthropoda,Insecta,Diptera,Drosophilidae,Drosophila
722655,GCA_964276425.1,Invertebrates,Arthropoda,Insecta,Lepidoptera,Geometridae,Aethalura
722656,GCA_965612255.1,Invertebrates,Arthropoda,Insecta,Lepidoptera,Geometridae,Angerona
722656,GCA_965612305.1,Invertebrates,Arthropoda,Insecta,Lepidoptera,Geometridae,Angerona
722657,GCA_947579745.1,Invertebrates,Arthropoda,Insecta,Lepidoptera,Geometridae,Apocheima
722658,GCA_950106695.1,Invertebrates,Arthropoda,Insecta,Lepidoptera,Geometridae,Biston
722659,GCA_954871355.1,Invertebrates,Arthropoda,Insecta,Lepidoptera,Geometridae,Cabera
722662,GCA_905220475.3,Invertebrates,Arthropoda,Insecta,Lepidoptera,Geometridae,Ennomos
722667,GCA_964656105.1,Invertebrates,Arthropoda,Insecta,Lepidoptera,Geometridae,Paradarisa
722667,GCA_964656215.1,Invertebrates,Arthropoda,Insecta,Lepidoptera,Geometridae,Paradarisa
722668,GCA_977018865.1,Invertebrates,Arthropoda,Insecta,Lepidoptera,Geometridae,Pygmaena
722671,GCA_964234795.1,Invertebrates,Arthropoda,Insecta,Lepidoptera,Geometridae,Chiasmia
722673,GCA_905147375.1,Invertebrates,Arthropoda,Insecta,Lepidoptera,Geometridae,Hylaea
7227,GCA_002310755.1,Invertebrates,Arthropoda,Insecta,Diptera,Drosophilidae,Drosophila
7227,GCF_000001215.4,Invertebrates,Arthropoda,Insecta,Diptera,Drosophilidae,Drosophila
7229,GCF_000269505.1,Invertebrates,Arthropoda,Insecta,Diptera,Drosophilidae,Drosophila
7232,GCA_054131105.1,Invertebrates,Arthropoda,Insecta,Diptera,Drosophilidae,Drosophila
7234,GCA_020698555.2,Invertebrates,Arthropoda,Insecta,Diptera,Drosophilidae,Drosophila
72366,GCA_036419045.1,Invertebrates,Arthropoda,Insecta,Lepidoptera,Crambidae,Scirpophaga
7237,GCA_004329205.1,Invertebrates,Arthropoda,Insecta,Diptera,Drosophilidae,Drosophila
7237,GCF_009870125.1,Invertebrates,Arthropoda,Insecta,Diptera,Drosophilidae,Drosophila
7238,GCF_004382195.2,Invertebrates,Arthropoda,Insecta,Diptera,Drosophilidae,Drosophila
7238,GCA_004382195.2,Invertebrates,Arthropoda,Insecta,Diptera,Drosophilidae,Drosophila
7240,GCF_016746395.2,Invertebrates,Arthropoda,Insecta,Diptera,Drosophilidae,Drosophila
7240,GCF_000259055.1,Invertebrates,Arthropoda,Insecta,Diptera,Drosophilidae,Drosophila
7241,GCA_008121235.1,Invertebrates,Arthropoda,Insecta,Diptera,Drosophilidae,Drosophila
7241,GCF_008121235.1,Invertebrates,Arthropoda,Insecta,Diptera,Drosophilidae,Drosophila
7243,GCF_016746235.2,Invertebrates,Arthropoda,Insecta,Diptera,Drosophilidae,Drosophila
7243,GCA_016746235.2,Invertebrates,Arthropoda,Insecta,Diptera,Drosophilidae,Drosophila
7244,GCF_030788295.1,Invertebrates,Arthropoda,Insecta,Diptera,Drosophilidae,Drosophila
7245,GCF_016746365.2,Invertebrates,Arthropoda,Insecta,Diptera,Drosophilidae,Drosophila
7246,GCA_037356375.1,Invertebrates,Arthropoda,Insecta,Diptera,Drosophilidae,Drosophila
7248,GCA_008121215.1,Invertebrates,Arthropoda,Insecta,Diptera,Drosophilidae,Drosophila
72491,GCA_964198125.1,Invertebrates,Arthropoda,Insecta,Hemiptera,Reduviidae,Triatoma
7250,GCA_963583835.1,Invertebrates,Arthropoda,Insecta,Diptera,Drosophilidae,Drosophila
7251,GCA_008121275.1,Invertebrates,Arthropoda,Insecta,Diptera,Drosophilidae,Drosophila
7260,GCF_018902025.1,Invertebrates,Arthropoda,Insecta,Diptera,Drosophilidae,Drosophila
7263,GCA_054131065.1,Invertebrates,Arthropoda,Insecta,Diptera,Drosophilidae,Drosophila
72669,GCA_963402885.1,Invertebrates,Echinodermata,Crinoidea,Comatulida,Antedonidae,Antedon
72671,GCA_963931865.1,Invertebrates,Porifera,Demospongiae,Axinellida,Axinellidae,Axinella
7271,GCA_024703675.1,Invertebrates,Arthropoda,Insecta,Diptera,Drosophilidae,Drosophila
72715,GCA_949130485.1,Invertebrates,Porifera,Demospongiae,Agelasida,Agelasidae,Agelas
72721,GCA_964619385.1,Invertebrates,Echinodermata,Asteroidea,Spinulosida,Echinasteridae,Echinaster
72727,GCA_965120465.1,Invertebrates,Echinodermata,Ophiuroidea,Amphilepidida,Ophiodermatidae,Ophioderma
72779,GCA_052642515.1,Invertebrates,Arthropoda,Insecta,Hymenoptera,Formicidae,Formica
72791,GCA_050437125.1,Invertebrates,Arthropoda,Insecta,Hymenoptera,Formicidae,Cataglyphis
72798,GCA_048181815.1,Invertebrates,Arthropoda,Insecta,Hymenoptera,Formicidae,Plagiolepis
7282,GCA_963583975.1,Invertebrates,Arthropoda,Insecta,Diptera,Drosophilidae,Drosophila
7283,GCA_951394115.2,Invertebrates,Arthropoda,Insecta,Diptera,Drosophilidae,Drosophila
72852,GCA_965153205.1,Invertebrates,Arthropoda,Insecta,Lepidoptera,Pieridae,Colias
7291,GCF_009650485.2,Invertebrates,Arthropoda,Insecta,Diptera,Drosophilidae,Drosophila
7291,GCA_009650485.2,Invertebrates,Arthropoda,Insecta,Diptera,Drosophilidae,Drosophila
73031,GCA_037379345.1,Invertebrates,Mollusca,Bivalvia,Mytilida,Mytilidae,Perna
7368,GCF_050003625.1,Invertebrates,Arthropoda,Insecta,Diptera,Muscidae,Haematobia
7373,GCF_958450345.1,Invertebrates,Arthropoda,Insecta,Diptera,Calliphoridae,Calliphora
7373,GCA_958450345.1,Invertebrates,Arthropoda,Insecta,Diptera,Calliphoridae,Calliphora
7375,GCF_022045245.1,Invertebrates,Arthropoda,Insecta,Diptera,Calliphoridae,Lucilia
7386,GCA_014635995.1,Invertebrates,Arthropoda,Insecta,Diptera,Sarcophagidae,Sarcophaga
74065,GCA_975739785.1,Invertebrates,Arthropoda,Insecta,Hemiptera,Cicadellidae,Dalbulus
74068,GCA_976628355.1,Invertebrates,Arthropoda,Insecta,Hemiptera,Cicadellidae,Macrosteles
74070,GCA_976225285.1,Invertebrates,Arthropoda,Insecta,Hemiptera,Cicadellidae,Dalbulus
742174,GCA_038630835.1,Invertebrates,Arthropoda,Insecta,Hemiptera,Aphididae,Melanaphis
7425,GCF_009193385.2,Invertebrates,Arthropoda,Insecta,Hymenoptera,Pteromalidae,Nasonia
7429,GCA_054135075.1,Invertebrates,Arthropoda,Insecta,Hymenoptera,Pteromalidae,Muscidifurax
7445,GCF_910589235.1,Invertebrates,Arthropoda,Insecta,Hymenoptera,Vespidae,Vespa
7445,GCA_910589235.2,Invertebrates,Arthropoda,Insecta,Hymenoptera,Vespidae,Vespa
7446,GCA_050613455.1,Invertebrates,Arthropoda,Insecta,Hymenoptera,Vespidae,Vespa
7454,GCF_905475345.1,Invertebrates,Arthropoda,Insecta,Hymenoptera,Vespidae,Vespula
7454,GCA_905475345.1,Invertebrates,Arthropoda,Insecta,Hymenoptera,Vespidae,Vespula
74549,GCA_047116555.1,Invertebrates,Arthropoda,Insecta,Diptera,Drosophilidae,Drosophila
7460,GCF_003254395.2,Invertebrates,Arthropoda,Insecta,Hymenoptera,Apidae,Apis
7461,GCA_020141525.2,Invertebrates,Arthropoda,Insecta,Hymenoptera,Apidae,Apis
7461,GCF_029169275.1,Invertebrates,Arthropoda,Insecta,Hymenoptera,Apidae,Apis
7469,GCA_019321825.1,Invertebrates,Arthropoda,Insecta,Hymenoptera,Apidae,Apis
748215,GCA_914767545.1,Invertebrates,Arthropoda,Insecta,Lepidoptera,Sesiidae,Sesia
7507,GCA_030765055.1,Invertebrates,Arthropoda,Insecta,Mantodea,Mantidae,Mantis
75126,GCA_050626395.1,Invertebrates,Mollusca,Gastropoda,Architaenioglossa,Ampullariidae,Marisa
753144,GCA_965285785.1,Invertebrates,Arthropoda,Insecta,Lepidoptera,Noctuidae,Acontia
753144,GCA_965285865.1,Invertebrates,Arthropoda,Insecta,Lepidoptera,Noctuidae,Acontia
753146,GCA_965234005.1,Invertebrates,Arthropoda,Insecta,Lepidoptera,Noctuidae,Acronicta
753147,GCA_976954785.1,Invertebrates,Arthropoda,Insecta,Lepidoptera,Zygaenidae,Adscita
753148,GCA_963971205.1,Invertebrates,Arthropoda,Insecta,Lepidoptera,Tortricidae,Aethes
753150,GCA_964059475.1,Invertebrates,Arthropoda,Insecta,Lepidoptera,Alucitidae,Alucita
753153,GCA_949629185.1,Invertebrates,Arthropoda,Insecta,Lepidoptera,Noctuidae,Apamea
753154,GCA_964237545.1,Invertebrates,Arthropoda,Insecta,Lepidoptera,Tortricidae,Aphelia
753158,GCA_965196735.1,Invertebrates,Arthropoda,Insecta,Lepidoptera,Tortricidae,Bactra
753161,GCA_976919285.1,Invertebrates,Arthropoda,Insecta,Lepidoptera,Bucculatricidae,Bucculatrix
753163,GCA_963564715.1,Invertebrates,Arthropoda,Insecta,Lepidoptera,Erebidae,Catocala
753172,GCA_977014735.1,Invertebrates,Arthropoda,Insecta,Lepidoptera,Noctuidae,Deltote
753173,GCA_976225245.1,Invertebrates,Arthropoda,Insecta,Lepidoptera,Gelechiidae,Dichomeris
753174,GCA_965433805.1,Invertebrates,Arthropoda,Insecta,Lepidoptera,Erebidae,Dysauxes
753174,GCA_965433735.1,Invertebrates,Arthropoda,Insecta,Lepidoptera,Erebidae,Dysauxes
753175,GCA_964341335.1,Invertebrates,Arthropoda,Insecta,Lepidoptera,Nolidae,Earias
753177,GCA_955850985.1,Invertebrates,Arthropoda,Insecta,Lepidoptera,Crambidae,Elophila
753179,GCA_949315975.1,Invertebrates,Arthropoda,Insecta,Lepidoptera,Crambidae,Eudonia
753180,GCA_977063415.1,Invertebrates,Arthropoda,Insecta,Lepidoptera,Yponomeutidae,Euhyponomeutoides
753184,GCA_974392455.1,Invertebrates,Arthropoda,Insecta,Lepidoptera,Glyphipterigidae,Glyphipterix
753189,GCA_905147285.1,Invertebrates,Arthropoda,Insecta,Lepidoptera,Erebidae,Hypena
753195,GCA_965226265.1,Invertebrates,Arthropoda,Insecta,Lepidoptera,Lyonetiidae,Lyonetia
753199,GCA_977036055.1,Invertebrates,Arthropoda,Insecta,Lepidoptera,Momphidae,Mompha
753202,GCA_905163415.1,Invertebrates,Arthropoda,Insecta,Lepidoptera,Noctuidae,Noctua
753203,GCA_964265065.1,Invertebrates,Arthropoda,Insecta,Lepidoptera,Nolidae,Nola
753204,GCA_905147325.1,Invertebrates,Arthropoda,Insecta,Lepidoptera,Notodontidae,Notodonta
753206,GCA_977061865.1,Invertebrates,Arthropoda,Insecta,Lepidoptera,Nolidae,Nycteola
753214,GCA_932294345.1,Invertebrates,Arthropoda,Insecta,Lepidoptera,Tortricidae,Pandemis
753215,GCA_977012725.1,Invertebrates,Arthropoda,Insecta,Lepidoptera,Noctuidae,Panthea
753216,GCA_905147815.2,Invertebrates,Arthropoda,Insecta,Lepidoptera,Notodontidae,Phalera
753222,GCA_977071855.1,Invertebrates,Arthropoda,Insecta,Lepidoptera,Psychidae,Psyche
753222,GCA_977071885.1,Invertebrates,Arthropoda,Insecta,Lepidoptera,Psychidae,Psyche
753223,GCA_963891755.1,Invertebrates,Arthropoda,Insecta,Lepidoptera,Noctuidae,Pyrrhia
753225,GCA_965637105.1,Invertebrates,Arthropoda,Insecta,Lepidoptera,Roeslerstammiidae,Roeslerstammia
753226,GCA_977019625.1,Invertebrates,Arthropoda,Insecta,Lepidoptera,Tineidae,Scardia
753229,GCA_977016765.1,Invertebrates,Arthropoda,Insecta,Lepidoptera,Tortricidae,Sparganothis
753230,GCA_965279865.1,Invertebrates,Arthropoda,Insecta,Lepidoptera,Oecophoridae,Stathmopoda
753264,GCA_964340415.1,Invertebrates,Arthropoda,Insecta,Lepidoptera,Noctuidae,Actinotia
753282,GCA_963576735.1,Invertebrates,Arthropoda,Insecta,Lepidoptera,Bedelliidae,Bedellia
753286,GCA_965201095.1,Invertebrates,Arthropoda,Insecta,Lepidoptera,Adelidae,Cauchas
753294,GCA_965117205.1,Invertebrates,Arthropoda,Insecta,Lepidoptera,Cossidae,Cossus
753308,GCA_964059355.1,Invertebrates,Arthropoda,Insecta,Lepidoptera,Lypusidae,Diurnea
753320,GCA_973838865.1,Invertebrates,Arthropoda,Insecta,Lepidoptera,Epermeniidae,Epermenia
753336,GCA_965641305.1,Invertebrates,Arthropoda,Insecta,Lepidoptera,Gracillariidae,Gracillaria
753357,GCA_965117235.1,Invertebrates,Arthropoda,Insecta,Lepidoptera,Geometridae,Larentia
753371,GCA_949126915.1,Invertebrates,Arthropoda,Insecta,Lepidoptera,Crambidae,Musotima
753375,GCA_946902875.1,Invertebrates,Arthropoda,Insecta,Lepidoptera,Adelidae,Nematopogon
753377,GCA_977019015.1,Invertebrates,Arthropoda,Insecta,Lepidoptera,Tineidae,Nemaxera
753385,GCA_975146305.1,Invertebrates,Arthropoda,Insecta,Lepidoptera,Ypsolophidae,Ochsenheimeria
753401,GCA_975146675.1,Invertebrates,Arthropoda,Insecta,Lepidoptera,Gelechiidae,Pexicopia
753405,GCA_973404375.1,Invertebrates,Arthropoda,Insecta,Lepidoptera,Epermeniidae,Phaulernis
753407,GCA_964277475.1,Invertebrates,Arthropoda,Insecta,Lepidoptera,Cossidae,Phragmataecia
753421,GCA_963935595.1,Invertebrates,Arthropoda,Insecta,Lepidoptera,Crambidae,Schoenobius
753425,GCA_977014765.1,Invertebrates,Arthropoda,Insecta,Lepidoptera,Pterophoridae,Stenoptilia
753433,GCA_964330275.1,Invertebrates,Arthropoda,Insecta,Lepidoptera,Psychidae,Taleporia
753441,GCA_947095525.1,Invertebrates,Arthropoda,Insecta,Lepidoptera,Erebidae,Trisateles
753485,GCA_947623365.1,Invertebrates,Arthropoda,Insecta,Lepidoptera,Drepanidae,Achlya
7539,GCA_024712935.1,Invertebrates,Arthropoda,Insecta,Coleoptera,Chrysomelidae,Leptinotarsa
75506,GCA_958502065.1,Invertebrates,Arthropoda,Insecta,Coleoptera,Chrysomelidae,Chrysolina
75519,GCA_958298965.1,Invertebrates,Arthropoda,Insecta,Coleoptera,Chrysomelidae,Chrysolina
757355,GCA_039619505.1,Invertebrates,Arthropoda,Insecta,Hemiptera,Cimicidae,Cimex
758703,GCA_965276475.1,Invertebrates,Arthropoda,Insecta,Lepidoptera,Tortricidae,Acleris
758703,GCA_965276485.1,Invertebrates,Arthropoda,Insecta,Lepidoptera,Tortricidae,Acleris
758705,GCA_948252455.1,Invertebrates,Arthropoda,Insecta,Lepidoptera,Tortricidae,Acleris
758706,GCA_927399475.2,Invertebrates,Arthropoda,Insecta,Lepidoptera,Tortricidae,Acleris
758707,GCA_964656575.1,Invertebrates,Arthropoda,Insecta,Lepidoptera,Tortricidae,Acleris
758709,GCA_963966035.1,Invertebrates,Arthropoda,Insecta,Lepidoptera,Tortricidae,Acleris
758710,GCA_976988735.1,Invertebrates,Arthropoda,Insecta,Lepidoptera,Tortricidae,Acleris
758711,GCA_964340485.1,Invertebrates,Arthropoda,Insecta,Lepidoptera,Tortricidae,Acleris
758717,GCA_923062465.1,Invertebrates,Arthropoda,Insecta,Lepidoptera,Tortricidae,Acleris
758718,GCA_964330255.1,Invertebrates,Arthropoda,Insecta,Lepidoptera,Tortricidae,Acleris
758720,GCA_964235035.1,Invertebrates,Arthropoda,Insecta,Lepidoptera,Tortricidae,Aleimma
758722,GCA_974392515.1,Invertebrates,Arthropoda,Insecta,Lepidoptera,Tortricidae,Spatalistis
7594,GCA_029964075.1,Invertebrates,Echinodermata,Asteroidea,Valvatida,Asterinidae,Patiria
7602,GCF_032118995.1,Invertebrates,Echinodermata,Asteroidea,Forcipulatida,Asteriidae,Asterias
7604,GCF_902459465.1,Invertebrates,Echinodermata,Asteroidea,Forcipulatida,Asteriidae,Asterias
7604,GCA_902459465.3,Invertebrates,Echinodermata,Asteroidea,Forcipulatida,Asteriidae,Asterias
7609,GCA_911728455.2,Invertebrates,Echinodermata,Asteroidea,Forcipulatida,Asteriidae,Marthasterias
7614,GCA_032158295.1,Invertebrates,Echinodermata,Asteroidea,Forcipulatida,Asteriidae,Pycnopodia
761904,GCA_045838495.1,Invertebrates,Mollusca,Polyplacophora,Chitonida,Acanthochitonidae,Acanthochitona
76193,GCF_912999745.1,Invertebrates,Arthropoda,Insecta,Lepidoptera,Papilionidae,Papilio
76193,GCA_912999745.1,Invertebrates,Arthropoda,Insecta,Lepidoptera,Papilionidae,Papilio
76199,GCA_040363705.1,Invertebrates,Arthropoda,Insecta,Lepidoptera,Papilionidae,Papilio
76205,GCA_040363715.1,Invertebrates,Arthropoda,Insecta,Lepidoptera,Papilionidae,Graphium
763074,GCA_976954415.1,Invertebrates,Arthropoda,Insecta,Lepidoptera,Tortricidae,Acleris
763200,GCA_040285775.1,Invertebrates,Arthropoda,Insecta,Hemiptera,Pentatomidae,Arma
7634,GCA_025617745.1,Invertebrates,Echinodermata,Echinoidea,Camarodonta,Echinometridae,Heliocidaris
7635,GCA_025618425.1,Invertebrates,Echinodermata,Echinoidea,Camarodonta,Echinometridae,Heliocidaris
7640,GCA_963669155.1,Invertebrates,Echinodermata,Echinoidea,Arbacioida,Arbaciidae,Arbacia
7648,GCA_976925275.1,Invertebrates,Echinodermata,Echinoidea,Camarodonta,Echinidae,Echinus
765132,GCA_039645545.1,Invertebrates,Arthropoda,Insecta,Lepidoptera,Lasiocampidae,Dendrolimus
765133,GCA_019925095.2,Invertebrates,Arthropoda,Insecta,Lepidoptera,Lasiocampidae,Dendrolimus
7653,GCF_037042905.1,Invertebrates,Echinodermata,Echinoidea,Temnopleuroida,Toxopneustidae,Lytechinus
7653,GCA_037042905.1,Invertebrates,Echinodermata,Echinoidea,Temnopleuroida,Toxopneustidae,Lytechinus
7654,GCA_018143015.1,Invertebrates,Echinodermata,Echinoidea,Temnopleuroida,Toxopneustidae,Lytechinus
7654,GCF_018143015.1,Invertebrates,Echinodermata,Echinoidea,Temnopleuroida,Toxopneustidae,Lytechinus
765876,GCA_977009245.1,Invertebrates,Arthropoda,Insecta,Hemiptera,Dactylopiidae,Dactylopius
7667,GCA_054410915.1,Invertebrates,Echinodermata,Echinoidea,Camarodonta,Strongylocentrotidae,Strongylocentrotus
767460,GCA_965233655.1,Invertebrates,Arthropoda,Insecta,Diptera,Sciaridae,Lycoriella
767470,GCA_911728475.2,Invertebrates,Arthropoda,Insecta,Coleoptera,Carabidae,Pterostichus
76990,GCA_916049575.1,Invertebrates,Arthropoda,Insecta,Hymenoptera,Vespidae,Ancistrocerus
77129,GCA_963969585.1,Invertebrates,Arthropoda,Insecta,Diptera,Drosophilidae,Drosophila
77147,GCA_048181825.1,Invertebrates,Arthropoda,Insecta,Hymenoptera,Formicidae,Platythyrea
77183,GCA_965653895.1,Invertebrates,Porifera,Demospongiae,Tetractinellida,Geodiidae,Pachymatisma
77576,GCA_028454255.1,Invertebrates,Arthropoda,Insecta,Hymenoptera,Halictidae,Halictus
77578,GCF_050948215.1,Invertebrates,Arthropoda,Insecta,Hymenoptera,Halictidae,Halictus
77651,GCA_041003635.1,Invertebrates,Arthropoda,Branchiopoda,Diplostraca,Daphniidae,Simocephalus
77745,GCA_030141595.1,Invertebrates,Arthropoda,Branchiopoda,Diplostraca,Chydoridae,Chydorus
78549,GCA_964377925.1,Invertebrates,Mollusca,Bivalvia,Venerida,Veneridae,Callista
78609,GCA_965217435.1,Invertebrates,Arthropoda,Insecta,Lepidoptera,Pieridae,Gonepteryx
78613,GCA_977013305.1,Invertebrates,Arthropoda,Insecta,Lepidoptera,Pieridae,Colias
78615,GCA_966217105.1,Invertebrates,Arthropoda,Insecta,Lepidoptera,Pieridae,Colias
78615,GCA_964258725.1,Invertebrates,Arthropoda,Insecta,Lepidoptera,Pieridae,Colias
78620,GCA_964258765.1,Invertebrates,Arthropoda,Insecta,Lepidoptera,Pieridae,Colias
78622,GCA_964270545.1,Invertebrates,Arthropoda,Insecta,Lepidoptera,Pieridae,Colias
78624,GCA_966213895.1,Invertebrates,Arthropoda,Insecta,Lepidoptera,Pieridae,Gonepteryx
78633,GCF_905475465.1,Invertebrates,Arthropoda,Insecta,Lepidoptera,Pieridae,Pieris
78633,GCA_905231885.1,Invertebrates,Arthropoda,Insecta,Lepidoptera,Pieridae,Pieris
78897,GCA_905163515.2,Invertebrates,Arthropoda,Insecta,Lepidoptera,Erebidae,Lymantria
78901,GCA_051943045.1,Invertebrates,Arthropoda,Insecta,Lepidoptera,Erebidae,Lymantria
79327,GCA_045838265.1,Invertebrates,Platyhelminthes,Rhabditophora,Tricladida,Dugesiidae,Schmidtea
79499,GCA_950371165.1,Invertebrates,Arthropoda,Insecta,Lepidoptera,Noctuidae,Lacanobia
795047,GCA_963966155.1,Invertebrates,Arthropoda,Insecta,Coleoptera,Carabidae,Clivina
796293,GCA_046119115.1,Invertebrates,Arthropoda,Insecta,Hemiptera,Aphididae,Semiaphis
79674,GCA_040167855.1,Invertebrates,Arthropoda,Malacostraca,Decapoda,Palaemonidae,Macrobrachium
79674,GCF_040412425.1,Invertebrates,Arthropoda,Malacostraca,Decapoda,Palaemonidae,Macrobrachium
79782,GCA_049903765.1,Invertebrates,Arthropoda,Insecta,Hemiptera,Cimicidae,Cimex
798133,GCA_964274935.1,Invertebrates,Arthropoda,Insecta,Diptera,Tabanidae,Chrysops
798307,GCA_965653825.1,Invertebrates,Porifera,Demospongiae,Axinellida,Axinellidae,Axinella
798309,GCA_977063055.1,Invertebrates,Porifera,Demospongiae,Axinellida,Axinellidae,Cymbastela
79923,GCA_003604175.2,Invertebrates,Platyhelminthes,Trematoda,Opisthorchiida,Opisthorchiidae,Clonorchis
80249,GCA_918026855.4,Invertebrates,Arthropoda,Insecta,Coleoptera,Chrysomelidae,Phaedon
80765,GCA_020184165.1,Invertebrates,Arthropoda,Insecta,Hemiptera,Aphididae,Aphis
80765,GCF_020184175.1,Invertebrates,Arthropoda,Insecta,Hemiptera,Aphididae,Aphis
80818,GCA_965239675.1,Invertebrates,Mollusca,Bivalvia,Cardiida,Cardiidae,Hippopus
80821,GCA_946902895.1,Invertebrates,Mollusca,Bivalvia,Cardiida,Cardiidae,Fragum
80829,GCA_945859785.2,Invertebrates,Mollusca,Bivalvia,Cardiida,Cardiidae,Tridacna
80831,GCA_963210305.1,Invertebrates,Mollusca,Bivalvia,Cardiida,Cardiidae,Tridacna
80832,GCA_045685785.1,Invertebrates,Mollusca,Bivalvia,Cardiida,Cardiidae,Tridacna
80833,GCA_032873355.1,Invertebrates,Mollusca,Bivalvia,Cardiida,Cardiidae,Tridacna
80833,GCA_943736015.1,Invertebrates,Mollusca,Bivalvia,Cardiida,Cardiidae,Tridacna
82378,GCF_039555335.1,Invertebrates,Echinodermata,Ophiuroidea,Amphilepidida,Amphiuridae,Amphiura
82558,GCA_973358045.1,Invertebrates,Echinodermata,Ophiuroidea,Amphilepidida,Amphiuridae,Acrocnida
82595,GCA_905404145.2,Invertebrates,Arthropoda,Insecta,Lepidoptera,Geometridae,Biston
82600,GCF_033807575.1,Invertebrates,Arthropoda,Insecta,Lepidoptera,Tortricidae,Cydia
82619,GCA_949316025.1,Invertebrates,Arthropoda,Insecta,Lepidoptera,Sphingidae,Lapara
82745,GCA_050947255.1,Invertebrates,Arthropoda,Insecta,Hemiptera,Anthocoridae,Orius
82748,GCA_046618645.1,Invertebrates,Arthropoda,Insecta,Hemiptera,Anthocoridae,Orius
83485,GCA_040581485.1,Invertebrates,Arthropoda,Insecta,Hymenoptera,Formicidae,Linepithema
83485,GCF_040581485.1,Invertebrates,Arthropoda,Insecta,Hymenoptera,Formicidae,Linepithema
83912,GCA_964342145.1,Invertebrates,Arthropoda,Arachnida,Sarcoptiformes,Psoroptidae,Psoroptes
83912,GCA_964342135.1,Invertebrates,Arthropoda,Arachnida,Sarcoptiformes,Psoroptidae,Psoroptes
84402,GCA_965124075.1,Invertebrates,Mollusca,Cephalopoda,Sepiida,Sepiolidae,Sepietta
84408,GCA_050306575.1,Invertebrates,Arthropoda,Insecta,Diptera,Chironomidae,Chironomus
85120,GCA_965637365.1,Invertebrates,Arthropoda,Insecta,Diptera,Psychodidae,Clogmia
85310,GCA_928085145.1,Invertebrates,Arthropoda,Insecta,Hemiptera,Pentatomidae,Nezara
85432,GCA_023968675.1,Invertebrates,Platyhelminthes,Cestoda,Cyclophyllidea,Taeniidae,Taenia
85433,GCA_000469805.3,Invertebrates,Platyhelminthes,Cestoda,Cyclophyllidea,Hymenolepididae,Hymenolepis
85443,GCA_911387935.1,Invertebrates,Arthropoda,Insecta,Hymenoptera,Vespidae,Dolichovespula
85444,GCA_918808275.2,Invertebrates,Arthropoda,Insecta,Hymenoptera,Vespidae,Dolichovespula
85552,GCA_035594125.1,Invertebrates,Arthropoda,Malacostraca,Decapoda,Portunidae,Scylla
85552,GCF_035594125.1,Invertebrates,Arthropoda,Malacostraca,Decapoda,Portunidae,Scylla
85658,GCA_037178635.1,Invertebrates,Arthropoda,Insecta,Hymenoptera,Apidae,Bombus
85660,GCA_905332935.1,Invertebrates,Arthropoda,Insecta,Hymenoptera,Apidae,Bombus
85661,GCF_024542735.1,Invertebrates,Arthropoda,Insecta,Hymenoptera,Apidae,Bombus
85663,GCA_964197665.1,Invertebrates,Arthropoda,Insecta,Hymenoptera,Apidae,Bombus
85668,GCA_051167345.1,Invertebrates,Arthropoda,Insecta,Hymenoptera,Apidae,Bombus
857166,GCA_965118235.1,Invertebrates,Arthropoda,Insecta,Coleoptera,Curculionidae,Pachyrhinus
860376,GCA_964213925.1,Invertebrates,Nematoda,Chromadorea,Rhabditida,Rhabditidae,Caenorhabditis
861515,GCA_035610835.1,Invertebrates,Echinodermata,Ophiuroidea,Amphilepidida,Ophiuridae,Ophiura
863834,GCA_963920205.1,Invertebrates,Arthropoda,Insecta,Hemiptera,Miridae,Stenodema
86798,GCA_051201265.1,Invertebrates,Arthropoda,Insecta,Diptera,Tephritidae,Zeugodacus
868040,GCA_964656445.1,Invertebrates,Annelida,Polychaeta,Phyllodocida,Phyllodocidae,Phyllodoce
869165,GCA_964234755.1,Invertebrates,Arthropoda,Insecta,Coleoptera,Elateridae,Actenicerus
869980,GCA_965263765.1,Invertebrates,Mollusca,Gastropoda,Nudibranchia,Myrrhinidae,Nemesignis
871382,GCA_976918355.1,Invertebrates,Arthropoda,Insecta,Lepidoptera,Eriocraniidae,Eriocrania
871386,GCA_963678675.1,Invertebrates,Arthropoda,Insecta,Hymenoptera,Xiphydriidae,Xiphydria
871471,GCA_048001795.1,Invertebrates,Arthropoda,Insecta,Hemiptera,Delphacidae,Saccharosydne
873508,GCA_964340575.1,Invertebrates,Arthropoda,Insecta,Lepidoptera,Geometridae,Eupithecia
873512,GCA_963924445.1,Invertebrates,Arthropoda,Insecta,Lepidoptera,Geometridae,Philereme
875675,GCA_963969525.1,Invertebrates,Arthropoda,Insecta,Coleoptera,Staphylinidae,Ontholestes
875879,GCA_951640565.1,Invertebrates,Arthropoda,Insecta,Lepidoptera,Geometridae,Petrophora
875880,GCA_905220595.1,Invertebrates,Arthropoda,Insecta,Lepidoptera,Erebidae,Spilosoma
875881,GCA_916048165.1,Invertebrates,Arthropoda,Insecta,Lepidoptera,Erebidae,Spilarctia
875882,GCA_965234205.1,Invertebrates,Arthropoda,Insecta,Lepidoptera,Geometridae,Odontopera
875883,GCA_910589525.2,Invertebrates,Arthropoda,Insecta,Lepidoptera,Geometridae,Ennomos
875884,GCA_905147745.2,Invertebrates,Arthropoda,Insecta,Lepidoptera,Noctuidae,Phlogophora
875885,GCA_911387795.2,Invertebrates,Arthropoda,Insecta,Lepidoptera,Noctuidae,Apamea
875886,GCA_965111875.1,Invertebrates,Arthropoda,Insecta,Lepidoptera,Noctuidae,Orthosia
875924,GCA_949774945.1,Invertebrates,Arthropoda,Insecta,Lepidoptera,Noctuidae,Hoplodrina
875926,GCA_965615895.1,Invertebrates,Arthropoda,Insecta,Lepidoptera,Erebidae,Calliteara
876052,GCA_966217225.1,Invertebrates,Arthropoda,Insecta,Lepidoptera,Pieridae,Colias
876052,GCA_964374355.1,Invertebrates,Arthropoda,Insecta,Lepidoptera,Pieridae,Colias
876058,GCA_964656375.1,Invertebrates,Arthropoda,Insecta,Lepidoptera,Lycaenidae,Cupido
876060,GCA_965637005.1,Invertebrates,Arthropoda,Insecta,Lepidoptera,Nymphalidae,Erebia
876060,GCA_965637145.1,Invertebrates,Arthropoda,Insecta,Lepidoptera,Nymphalidae,Erebia
876061,GCA_965112445.1,Invertebrates,Arthropoda,Insecta,Lepidoptera,Nymphalidae,Hipparchia
876064,GCA_977035885.1,Invertebrates,Arthropoda,Insecta,Lepidoptera,Pieridae,Pieris
876065,GCA_028984075.1,Invertebrates,Arthropoda,Insecta,Lepidoptera,Pieridae,Pieris
876067,GCA_964263985.1,Invertebrates,Arthropoda,Insecta,Lepidoptera,Hesperiidae,Pyrgus
876070,GCA_964261425.1,Invertebrates,Arthropoda,Insecta,Lepidoptera,Hesperiidae,Pyrgus
876071,GCA_965111795.1,Invertebrates,Arthropoda,Insecta,Lepidoptera,Hesperiidae,Pyrgus
876072,GCA_964340865.1,Invertebrates,Arthropoda,Insecta,Lepidoptera,Hesperiidae,Pyrgus
876074,GCA_965178345.1,Invertebrates,Arthropoda,Insecta,Lepidoptera,Lycaenidae,Satyrium
876075,GCA_964274205.1,Invertebrates,Arthropoda,Insecta,Lepidoptera,Lycaenidae,Satyrium
876077,GCA_965434095.1,Invertebrates,Arthropoda,Insecta,Lepidoptera,Hesperiidae,Spialia
876077,GCA_965433205.1,Invertebrates,Arthropoda,Insecta,Lepidoptera,Hesperiidae,Spialia
876078,GCA_951805285.1,Invertebrates,Arthropoda,Insecta,Lepidoptera,Hesperiidae,Thymelicus
877730,GCA_963576565.1,Invertebrates,Arthropoda,Insecta,Coleoptera,Apionidae,Aspidapion
877752,GCA_949152465.1,Invertebrates,Arthropoda,Insecta,Coleoptera,Cantharidae,Cantharis
877844,GCA_963243735.1,Invertebrates,Arthropoda,Insecta,Coleoptera,Chrysomelidae,Neocrepidodera
877859,GCA_965643755.1,Invertebrates,Arthropoda,Insecta,Coleoptera,Ptinidae,Anobium
877885,GCA_965642435.1,Invertebrates,Arthropoda,Insecta,Coleoptera,Cantharidae,Cantharis
877886,GCA_963170105.1,Invertebrates,Arthropoda,Insecta,Coleoptera,Cantharidae,Cantharis
877924,GCA_965663585.1,Invertebrates,Arthropoda,Insecta,Coleoptera,Chrysomelidae,Cryptocephalus
877990,GCA_963583905.1,Invertebrates,Arthropoda,Insecta,Coleoptera,Cerambycidae,Stenurella
878018,GCA_963576655.1,Invertebrates,Arthropoda,Insecta,Coleoptera,Chrysomelidae,Gastrophysa
878056,GCA_933228885.1,Invertebrates,Arthropoda,Insecta,Coleoptera,Carabidae,Leistus
878065,GCA_964258785.1,Invertebrates,Arthropoda,Insecta,Coleoptera,Chrysomelidae,Longitarsus
878129,GCA_965663545.1,Invertebrates,Arthropoda,Insecta,Coleoptera,Curculionidae,Magdalis
878135,GCA_964263285.1,Invertebrates,Arthropoda,Insecta,Coleoptera,Cantharidae,Malthodes
878149,GCA_977065965.1,Invertebrates,Arthropoda,Insecta,Coleoptera,Monotomidae,Monotoma
878157,GCA_965279825.1,Invertebrates,Arthropoda,Insecta,Coleoptera,Oedemeridae,Nacerdes
878194,GCA_965643495.1,Invertebrates,Arthropoda,Insecta,Coleoptera,Dermestidae,Megatoma
878205,GCA_965649375.1,Invertebrates,Arthropoda,Insecta,Coleoptera,Tenebrionidae,Nalassus
878205,GCA_965649385.1,Invertebrates,Arthropoda,Insecta,Coleoptera,Tenebrionidae,Nalassus
878211,GCA_944039245.1,Invertebrates,Arthropoda,Insecta,Coleoptera,Carabidae,Nebria
878341,GCA_958502075.1,Invertebrates,Arthropoda,Insecta,Coleoptera,Curculionidae,Orchestes
878348,GCA_963942485.1,Invertebrates,Arthropoda,Insecta,Coleoptera,Cucujidae,Pediacus
878362,GCA_963082785.1,Invertebrates,Arthropoda,Insecta,Coleoptera,Staphylinidae,Philonthus
878368,GCA_965643005.1,Invertebrates,Arthropoda,Insecta,Coleoptera,Curculionidae,Phyllobius
878368,GCA_965642995.1,Invertebrates,Arthropoda,Insecta,Coleoptera,Curculionidae,Phyllobius
878397,GCA_963924575.1,Invertebrates,Arthropoda,Insecta,Coleoptera,Zopheridae,Pycnomerus
878401,GCA_964338995.1,Invertebrates,Arthropoda,Insecta,Coleoptera,Staphylinidae,Quedius
878440,GCA_965283465.1,Invertebrates,Arthropoda,Insecta,Coleoptera,Carabidae,Pterostichus
87890,GCA_048181735.1,Invertebrates,Arthropoda,Insecta,Hymenoptera,Formicidae,Messor
878968,GCA_936432065.2,Invertebrates,Arthropoda,Insecta,Coleoptera,Cerambycidae,Rutpela
879004,GCA_964212005.1,Invertebrates,Arthropoda,Insecta,Coleoptera,Cerambycidae,Stictoleptura
879067,GCA_963966045.2,Invertebrates,Arthropoda,Insecta,Coleoptera,Ptinidae,Xestobium
879318,GCA_964016965.1,Invertebrates,Porifera,Demospongiae,Poecilosclerida,Podospongiidae,Diacarnus
87958,GCA_964341155.2,Invertebrates,Mollusca,Gastropoda,,Patellidae,Patella
87960,GCA_948474765.1,Invertebrates,Mollusca,Gastropoda,,Patellidae,Patella
87964,GCA_965111895.1,Invertebrates,Mollusca,Gastropoda,,Patellidae,Patella
88005,GCA_917208275.1,Invertebrates,Mollusca,Gastropoda,,Patellidae,Patella
88015,GCA_052914895.1,Invertebrates,Arthropoda,Hexanauplia,Calanoida,Temoridae,Eurytemora
880217,GCA_964304725.1,Invertebrates,Cnidaria,Scyphozoa,Rhizostomeae,Cassiopeidae,Cassiopea
880429,GCA_932294295.1,Invertebrates,Annelida,Polychaeta,Phyllodocida,Nereididae,Alitta
881212,GCA_963989385.1,Invertebrates,Mollusca,Bivalvia,Lucinida,Lucinidae,Ctena
881214,GCA_965111775.1,Invertebrates,Mollusca,Bivalvia,Lucinida,Lucinidae,Ctena
881239,GCA_963580285.1,Invertebrates,Mollusca,Bivalvia,Lucinida,Lucinidae,Lucinisca
881254,GCA_964194395.1,Invertebrates,Mollusca,Bivalvia,Lucinida,Lucinidae,Stewartia
881489,GCA_954871275.1,Invertebrates,Arthropoda,Insecta,Hemiptera,Miridae,Leptopterna
881521,GCA_964341005.1,Invertebrates,Arthropoda,Insecta,Hemiptera,Alydidae,Alydus
881727,GCA_955831195.1,Invertebrates,Arthropoda,Insecta,Hemiptera,Miridae,Pilophorus
881891,GCA_911387685.1,Invertebrates,Arthropoda,Insecta,Hymenoptera,Vespidae,Dolichovespula
88217,GCA_013841245.2,Invertebrates,Arthropoda,Insecta,Hymenoptera,Apidae,Apis
882792,GCA_963855955.1,Invertebrates,Arthropoda,Insecta,Lepidoptera,Noctuidae,Luperina
88499,GCA_028455595.1,Invertebrates,Arthropoda,Insecta,Hymenoptera,Halictidae,Lasioglossum
88500,GCA_028455615.1,Invertebrates,Arthropoda,Insecta,Hymenoptera,Halictidae,Lasioglossum
88504,GCA_028455575.1,Invertebrates,Arthropoda,Insecta,Hymenoptera,Halictidae,Lasioglossum
88504,GCA_963966675.1,Invertebrates,Arthropoda,Insecta,Hymenoptera,Halictidae,Lasioglossum
88512,GCA_028455605.1,Invertebrates,Arthropoda,Insecta,Hymenoptera,Halictidae,Lasioglossum
88513,GCA_028455795.1,Invertebrates,Arthropoda,Insecta,Hymenoptera,Halictidae,Lasioglossum
88514,GCA_916610235.2,Invertebrates,Arthropoda,Insecta,Hymenoptera,Halictidae,Lasioglossum
88516,GCA_028455745.1,Invertebrates,Arthropoda,Insecta,Hymenoptera,Halictidae,Lasioglossum
88516,GCA_933228785.1,Invertebrates,Arthropoda,Insecta,Hymenoptera,Halictidae,Lasioglossum
88523,GCA_963971365.1,Invertebrates,Arthropoda,Insecta,Hymenoptera,Halictidae,Lasioglossum
88531,GCA_916610255.1,Invertebrates,Arthropoda,Insecta,Hymenoptera,Halictidae,Lasioglossum
88532,GCA_028454225.1,Invertebrates,Arthropoda,Insecta,Hymenoptera,Halictidae,Lasioglossum
88532,GCA_965262445.1,Invertebrates,Arthropoda,Insecta,Hymenoptera,Halictidae,Lasioglossum
88542,GCA_028455765.1,Invertebrates,Arthropoda,Insecta,Hymenoptera,Halictidae,Lasioglossum
88686,GCA_048544405.1,Invertebrates,Arthropoda,Insecta,Diptera,Phoridae,Megaselia
887762,GCA_963575645.1,Invertebrates,Arthropoda,Insecta,Raphidioptera,Raphidiidae,Xanthostigma
88884,GCA_023558445.1,Invertebrates,Arthropoda,Insecta,Diptera,Drosophilidae,Drosophila
89055,GCA_964235325.1,Invertebrates,Arthropoda,Insecta,Zygentoma,Lepismatidae,Thermobia
89806,GCA_048537615.1,Invertebrates,Arthropoda,Insecta,Hymenoptera,Braconidae,Cotesia
89882,GCA_974392565.1,Invertebrates,Cnidaria,Anthozoa,Scleractinia,Agariciidae,Agaricia
89887,GCF_023558435.1,Invertebrates,Arthropoda,Insecta,Diptera,Drosophilidae,Drosophila
89888,GCA_023558465.2,Invertebrates,Arthropoda,Insecta,Diptera,Drosophilidae,Drosophila
89890,GCA_023558475.1,Invertebrates,Arthropoda,Insecta,Diptera,Drosophilidae,Drosophila
903466,GCA_018397935.1,Invertebrates,Arthropoda,Insecta,Diptera,Chironomidae,Propsilocerus
904094,GCA_963924025.1,Invertebrates,Arthropoda,Insecta,Hymenoptera,Ichneumonidae,Ischnus
909823,GCA_977019055.1,Invertebrates,Arthropoda,Insecta,Lepidoptera,Tischeriidae,Tischeria
911292,GCA_965234655.1,Invertebrates,Arthropoda,Insecta,Diptera,Culicidae,Anopheles
913188,GCA_977012625.1,Invertebrates,Arthropoda,Insecta,Lepidoptera,Elachistidae,Elachista
913277,GCA_965642015.1,Invertebrates,Arthropoda,Insecta,Hymenoptera,Chrysididae,Chrysis
91661,GCA_963681505.1,Invertebrates,Porifera,Demospongiae,Spongillida,Spongillidae,Eunapius
91738,GCA_937612035.1,Invertebrates,Arthropoda,Insecta,Lepidoptera,Lycaenidae,Aricia
91739,GCF_905147365.1,Invertebrates,Arthropoda,Insecta,Lepidoptera,Lycaenidae,Aricia
91739,GCA_905147365.1,Invertebrates,Arthropoda,Insecta,Lepidoptera,Lycaenidae,Aricia
92525,GCA_964212115.1,Invertebrates,Arthropoda,Malacostraca,Isopoda,Asellidae,Asellus
92596,GCA_965234885.1,Invertebrates,Arthropoda,Insecta,Diptera,Lonchopteridae,Lonchoptera
92598,GCA_949752695.1,Invertebrates,Arthropoda,Insecta,Diptera,Syrphidae,Melanostoma
92607,GCA_974939455.1,Invertebrates,Arthropoda,Insecta,Diptera,Platypezidae,Protoclythia
928741,GCA_965636705.1,Invertebrates,Mollusca,Gastropoda,Architaenioglossa,Cochlostomatidae,Cochlostoma
929971,GCA_963151315.1,Invertebrates,Arthropoda,Insecta,Lepidoptera,Nymphalidae,Nymphalis
93034,GCA_965601645.1,Invertebrates,Nematoda,Enoplea,Trichinellida,Trichuridae,Trichuris
931172,GCA_019343175.1,Invertebrates,Arthropoda,Arachnida,Araneae,Linyphiidae,Oedothorax
93129,GCA_049115135.1,Invertebrates,Arthropoda,Arachnida,Trombidiformes,Tetranychidae,Tetranychus
93131,GCA_036759885.1,Invertebrates,Arthropoda,Arachnida,Trombidiformes,Tetranychidae,Tetranychus
93132,GCA_028476895.1,Invertebrates,Arthropoda,Arachnida,Trombidiformes,Tetranychidae,Tetranychus
931494,GCA_951812415.1,Invertebrates,Arthropoda,Insecta,Diptera,Stratiomyidae,Beris
931518,GCA_949715475.1,Invertebrates,Arthropoda,Insecta,Diptera,Stratiomyidae,Microchrysa
933808,GCA_041222645.1,Invertebrates,Annelida,Clitellata,Hirudinida,Haemadipsidae,Sinospelaeobdella
934274,GCA_038095585.1,Invertebrates,Arthropoda,Insecta,Lepidoptera,Tortricidae,Grapholita
934813,GCA_912999815.1,Invertebrates,Arthropoda,Insecta,Lepidoptera,Geometridae,Campaea
934814,GCA_963580505.1,Invertebrates,Arthropoda,Insecta,Lepidoptera,Geometridae,Ennomos
934816,GCA_961405105.1,Invertebrates,Arthropoda,Insecta,Lepidoptera,Geometridae,Perizoma
934818,GCA_964188255.1,Invertebrates,Arthropoda,Insecta,Lepidoptera,Geometridae,Perizoma
934819,GCA_958496245.1,Invertebrates,Arthropoda,Insecta,Lepidoptera,Geometridae,Perizoma
934820,GCA_965285885.1,Invertebrates,Arthropoda,Insecta,Lepidoptera,Geometridae,Acasis
934821,GCA_949125355.1,Invertebrates,Arthropoda,Insecta,Lepidoptera,Geometridae,Agriopis
934824,GCA_947579855.1,Invertebrates,Arthropoda,Insecta,Lepidoptera,Geometridae,Anticlea
934826,GCA_964340555.1,Invertebrates,Arthropoda,Insecta,Lepidoptera,Geometridae,Cabera
934828,GCA_932294275.1,Invertebrates,Arthropoda,Insecta,Lepidoptera,Geometridae,Chloroclysta
934829,GCA_907269065.1,Invertebrates,Arthropoda,Insecta,Lepidoptera,Geometridae,Crocallis
934830,GCA_965112375.1,Invertebrates,Arthropoda,Insecta,Lepidoptera,Geometridae,Cyclophora
934834,GCA_964204675.1,Invertebrates,Arthropoda,Insecta,Lepidoptera,Geometridae,Epione
934838,GCA_951394285.1,Invertebrates,Arthropoda,Insecta,Lepidoptera,Geometridae,Epirrhoe
934839,GCA_918843925.1,Invertebrates,Arthropoda,Insecta,Lepidoptera,Geometridae,Eulithis
934840,GCA_943735965.1,Invertebrates,Arthropoda,Insecta,Lepidoptera,Geometridae,Eupithecia
934841,GCA_964503905.1,Invertebrates,Arthropoda,Insecta,Lepidoptera,Geometridae,Eupithecia
934841,GCA_964503985.1,Invertebrates,Arthropoda,Insecta,Lepidoptera,Geometridae,Eupithecia
934844,GCA_944547425.1,Invertebrates,Arthropoda,Insecta,Lepidoptera,Geometridae,Eupithecia
934845,GCA_947044415.1,Invertebrates,Arthropoda,Insecta,Lepidoptera,Geometridae,Eupithecia
934847,GCA_947086465.1,Invertebrates,Arthropoda,Insecta,Lepidoptera,Geometridae,Eupithecia
934850,GCA_964291785.1,Invertebrates,Arthropoda,Insecta,Lepidoptera,Geometridae,Eupithecia
934853,GCA_963662085.1,Invertebrates,Arthropoda,Insecta,Lepidoptera,Geometridae,Eupithecia
934856,GCA_977018845.1,Invertebrates,Arthropoda,Insecta,Lepidoptera,Geometridae,Eupithecia
934860,GCA_955876795.1,Invertebrates,Arthropoda,Insecta,Lepidoptera,Geometridae,Eupithecia
934866,GCA_946478455.1,Invertebrates,Arthropoda,Insecta,Lepidoptera,Geometridae,Eupithecia
934869,GCA_951804965.1,Invertebrates,Arthropoda,Insecta,Lepidoptera,Geometridae,Horisme
934870,GCA_964270535.1,Invertebrates,Arthropoda,Insecta,Lepidoptera,Geometridae,Hydriomena
934874,GCA_964656515.1,Invertebrates,Arthropoda,Insecta,Lepidoptera,Geometridae,Jodis
934874,GCA_964656555.1,Invertebrates,Arthropoda,Insecta,Lepidoptera,Geometridae,Jodis
934875,GCA_947049295.1,Invertebrates,Arthropoda,Insecta,Lepidoptera,Geometridae,Ligdia
934876,GCA_932526365.1,Invertebrates,Arthropoda,Insecta,Lepidoptera,Geometridae,Lobophora
934877,GCA_964199915.1,Invertebrates,Arthropoda,Insecta,Lepidoptera,Geometridae,Lomographa
934878,GCA_964662155.1,Invertebrates,Arthropoda,Insecta,Lepidoptera,Geometridae,Macaria
934878,GCA_964662175.1,Invertebrates,Arthropoda,Insecta,Lepidoptera,Geometridae,Macaria
934879,GCA_964023185.2,Invertebrates,Arthropoda,Insecta,Lepidoptera,Geometridae,Macaria
934882,GCA_931315375.2,Invertebrates,Arthropoda,Insecta,Lepidoptera,Geometridae,Opisthograptis
934884,GCA_964502765.1,Invertebrates,Arthropoda,Insecta,Lepidoptera,Geometridae,Pachycnemia
934884,GCA_964503185.1,Invertebrates,Arthropoda,Insecta,Lepidoptera,Geometridae,Pachycnemia
934885,GCA_964276655.1,Invertebrates,Arthropoda,Insecta,Lepidoptera,Geometridae,Parectropis
934888,GCA_918857605.2,Invertebrates,Arthropoda,Insecta,Lepidoptera,Geometridae,Philereme
934889,GCA_963854805.1,Invertebrates,Arthropoda,Insecta,Lepidoptera,Geometridae,Plagodis
934890,GCA_977072125.1,Invertebrates,Arthropoda,Insecta,Lepidoptera,Geometridae,Rheumaptera
934894,GCA_917880725.1,Invertebrates,Arthropoda,Insecta,Lepidoptera,Geometridae,Selenia
934896,GCA_947578465.1,Invertebrates,Arthropoda,Insecta,Lepidoptera,Geometridae,Thera
934901,GCA_963582015.1,Invertebrates,Arthropoda,Insecta,Lepidoptera,Geometridae,Xanthorhoe
934903,GCA_964187945.1,Invertebrates,Arthropoda,Insecta,Lepidoptera,Geometridae,Xanthorhoe
934904,GCA_947086425.1,Invertebrates,Arthropoda,Insecta,Lepidoptera,Geometridae,Xanthorhoe
934908,GCA_958496255.1,Invertebrates,Arthropoda,Insecta,Lepidoptera,Geometridae,Camptogramma
934915,GCA_934044485.1,Invertebrates,Arthropoda,Insecta,Lepidoptera,Geometridae,Apeira
934917,GCA_921293045.1,Invertebrates,Arthropoda,Insecta,Lepidoptera,Geometridae,Aplocera
934918,GCA_964260645.1,Invertebrates,Arthropoda,Insecta,Lepidoptera,Geometridae,Aplocera
934923,GCA_964341365.1,Invertebrates,Arthropoda,Insecta,Lepidoptera,Geometridae,Catarhoe
934925,GCA_947359385.1,Invertebrates,Arthropoda,Insecta,Lepidoptera,Geometridae,Chesias
934927,GCA_964340525.1,Invertebrates,Arthropoda,Insecta,Lepidoptera,Geometridae,Cidaria
934931,GCA_951394395.1,Invertebrates,Arthropoda,Insecta,Lepidoptera,Geometridae,Colostygia
934934,GCA_963675405.1,Invertebrates,Arthropoda,Insecta,Lepidoptera,Geometridae,Cosmorhoe
934936,GCA_947095575.1,Invertebrates,Arthropoda,Insecta,Lepidoptera,Geometridae,Electrophaes
934938,GCA_947859175.1,Invertebrates,Arthropoda,Insecta,Lepidoptera,Geometridae,Gandaritis
934940,GCA_929108375.1,Invertebrates,Arthropoda,Insecta,Lepidoptera,Geometridae,Gymnoscelis
934942,GCA_947063395.1,Invertebrates,Arthropoda,Insecta,Lepidoptera,Geometridae,Hemistola
934945,GCA_948098915.1,Invertebrates,Arthropoda,Insecta,Lepidoptera,Geometridae,Lampropteryx
934947,GCA_965152645.1,Invertebrates,Arthropoda,Insecta,Lepidoptera,Geometridae,Melanthia
934953,GCA_965140225.1,Invertebrates,Arthropoda,Insecta,Lepidoptera,Geometridae,Odezia
934957,GCA_963576535.1,Invertebrates,Arthropoda,Insecta,Lepidoptera,Geometridae,Plemyria
934961,GCA_965247765.1,Invertebrates,Arthropoda,Insecta,Lepidoptera,Geometridae,Triphosa
934961,GCA_965247275.1,Invertebrates,Arthropoda,Insecta,Lepidoptera,Geometridae,Triphosa
93504,GCA_038426615.1,Invertebrates,Arthropoda,Insecta,Lepidoptera,Crambidae,Ostrinia
93504,GCA_054396985.1,Invertebrates,Arthropoda,Insecta,Lepidoptera,Crambidae,Ostrinia
935269,GCA_027580255.1,Invertebrates,Arthropoda,Insecta,Hemiptera,Aphididae,Therioaphis
938167,GCA_944739405.2,Invertebrates,Arthropoda,Insecta,Lepidoptera,Erebidae,Euclidia
938171,GCA_905340225.1,Invertebrates,Arthropoda,Insecta,Lepidoptera,Noctuidae,Abrostola
938182,GCA_949752705.1,Invertebrates,Arthropoda,Insecta,Lepidoptera,Erebidae,Callimorpha
938191,GCA_964656175.1,Invertebrates,Arthropoda,Insecta,Lepidoptera,Erebidae,Herminia
938192,GCA_964261375.1,Invertebrates,Arthropoda,Insecta,Lepidoptera,Noctuidae,Hoplodrina
938205,GCA_963082885.1,Invertebrates,Arthropoda,Insecta,Lepidoptera,Erebidae,Parascotia
938207,GCA_965196775.1,Invertebrates,Arthropoda,Insecta,Lepidoptera,Erebidae,Phytometra
938226,GCA_905163465.1,Invertebrates,Arthropoda,Insecta,Lepidoptera,Noctuidae,Craniophora
938230,GCA_964291695.1,Invertebrates,Arthropoda,Insecta,Lepidoptera,Noctuidae,Emmelia
938238,GCA_905147015.1,Invertebrates,Arthropoda,Insecta,Lepidoptera,Erebidae,Laspeyria
938246,GCA_965115895.1,Invertebrates,Arthropoda,Insecta,Lepidoptera,Noctuidae,Panemeria
938246,GCA_965115935.1,Invertebrates,Arthropoda,Insecta,Lepidoptera,Noctuidae,Panemeria
93883,GCA_042254865.1,Invertebrates,Arthropoda,Insecta,Lepidoptera,Tineidae,Tineola
94026,GCA_947359465.1,Invertebrates,Arthropoda,Arachnida,Araneae,Tetragnathidae,Metellina
94029,GCF_947563725.1,Invertebrates,Arthropoda,Arachnida,Araneae,Araneidae,Argiope
94029,GCA_947563725.1,Invertebrates,Arthropoda,Arachnida,Araneae,Araneidae,Argiope
94031,GCA_963978545.1,Invertebrates,Arthropoda,Arachnida,Araneae,Linyphiidae,Linyphia
94034,GCA_001923025.3,Invertebrates,Platyhelminthes,Cestoda,Cyclophyllidea,Taeniidae,Taenia
941097,GCA_030269945.2,Invertebrates,Arthropoda,Insecta,Lepidoptera,Bombycidae,Trilocha
94128,GCA_011100585.1,Invertebrates,Arthropoda,Insecta,Hymenoptera,Apidae,Apis
941989,GCA_964234815.1,Invertebrates,Arthropoda,Insecta,Coleoptera,Elateridae,Ampedus
942218,GCA_965199025.1,Invertebrates,Arthropoda,Insecta,Lepidoptera,Geometridae,Aplocera
942649,GCA_964276705.1,Invertebrates,Porifera,Demospongiae,Axinellida,Axinellidae,Phakellia
942940,GCA_976986415.1,Invertebrates,Arthropoda,Insecta,Lepidoptera,Tortricidae,Ancylis
943103,GCA_964243045.1,Invertebrates,Arthropoda,Insecta,Diptera,Culicidae,Culex
943180,GCA_964332265.1,Invertebrates,Arthropoda,Insecta,Lepidoptera,Pieridae,Colotis
943925,GCA_054131245.1,Invertebrates,Arthropoda,Insecta,Diptera,Drosophilidae,Drosophila
94400,GCA_023375725.1,Invertebrates,Arthropoda,Insecta,Hemiptera,Cicadellidae,Nephotettix
944443,GCA_964256745.1,Invertebrates,Nematoda,Enoplea,Mermithida,Mermithidae,Echinomermella
94722,GCA_964341395.1,Invertebrates,Mollusca,Bivalvia,Cardiida,Cardiidae,Cerastoderma
948454,GCA_042257085.1,Invertebrates,Arthropoda,Insecta,Psocodea,Liposcelididae,Liposcelis
95463,GCA_040938175.1,Invertebrates,Arthropoda,Insecta,Diptera,Scathophagidae,Scathophaga
95512,GCF_027943255.1,Invertebrates,Arthropoda,Insecta,Diptera,Tephritidae,Anastrepha
95512,GCA_027943255.1,Invertebrates,Arthropoda,Insecta,Diptera,Tephritidae,Anastrepha
95538,GCA_019095985.1,Invertebrates,Annelida,Polychaeta,Spionida,Spionidae,Streblospio
95602,GCF_024679095.1,Invertebrates,Arthropoda,Malacostraca,Decapoda,Varunidae,Eriocheir
95972,GCA_030463065.1,Invertebrates,Arthropoda,Insecta,Diptera,Cecidomyiidae,Aphidoletes
96551,GCA_956483605.1,Invertebrates,Arthropoda,Insecta,Hemiptera,Aphididae,Tuberolachnus
96598,GCA_964212105.1,Invertebrates,Nematoda,Chromadorea,Rhabditida,Cephalobidae,Acrobeloides
96641,GCA_963572285.1,Invertebrates,Nematoda,Chromadorea,Rhabditida,Rhabditidae,Caenorhabditis
96851,GCA_977012755.1,Invertebrates,Arthropoda,Malacostraca,Isopoda,Janiridae,Jaera
97058,GCA_976225425.1,Invertebrates,Arthropoda,Insecta,Hemiptera,Aphididae,Cinara
97200,GCA_963921405.1,Invertebrates,Mollusca,Gastropoda,Stylommatophora,Helicidae,Cepaea
977896,GCA_964338675.1,Invertebrates,Arthropoda,Insecta,Lepidoptera,Nymphalidae,Boloria
980960,GCA_965112785.1,Invertebrates,Arthropoda,Insecta,Lepidoptera,Noctuidae,Cerapteryx
98288,GCA_965230695.1,Invertebrates,Mollusca,Bivalvia,Venerida,Sphaeriidae,Sphaerium
98310,GCA_007844125.1,Invertebrates,Mollusca,Bivalvia,Cardiida,Solecurtidae,Sinonovacula
983564,GCA_964199735.2,Invertebrates,Cnidaria,Anthozoa,Scleractinia,Merulinidae,Echinopora
983666,GCA_965235105.1,Invertebrates,Platyhelminthes,Rhabditophora,Polycladida,Pseudocerotidae,Pseudobiceros
984905,GCA_975301275.1,Invertebrates,Arthropoda,Insecta,Diptera,Chironomidae,Diamesa
986949,GCA_976984775.1,Invertebrates,Arthropoda,Insecta,Lepidoptera,Geometridae,Orthonama
986954,GCA_965788885.1,Invertebrates,Arthropoda,Insecta,Lepidoptera,Geometridae,Chlorissa
986958,GCA_965153335.1,Invertebrates,Arthropoda,Insecta,Lepidoptera,Geometridae,Comibaena
986977,GCA_947859395.1,Invertebrates,Arthropoda,Insecta,Lepidoptera,Geometridae,Eupithecia
986980,GCA_963931895.1,Invertebrates,Arthropoda,Insecta,Lepidoptera,Geometridae,Eupithecia
986981,GCA_964277175.1,Invertebrates,Arthropoda,Insecta,Lepidoptera,Geometridae,Eupithecia
986984,GCA_949316285.1,Invertebrates,Arthropoda,Insecta,Lepidoptera,Geometridae,Eupithecia
986989,GCA_964341575.1,Invertebrates,Arthropoda,Insecta,Lepidoptera,Geometridae,Horisme
987009,GCA_949320045.1,Invertebrates,Arthropoda,Insecta,Lepidoptera,Geometridae,Scotopteryx
987013,GCA_939531255.2,Invertebrates,Arthropoda,Insecta,Lepidoptera,Geometridae,Thera
987030,GCA_964204945.1,Invertebrates,Arthropoda,Insecta,Lepidoptera,Geometridae,Pterapherapteryx
987419,GCA_914767945.1,Invertebrates,Arthropoda,Insecta,Lepidoptera,Erebidae,Eilema
987420,GCA_963662185.1,Invertebrates,Arthropoda,Insecta,Lepidoptera,Erebidae,Eilema
987421,GCA_977071765.1,Invertebrates,Arthropoda,Insecta,Lepidoptera,Erebidae,Eilema
987424,GCA_914829495.1,Invertebrates,Arthropoda,Insecta,Lepidoptera,Erebidae,Eilema
987425,GCA_950022335.1,Invertebrates,Arthropoda,Insecta,Lepidoptera,Noctuidae,Eurois
987426,GCA_947578705.1,Invertebrates,Arthropoda,Insecta,Lepidoptera,Noctuidae,Lacanobia
987427,GCA_949319445.1,Invertebrates,Arthropoda,Insecta,Lepidoptera,Noctuidae,Mythimna
987431,GCA_916618015.1,Invertebrates,Arthropoda,Insecta,Lepidoptera,Noctuidae,Xestia
987434,GCA_949128155.2,Invertebrates,Arthropoda,Insecta,Lepidoptera,Noctuidae,Xanthia
987436,GCA_947568825.1,Invertebrates,Arthropoda,Insecta,Lepidoptera,Sphingidae,Sphinx
987439,GCA_963853795.1,Invertebrates,Arthropoda,Insecta,Lepidoptera,Noctuidae,Xestia
987440,GCA_945859575.2,Invertebrates,Arthropoda,Insecta,Lepidoptera,Erebidae,Herminia
987447,GCA_965198555.1,Invertebrates,Arthropoda,Insecta,Lepidoptera,Notodontidae,Pterostoma
987449,GCA_914767695.1,Invertebrates,Arthropoda,Insecta,Lepidoptera,Notodontidae,Ptilodon
987451,GCA_948465475.1,Invertebrates,Arthropoda,Insecta,Lepidoptera,Noctuidae,Thalpophila
987458,GCA_947568875.1,Invertebrates,Arthropoda,Insecta,Lepidoptera,Noctuidae,Fissipunctia
987460,GCA_965196745.1,Invertebrates,Arthropoda,Insecta,Lepidoptera,Noctuidae,Lenisa
987467,GCA_964277625.1,Invertebrates,Arthropoda,Insecta,Lepidoptera,Noctuidae,Shargacucullia
987468,GCA_964273835.1,Invertebrates,Arthropoda,Insecta,Lepidoptera,Noctuidae,Shargacucullia
987469,GCA_947562105.1,Invertebrates,Arthropoda,Insecta,Lepidoptera,Noctuidae,Shargacucullia
987471,GCA_976984565.1,Invertebrates,Arthropoda,Insecta,Lepidoptera,Erebidae,Dicallomera
987475,GCA_947361185.1,Invertebrates,Arthropoda,Insecta,Lepidoptera,Noctuidae,Charanyca
987859,GCA_910591435.1,Invertebrates,Arthropoda,Insecta,Lepidoptera,Noctuidae,Acronicta
987860,GCA_964056405.1,Invertebrates,Arthropoda,Insecta,Lepidoptera,Noctuidae,Acronicta
987862,GCA_947256265.1,Invertebrates,Arthropoda,Insecta,Lepidoptera,Noctuidae,Acronicta
987865,GCA_946251955.1,Invertebrates,Arthropoda,Insecta,Lepidoptera,Noctuidae,Acronicta
987866,GCA_914767755.1,Invertebrates,Arthropoda,Insecta,Lepidoptera,Noctuidae,Agrochola
987869,GCA_949152395.1,Invertebrates,Arthropoda,Insecta,Lepidoptera,Noctuidae,Agrochola
987870,GCA_947364205.1,Invertebrates,Arthropoda,Insecta,Lepidoptera,Noctuidae,Agrochola
987871,GCA_963680765.1,Invertebrates,Arthropoda,Insecta,Lepidoptera,Noctuidae,Agrochola
987872,GCA_916701695.1,Invertebrates,Arthropoda,Insecta,Lepidoptera,Noctuidae,Agrochola
987875,GCA_947508005.1,Invertebrates,Arthropoda,Insecta,Lepidoptera,Noctuidae,Amphipoea
987876,GCA_945859645.1,Invertebrates,Arthropoda,Insecta,Lepidoptera,Noctuidae,Amphipoea
987877,GCA_910594945.2,Invertebrates,Arthropoda,Insecta,Lepidoptera,Noctuidae,Amphipyra
987880,GCA_947507525.1,Invertebrates,Arthropoda,Insecta,Lepidoptera,Noctuidae,Apamea
987881,GCA_965234015.1,Invertebrates,Arthropoda,Insecta,Lepidoptera,Noctuidae,Apamea
987887,GCA_964263905.1,Invertebrates,Arthropoda,Insecta,Lepidoptera,Noctuidae,Apamea
987889,GCA_965117225.1,Invertebrates,Arthropoda,Insecta,Lepidoptera,Erebidae,Atolmis
987891,GCA_964264225.1,Invertebrates,Arthropoda,Insecta,Lepidoptera,Noctuidae,Autographa
987893,GCA_905475315.1,Invertebrates,Arthropoda,Insecta,Lepidoptera,Noctuidae,Autographa
987895,GCA_932526535.1,Invertebrates,Arthropoda,Insecta,Lepidoptera,Noctuidae,Caradrina
987896,GCA_947462355.1,Invertebrates,Arthropoda,Insecta,Lepidoptera,Noctuidae,Caradrina
987900,GCA_964276795.1,Invertebrates,Arthropoda,Insecta,Lepidoptera,Notodontidae,Cerura
987901,GCA_965151675.1,Invertebrates,Arthropoda,Insecta,Lepidoptera,Noctuidae,Charanyca
987902,GCA_905475355.2,Invertebrates,Arthropoda,Insecta,Lepidoptera,Notodontidae,Clostera
987903,GCA_965285835.1,Invertebrates,Arthropoda,Insecta,Lepidoptera,Noctuidae,Colocasia
987905,GCA_965278235.1,Invertebrates,Arthropoda,Insecta,Lepidoptera,Noctuidae,Conistra
987906,GCA_965663715.1,Invertebrates,Arthropoda,Insecta,Lepidoptera,Noctuidae,Conistra
987907,GCA_965218605.1,Invertebrates,Arthropoda,Insecta,Lepidoptera,Noctuidae,Cosmia
987909,GCA_946251885.1,Invertebrates,Arthropoda,Insecta,Lepidoptera,Noctuidae,Cosmia
987910,GCA_964341565.1,Invertebrates,Arthropoda,Insecta,Lepidoptera,Noctuidae,Cryphia
987910,GCA_964341545.1,Invertebrates,Arthropoda,Insecta,Lepidoptera,Noctuidae,Cryphia
987918,GCA_946251805.1,Invertebrates,Arthropoda,Insecta,Lepidoptera,Erebidae,Cybosia
987919,GCA_963555695.1,Invertebrates,Arthropoda,Insecta,Lepidoptera,Noctuidae,Dasypolia
987922,GCA_949125395.1,Invertebrates,Arthropoda,Insecta,Lepidoptera,Erebidae,Diaphora
987923,GCA_949774965.1,Invertebrates,Arthropoda,Insecta,Lepidoptera,Noctuidae,Diarsia
987924,GCA_949316265.1,Invertebrates,Arthropoda,Insecta,Lepidoptera,Noctuidae,Diarsia
987925,GCA_932274075.1,Invertebrates,Arthropoda,Insecta,Lepidoptera,Noctuidae,Diarsia
987926,GCA_947459985.1,Invertebrates,Arthropoda,Insecta,Lepidoptera,Noctuidae,Diloba
987928,GCA_965246655.1,Invertebrates,Arthropoda,Insecta,Lepidoptera,Erebidae,Dysauxes
987928,GCA_965246625.1,Invertebrates,Arthropoda,Insecta,Lepidoptera,Erebidae,Dysauxes
987929,GCA_949126895.1,Invertebrates,Arthropoda,Insecta,Lepidoptera,Erebidae,Eilema
987930,GCA_964656345.1,Invertebrates,Arthropoda,Insecta,Lepidoptera,Noctuidae,Elaphria
987931,GCA_965378825.1,Invertebrates,Arthropoda,Insecta,Lepidoptera,Noctuidae,Enargia
987931,GCA_965378805.1,Invertebrates,Arthropoda,Insecta,Lepidoptera,Noctuidae,Enargia
987932,GCA_963859945.1,Invertebrates,Arthropoda,Insecta,Lepidoptera,Erebidae,Euplagia
987933,GCA_921972225.1,Invertebrates,Arthropoda,Insecta,Lepidoptera,Noctuidae,Euplexia
987934,GCA_965178235.1,Invertebrates,Arthropoda,Insecta,Lepidoptera,Erebidae,Euproctis
987935,GCA_905147225.2,Invertebrates,Arthropoda,Insecta,Lepidoptera,Erebidae,Euproctis
987942,GCA_977012745.1,Invertebrates,Arthropoda,Insecta,Lepidoptera,Notodontidae,Furcula
987942,GCA_977012635.1,Invertebrates,Arthropoda,Insecta,Lepidoptera,Notodontidae,Furcula
987943,GCA_911728495.1,Invertebrates,Arthropoda,Insecta,Lepidoptera,Notodontidae,Furcula
987945,GCA_965152725.1,Invertebrates,Arthropoda,Insecta,Lepidoptera,Noctuidae,Hada
987947,GCA_965212325.1,Invertebrates,Arthropoda,Insecta,Lepidoptera,Noctuidae,Hadena
987949,GCA_965198765.1,Invertebrates,Arthropoda,Insecta,Lepidoptera,Noctuidae,Hadena
987953,GCA_907164795.1,Invertebrates,Arthropoda,Insecta,Lepidoptera,Sphingidae,Hemaris
987956,GCA_949316365.1,Invertebrates,Arthropoda,Insecta,Lepidoptera,Noctuidae,Hoplodrina
987961,GCA_951799385.1,Invertebrates,Arthropoda,Insecta,Lepidoptera,Noctuidae,Hyppa
987962,GCA_965282485.1,Invertebrates,Arthropoda,Insecta,Lepidoptera,Noctuidae,Ipimorpha
987962,GCA_965282495.1,Invertebrates,Arthropoda,Insecta,Lepidoptera,Noctuidae,Ipimorpha
987968,GCA_958295575.1,Invertebrates,Arthropoda,Insecta,Lepidoptera,Noctuidae,Leucania
987969,GCA_965615905.1,Invertebrates,Arthropoda,Insecta,Lepidoptera,Noctuidae,Leucania
987973,GCA_948473465.1,Invertebrates,Arthropoda,Insecta,Lepidoptera,Noctuidae,Lithophane
987974,GCA_963576445.1,Invertebrates,Arthropoda,Insecta,Lepidoptera,Erebidae,Lithosia
987975,GCA_950005105.1,Invertebrates,Arthropoda,Insecta,Lepidoptera,Noctuidae,Lycophotia
987977,GCA_936450015.1,Invertebrates,Arthropoda,Insecta,Lepidoptera,Nolidae,Meganola
987978,GCA_965277205.1,Invertebrates,Arthropoda,Insecta,Lepidoptera,Nolidae,Meganola
987978,GCA_965276985.1,Invertebrates,Arthropoda,Insecta,Lepidoptera,Nolidae,Meganola
987979,GCA_947386135.1,Invertebrates,Arthropoda,Insecta,Lepidoptera,Noctuidae,Melanchra
987980,GCA_933228765.1,Invertebrates,Arthropoda,Insecta,Lepidoptera,Erebidae,Miltochrista
987983,GCA_929112965.1,Invertebrates,Arthropoda,Insecta,Lepidoptera,Noctuidae,Mythimna
987984,GCA_964503365.1,Invertebrates,Arthropoda,Insecta,Lepidoptera,Noctuidae,Mythimna
987985,GCA_905147345.3,Invertebrates,Arthropoda,Insecta,Lepidoptera,Noctuidae,Mythimna
987986,GCA_961205895.1,Invertebrates,Arthropoda,Insecta,Lepidoptera,Noctuidae,Mythimna
987991,GCA_949316375.1,Invertebrates,Arthropoda,Insecta,Lepidoptera,Noctuidae,Mythimna
987992,GCA_963082995.1,Invertebrates,Arthropoda,Insecta,Lepidoptera,Noctuidae,Noctua
987995,GCA_910589295.1,Invertebrates,Arthropoda,Insecta,Lepidoptera,Noctuidae,Noctua
987996,GCA_963576755.1,Invertebrates,Arthropoda,Insecta,Lepidoptera,Noctuidae,Noctua
988002,GCA_918843915.1,Invertebrates,Arthropoda,Insecta,Lepidoptera,Notodontidae,Notodonta
988003,GCA_963556515.1,Invertebrates,Arthropoda,Insecta,Lepidoptera,Erebidae,Nudaria
988004,GCA_947037095.2,Invertebrates,Arthropoda,Insecta,Lepidoptera,Nolidae,Nycteola
988005,GCA_965239665.1,Invertebrates,Arthropoda,Insecta,Lepidoptera,Notodontidae,Odontosia
988005,GCA_965239595.1,Invertebrates,Arthropoda,Insecta,Lepidoptera,Notodontidae,Odontosia
988008,GCA_948474745.1,Invertebrates,Arthropoda,Insecta,Lepidoptera,Noctuidae,Oligia
988009,GCA_951800025.1,Invertebrates,Arthropoda,Insecta,Lepidoptera,Noctuidae,Oligia
988010,GCA_964057195.1,Invertebrates,Arthropoda,Insecta,Lepidoptera,Noctuidae,Orthosia
988010,GCA_964057205.1,Invertebrates,Arthropoda,Insecta,Lepidoptera,Noctuidae,Orthosia
988011,GCA_948252205.1,Invertebrates,Arthropoda,Insecta,Lepidoptera,Noctuidae,Orthosia
988016,GCA_963691645.1,Invertebrates,Arthropoda,Insecta,Lepidoptera,Erebidae,Pelosia
988017,GCA_977066695.1,Invertebrates,Arthropoda,Insecta,Lepidoptera,Notodontidae,Peridea
988018,GCA_905404115.1,Invertebrates,Arthropoda,Insecta,Lepidoptera,Notodontidae,Pheosia
988019,GCA_905333125.1,Invertebrates,Arthropoda,Insecta,Lepidoptera,Notodontidae,Pheosia
988022,GCA_964291845.1,Invertebrates,Arthropoda,Insecta,Lepidoptera,Noctuidae,Polia
988024,GCA_951329385.1,Invertebrates,Arthropoda,Insecta,Lepidoptera,Noctuidae,Polia
988025,GCA_905187585.1,Invertebrates,Arthropoda,Insecta,Lepidoptera,Lycaenidae,Cyaniris
988028,GCA_964605925.1,Invertebrates,Arthropoda,Insecta,Lepidoptera,Notodontidae,Ptilodon
988039,GCA_964188045.1,Invertebrates,Arthropoda,Insecta,Lepidoptera,Erebidae,Spilosoma
988041,GCA_943138885.2,Invertebrates,Arthropoda,Insecta,Lepidoptera,Noctuidae,Tholera
988042,GCA_964288745.1,Invertebrates,Arthropoda,Insecta,Lepidoptera,Noctuidae,Tyta
988043,GCA_950022955.1,Invertebrates,Arthropoda,Insecta,Lepidoptera,Noctuidae,Xestia
988044,GCA_964341255.1,Invertebrates,Arthropoda,Insecta,Lepidoptera,Noctuidae,Xestia
988044,GCA_964341265.1,Invertebrates,Arthropoda,Insecta,Lepidoptera,Noctuidae,Xestia
988045,GCA_965113175.1,Invertebrates,Arthropoda,Insecta,Lepidoptera,Noctuidae,Xestia
988045,GCA_965113115.1,Invertebrates,Arthropoda,Insecta,Lepidoptera,Noctuidae,Xestia
988049,GCA_905147715.2,Invertebrates,Arthropoda,Insecta,Lepidoptera,Noctuidae,Xestia
988050,GCA_965275965.1,Invertebrates,Arthropoda,Insecta,Lepidoptera,Noctuidae,Xylena
988056,GCA_932294325.1,Invertebrates,Arthropoda,Insecta,Lepidoptera,Noctuidae,Allophyes
988060,GCA_945859665.1,Invertebrates,Arthropoda,Insecta,Lepidoptera,Noctuidae,Anorthoa
988062,GCA_947359405.1,Invertebrates,Arthropoda,Insecta,Lepidoptera,Noctuidae,Antitype
988064,GCA_977061935.1,Invertebrates,Arthropoda,Insecta,Lepidoptera,Noctuidae,Aporophyla
988065,GCA_947507805.1,Invertebrates,Arthropoda,Insecta,Lepidoptera,Noctuidae,Aporophyla
988067,GCA_965285825.1,Invertebrates,Arthropoda,Insecta,Lepidoptera,Noctuidae,Arenostola
988069,GCA_949699075.1,Invertebrates,Arthropoda,Insecta,Lepidoptera,Noctuidae,Asteroscopus
988071,GCA_905333075.3,Invertebrates,Arthropoda,Insecta,Lepidoptera,Noctuidae,Atethmia
988081,GCA_937001585.2,Invertebrates,Arthropoda,Insecta,Lepidoptera,Noctuidae,Brachylomia
988087,GCA_963859965.1,Invertebrates,Arthropoda,Insecta,Lepidoptera,Noctuidae,Ceramica
988089,GCA_949152445.1,Invertebrates,Arthropoda,Insecta,Lepidoptera,Noctuidae,Cerastis
98809,GCA_024586455.2,Invertebrates,Arthropoda,Insecta,Diptera,Tephritidae,Bactrocera
98809,GCF_024586455.1,Invertebrates,Arthropoda,Insecta,Diptera,Tephritidae,Bactrocera
988093,GCA_977013235.1,Invertebrates,Arthropoda,Insecta,Lepidoptera,Noctuidae,Chersotis
988106,GCA_917490735.1,Invertebrates,Arthropoda,Insecta,Lepidoptera,Noctuidae,Dryobotodes
988114,GCA_947578425.1,Invertebrates,Arthropoda,Insecta,Lepidoptera,Noctuidae,Eugnorisma
988118,GCA_963669345.1,Invertebrates,Arthropoda,Insecta,Lepidoptera,Noctuidae,Gortyna
988124,GCA_965226135.1,Invertebrates,Arthropoda,Insecta,Lepidoptera,Noctuidae,Hecatera
988125,GCA_905332915.2,Invertebrates,Arthropoda,Insecta,Lepidoptera,Noctuidae,Hecatera
988129,GCA_965117175.1,Invertebrates,Arthropoda,Insecta,Lepidoptera,Noctuidae,Mesapamea
988133,GCA_965196665.1,Invertebrates,Arthropoda,Insecta,Lepidoptera,Noctuidae,Mormo
988141,GCA_964261395.1,Invertebrates,Arthropoda,Insecta,Lepidoptera,Noctuidae,Panolis
988145,GCA_964277095.1,Invertebrates,Arthropoda,Insecta,Lepidoptera,Noctuidae,Parastichtis
988148,GCA_964662195.1,Invertebrates,Arthropoda,Insecta,Lepidoptera,Noctuidae,Photedes
988154,GCA_951394255.1,Invertebrates,Arthropoda,Insecta,Lepidoptera,Drepanidae,Polyploca
988156,GCA_964504975.1,Invertebrates,Arthropoda,Insecta,Lepidoptera,Noctuidae,Rhizedra
988158,GCA_964057025.1,Invertebrates,Arthropoda,Insecta,Lepidoptera,Noctuidae,Standfussiana
988162,GCA_948098905.1,Invertebrates,Arthropoda,Insecta,Lepidoptera,Noctuidae,Tiliacea
988163,GCA_963921375.1,Invertebrates,Arthropoda,Insecta,Lepidoptera,Noctuidae,Tiliacea
988165,GCA_977066605.1,Invertebrates,Arthropoda,Insecta,Lepidoptera,Noctuidae,Trachea
988167,GCA_964416535.1,Invertebrates,Arthropoda,Insecta,Lepidoptera,Lasiocampidae,Trichiura
988174,GCA_927399505.1,Invertebrates,Arthropoda,Insecta,Lepidoptera,Noctuidae,Luperina
988176,GCA_965178025.1,Invertebrates,Arthropoda,Insecta,Lepidoptera,Notodontidae,Drymonia
988177,GCA_965437455.1,Invertebrates,Arthropoda,Insecta,Lepidoptera,Notodontidae,Drymonia
988177,GCA_965437465.1,Invertebrates,Arthropoda,Insecta,Lepidoptera,Notodontidae,Drymonia
988178,GCA_947859195.1,Invertebrates,Arthropoda,Insecta,Lepidoptera,Notodontidae,Drymonia
988179,GCA_964304645.1,Invertebrates,Arthropoda,Insecta,Lepidoptera,Notodontidae,Ptilophora
989733,GCA_964188265.1,Invertebrates,Arthropoda,Insecta,Lepidoptera,Tortricidae,Agapeta
989741,GCA_947623375.1,Invertebrates,Arthropoda,Insecta,Lepidoptera,Tortricidae,Apotomis
989760,GCA_964341515.1,Invertebrates,Arthropoda,Insecta,Lepidoptera,Crambidae,Crambus
989760,GCA_964341525.1,Invertebrates,Arthropoda,Insecta,Lepidoptera,Crambidae,Crambus
989769,GCA_932294315.1,Invertebrates,Arthropoda,Insecta,Lepidoptera,Tortricidae,Epinotia
989771,GCA_965378785.1,Invertebrates,Arthropoda,Insecta,Lepidoptera,Tortricidae,Epinotia
989771,GCA_965378795.1,Invertebrates,Arthropoda,Insecta,Lepidoptera,Tortricidae,Epinotia
991102,GCA_964023275.1,Invertebrates,Annelida,Clitellata,Crassiclitellata,Hormogastridae,Norana
99200,GCA_053542325.1,Invertebrates,Arthropoda,Insecta,Hymenoptera,Trichogrammatidae,Trichogramma
994498,GCA_978019455.1,Invertebrates,Arthropoda,Insecta,Hemiptera,Aphididae,Macrosiphum
995051,GCA_964332085.1,Invertebrates,Arthropoda,Insecta,Lepidoptera,Nymphalidae,Boloria
995702,GCF_040115645.1,Invertebrates,Arthropoda,Insecta,Coleoptera,Curculionidae,Euwallacea
995702,GCA_040115645.1,Invertebrates,Arthropoda,Insecta,Coleoptera,Curculionidae,Euwallacea
996417,GCA_964017125.1,Invertebrates,Annelida,Polychaeta,Terebellida,Flabelligeridae,Flabesymbios
997289,GCA_963555595.1,Invertebrates,Arthropoda,Insecta,Lepidoptera,Drepanidae,Tethea
997290,GCA_948477245.1,Invertebrates,Arthropoda,Insecta,Lepidoptera,Erebidae,Thumatha
997512,GCA_964273745.1,Invertebrates,Arthropoda,Insecta,Lepidoptera,Erebidae,Lygephila
997513,GCA_965284725.1,Invertebrates,Arthropoda,Insecta,Lepidoptera,Erebidae,Macrochilo
997514,GCA_976985735.1,Invertebrates,Arthropoda,Insecta,Lepidoptera,Erebidae,Minucia
997515,GCA_964656525.1,Invertebrates,Arthropoda,Insecta,Lepidoptera,Erebidae,Polypogon
997517,GCA_964260715.1,Invertebrates,Arthropoda,Insecta,Lepidoptera,Noctuidae,Euchalcia
997521,GCA_965615795.1,Invertebrates,Arthropoda,Insecta,Lepidoptera,Noctuidae,Moma
997525,GCA_954870645.1,Invertebrates,Arthropoda,Insecta,Lepidoptera,Noctuidae,Agrotis
997526,GCA_951799955.1,Invertebrates,Arthropoda,Insecta,Lepidoptera,Noctuidae,Apamea
997530,GCA_963082945.1,Invertebrates,Arthropoda,Insecta,Lepidoptera,Noctuidae,Cerastis
997532,GCA_963853775.1,Invertebrates,Arthropoda,Insecta,Lepidoptera,Noctuidae,Xanthia
997535,GCA_965112495.1,Invertebrates,Arthropoda,Insecta,Lepidoptera,Noctuidae,Egira
997537,GCA_947363905.1,Invertebrates,Arthropoda,Insecta,Lepidoptera,Noctuidae,Lithophane
997538,GCA_947522985.1,Invertebrates,Arthropoda,Insecta,Lepidoptera,Noctuidae,Lithophane
997540,GCA_910589285.2,Invertebrates,Arthropoda,Insecta,Lepidoptera,Noctuidae,Mythimna
997542,GCA_947562075.1,Invertebrates,Arthropoda,Insecta,Lepidoptera,Noctuidae,Orthosia
997543,GCA_977072245.1,Invertebrates,Arthropoda,Insecta,Lepidoptera,Noctuidae,Sideridis
997545,GCA_941918905.2,Invertebrates,Arthropoda,Insecta,Lepidoptera,Noctuidae,Xestia
997549,GCA_973571095.1,Invertebrates,Arthropoda,Insecta,Lepidoptera,Noctuidae,Calamia
997551,GCA_916614155.1,Invertebrates,Arthropoda,Insecta,Lepidoptera,Noctuidae,Mesoligia
999287,GCA_964059495.1,Invertebrates,Cnidaria,Anthozoa,Scleractinia,Pocilloporidae,Madracis
10013,GCA_031878665.1,Mammalia,Chordata,Mammalia,Rodentia,Geomyidae,Thomomys
10013,GCA_031878675.1,Mammalia,Chordata,Mammalia,Rodentia,Geomyidae,Thomomys
10029,GCF_003668045.3,Mammalia,Chordata,Mammalia,Rodentia,Cricetidae,Cricetulus
10034,GCA_964304595.1,Mammalia,Chordata,Mammalia,Rodentia,Cricetidae,Cricetus
10041,GCA_004664715.2,Mammalia,Chordata,Mammalia,Rodentia,Cricetidae,Peromyscus
10041,GCF_004664715.2,Mammalia,Chordata,Mammalia,Rodentia,Cricetidae,Peromyscus
10044,GCA_023856395.1,Mammalia,Chordata,Mammalia,Rodentia,Cricetidae,Phodopus
10047,GCF_030254825.1,Mammalia,Chordata,Mammalia,Rodentia,Muridae,Meriones
10047,GCA_030254825.1,Mammalia,Chordata,Mammalia,Rodentia,Muridae,Meriones
10058,GCF_037038515.1,Mammalia,Chordata,Mammalia,Rodentia,Cricetidae,Microtus
10058,GCA_037038515.1,Mammalia,Chordata,Mammalia,Rodentia,Cricetidae,Microtus
10068,GCA_029890205.1,Mammalia,Chordata,Mammalia,Rodentia,Muridae,Acomys
10089,GCF_900094665.2,Mammalia,Chordata,Mammalia,Rodentia,Muridae,Mus
100897,GCA_054502245.1,Mammalia,Chordata,Mammalia,Rodentia,Cricetidae,Alexandromys
10090,GCA_030265425.1,Mammalia,Chordata,Mammalia,Rodentia,Muridae,Mus
10090,GCF_000001635.27,Mammalia,Chordata,Mammalia,Rodentia,Muridae,Mus
10091,GCA_964188545.1,Mammalia,Chordata,Mammalia,Rodentia,Muridae,Mus
10096,GCA_921997135.2,Mammalia,Chordata,Mammalia,Rodentia,Muridae,Mus
10116,GCF_036323735.1,Mammalia,Chordata,Mammalia,Rodentia,Muridae,Rattus
10116,GCF_000001895.5,Mammalia,Chordata,Mammalia,Rodentia,Muridae,Rattus
10117,GCA_011064425.1,Mammalia,Chordata,Mammalia,Rodentia,Muridae,Rattus
10117,GCF_011064425.1,Mammalia,Chordata,Mammalia,Rodentia,Muridae,Rattus
10129,GCF_947179515.1,Mammalia,Chordata,Mammalia,Rodentia,Muridae,Apodemus
10129,GCA_947179515.1,Mammalia,Chordata,Mammalia,Rodentia,Muridae,Apodemus
10166,GCA_048771875.1,Mammalia,Chordata,Mammalia,Rodentia,Ctenodactylidae,Ctenodactylus
10181,GCA_944319715.1,Mammalia,Chordata,Mammalia,Rodentia,Bathyergidae,Heterocephalus
10185,GCA_977036005.1,Mammalia,Chordata,Mammalia,Rodentia,Castoridae,Castor
103596,GCA_051427955.1,Mammalia,Chordata,Mammalia,Artiodactyla,Delphinidae,Peponocephala
1047088,GCF_903992535.2,Mammalia,Chordata,Mammalia,Rodentia,Cricetidae,Arvicola
105295,GCA_044885105.1,Mammalia,Chordata,Mammalia,Chiroptera,Vespertilionidae,Pipistrellus
1088058,GCA_046563475.2,Mammalia,Chordata,Mammalia,Artiodactyla,Cervidae,Cervus
109475,GCF_024139225.1,Mammalia,Chordata,Mammalia,Eulipotyphla,Soricidae,Suncus
109475,GCA_024139225.1,Mammalia,Chordata,Mammalia,Eulipotyphla,Soricidae,Suncus
109479,GCA_964195625.1,Mammalia,Chordata,Mammalia,Chiroptera,Vespertilionidae,Myotis
109479,GCA_964094495.3,Mammalia,Chordata,Mammalia,Chiroptera,Vespertilionidae,Myotis
109480,GCA_965115945.2,Mammalia,Chordata,Mammalia,Chiroptera,Vespertilionidae,Myotis
109480,GCA_965115925.2,Mammalia,Chordata,Mammalia,Chiroptera,Vespertilionidae,Myotis
109481,GCA_964212035.2,Mammalia,Chordata,Mammalia,Chiroptera,Vespertilionidae,Myotis
110931,GCF_027409185.1,Mammalia,Chordata,Mammalia,Dermoptera,Cynocephalidae,Cynocephalus
110931,GCA_027409185.1,Mammalia,Chordata,Mammalia,Dermoptera,Cynocephalidae,Cynocephalus
112018,GCA_036325905.1,Mammalia,Chordata,Mammalia,Lagomorpha,Leporidae,Lepus
124745,GCA_026230045.2,Mammalia,Chordata,Mammalia,Chiroptera,Vespertilionidae,Corynorhinus
124745,GCA_026230055.2,Mammalia,Chordata,Mammalia,Chiroptera,Vespertilionidae,Corynorhinus
129233,GCA_054099735.1,Mammalia,Chordata,Mammalia,Artiodactyla,Bovidae,Cephalophula
13151,GCA_963924665.1,Mammalia,Chordata,Mammalia,Rodentia,Muridae,Micromys
13616,GCF_027887165.1,Mammalia,Chordata,Mammalia,Didelphimorphia,Didelphidae,Monodelphis
13616,GCF_000002295.2,Mammalia,Chordata,Mammalia,Didelphimorphia,Didelphidae,Monodelphis
1398410,GCA_050926205.1,Mammalia,Chordata,Mammalia,Carnivora,Canidae,Vulpes
143281,GCF_048164855.1,Mammalia,Chordata,Mammalia,Carnivora,Canidae,Canis
143281,GCA_048164855.1,Mammalia,Chordata,Mammalia,Carnivora,Canidae,Canis
143292,GCF_030020395.1,Mammalia,Chordata,Mammalia,Pholidota,Manidae,Manis
143292,GCA_030020395.1,Mammalia,Chordata,Mammalia,Pholidota,Manidae,Manis
146129,GCA_049190895.1,Mammalia,Chordata,Mammalia,Rodentia,Spalacidae,Myospalax
146134,GCA_035773235.1,Mammalia,Chordata,Mammalia,Rodentia,Spalacidae,Eospalax
1552295,GCA_037176705.1,Mammalia,Chordata,Mammalia,Chiroptera,Molossidae,Molossus
1552295,GCA_037157525.1,Mammalia,Chordata,Mammalia,Chiroptera,Molossidae,Molossus
1574408,GCF_019320065.1,Mammalia,Chordata,Mammalia,Artiodactyla,Cervidae,Cervus
1574408,GCA_019320065.1,Mammalia,Chordata,Mammalia,Artiodactyla,Cervidae,Cervus
161921,GCA_028646355.1,Mammalia,Chordata,Mammalia,Carnivora,Otariidae,Arctocephalus
1705790,GCA_946052875.1,Mammalia,Chordata,Mammalia,Artiodactyla,Bovidae,Bos
173903,GCA_043880545.1,Mammalia,Chordata,Mammalia,Chiroptera,Rhinopomatidae,Rhinopoma
175524,GCA_031876335.1,Mammalia,Chordata,Mammalia,Chiroptera,Hipposideridae,Hipposideros
175524,GCA_043727955.1,Mammalia,Chordata,Mammalia,Chiroptera,Hipposideridae,Hipposideros
187003,GCA_044509165.1,Mammalia,Chordata,Mammalia,Chiroptera,Emballonuridae,Taphozous
187010,GCA_036971965.2,Mammalia,Chordata,Mammalia,Chiroptera,Vespertilionidae,Nyctalus
188568,GCA_033961575.1,Mammalia,Chordata,Mammalia,Chiroptera,Hipposideridae,Aselliscus
188568,GCA_043727835.1,Mammalia,Chordata,Mammalia,Chiroptera,Hipposideridae,Aselliscus
188572,GCA_041825415.1,Mammalia,Chordata,Mammalia,Chiroptera,Rhinolophidae,Rhinolophus
191870,GCA_016433145.1,Mammalia,Chordata,Mammalia,Didelphimorphia,Didelphidae,Gracilinanus
191870,GCF_016433145.1,Mammalia,Chordata,Mammalia,Didelphimorphia,Didelphidae,Gracilinanus
208969,GCA_051307135.1,Mammalia,Chordata,Mammalia,Chiroptera,Phyllostomidae,Carollia
208969,GCA_051307085.1,Mammalia,Chordata,Mammalia,Chiroptera,Phyllostomidae,Carollia
213498,GCA_049190835.1,Mammalia,Chordata,Mammalia,Rodentia,Spalacidae,Myospalax
227087,GCA_963992745.1,Mammalia,Chordata,Mammalia,Pilosa,Bradypodidae,Bradypus
230172,GCA_028583565.1,Mammalia,Chordata,Mammalia,Artiodactyla,Bovidae,Ovis
230844,GCA_003704035.3,Mammalia,Chordata,Mammalia,Rodentia,Cricetidae,Peromyscus
230844,GCF_049852395.1,Mammalia,Chordata,Mammalia,Rodentia,Cricetidae,Peromyscus
2358194,GCA_050655445.1,Mammalia,Chordata,Mammalia,Chiroptera,Phyllostomidae,Gardnerycteris
2358194,GCA_050655435.1,Mammalia,Chordata,Mammalia,Chiroptera,Phyllostomidae,Gardnerycteris
244218,GCA_048197275.1,Mammalia,Chordata,Mammalia,Carnivora,Mustelidae,Mustela
246437,GCA_033439345.1,Mammalia,Chordata,Mammalia,Scandentia,Tupaiidae,Tupaia
246814,GCA_949987585.2,Mammalia,Chordata,Mammalia,Chiroptera,Vespertilionidae,Pipistrellus
248254,GCA_976986665.1,Mammalia,Chordata,Mammalia,Carnivora,Phocidae,Monachus
249008,GCA_051107335.1,Mammalia,Chordata,Mammalia,Chiroptera,Phyllostomidae,Micronycteris
249008,GCA_051107205.1,Mammalia,Chordata,Mammalia,Chiroptera,Phyllostomidae,Micronycteris
249017,GCA_037038555.1,Mammalia,Chordata,Mammalia,Chiroptera,Emballonuridae,Rhynchonycteris
249017,GCA_037038545.1,Mammalia,Chordata,Mammalia,Chiroptera,Emballonuridae,Rhynchonycteris
249018,GCA_036850995.1,Mammalia,Chordata,Mammalia,Chiroptera,Emballonuridae,Saccopteryx
249018,GCF_036850995.1,Mammalia,Chordata,Mammalia,Chiroptera,Emballonuridae,Saccopteryx
249021,GCA_043880285.1,Mammalia,Chordata,Mammalia,Chiroptera,Hipposideridae,Doryrhina
261002,GCA_053478225.1,Mammalia,Chordata,Mammalia,Rodentia,Bathyergidae,Fukomys
269649,GCF_950005125.1,Mammalia,Chordata,Mammalia,Rodentia,Cricetidae,Chionomys
269649,GCA_950005125.1,Mammalia,Chordata,Mammalia,Rodentia,Cricetidae,Chionomys
2740528,GCA_017591445.1,Mammalia,Chordata,Mammalia,Artiodactyla,Giraffidae,Giraffa
2746895,GCF_028023285.1,Mammalia,Chordata,Mammalia,Artiodactyla,Balaenopteridae,Balaenoptera
27606,GCA_028564815.2,Mammalia,Chordata,Mammalia,Artiodactyla,Balaenidae,Eubalaena
27606,GCF_028564815.1,Mammalia,Chordata,Mammalia,Artiodactyla,Balaenidae,Eubalaena
27610,GCF_949774975.1,Mammalia,Chordata,Mammalia,Artiodactyla,Delphinidae,Lagenorhynchus
27634,GCA_038363175.3,Mammalia,Chordata,Mammalia,Chiroptera,Phyllostomidae,Artibeus
27634,GCA_038363095.4,Mammalia,Chordata,Mammalia,Chiroptera,Phyllostomidae,Artibeus
27658,GCA_051107545.1,Mammalia,Chordata,Mammalia,Chiroptera,Phyllostomidae,Platyrrhinus
27658,GCA_051107505.1,Mammalia,Chordata,Mammalia,Chiroptera,Phyllostomidae,Platyrrhinus
27675,GCF_015220235.1,Mammalia,Chordata,Mammalia,Pilosa,Megalonychidae,Choloepus
283924,GCA_051942805.1,Mammalia,Chordata,Mammalia,Lagomorpha,Leporidae,Lepus
286419,GCF_003254725.2,Mammalia,Chordata,Mammalia,Carnivora,Canidae,Canis
2878564,GCA_040438115.1,Mammalia,Chordata,Mammalia,Artiodactyla,Bovidae,Tragelaphus
29064,GCA_023721935.1,Mammalia,Chordata,Mammalia,Carnivora,Felidae,Panthera
29064,GCF_023721935.1,Mammalia,Chordata,Mammalia,Carnivora,Felidae,Panthera
29065,GCA_040938825.1,Mammalia,Chordata,Mammalia,Carnivora,Mustelidae,Martes
29065,GCA_963455335.1,Mammalia,Chordata,Mammalia,Carnivora,Mustelidae,Martes
29078,GCF_027574615.1,Mammalia,Chordata,Mammalia,Chiroptera,Vespertilionidae,Eptesicus
29078,GCA_027574615.1,Mammalia,Chordata,Mammalia,Chiroptera,Vespertilionidae,Eptesicus
29088,GCF_002201575.2,Mammalia,Chordata,Mammalia,Carnivora,Phocidae,Neomonachus
29088,GCA_002201575.2,Mammalia,Chordata,Mammalia,Carnivora,Phocidae,Neomonachus
29137,GCA_030035585.1,Mammalia,Chordata,Mammalia,Sirenia,Dugongidae,Dugong
2918886,GCA_023701675.1,Mammalia,Chordata,Mammalia,Artiodactyla,Bovidae,Ovis
2952509,GCA_043880425.1,Mammalia,Chordata,Mammalia,Chiroptera,Rhinolophidae,Rhinolophus
297284,GCA_018282365.1,Mammalia,Chordata,Mammalia,Artiodactyla,Bovidae,
2994998,GCA_039656995.1,Mammalia,Chordata,Mammalia,Chiroptera,Phyllostomidae,Glossophaga
2994998,GCA_039655065.1,Mammalia,Chordata,Mammalia,Chiroptera,Phyllostomidae,Glossophaga
2997257,GCA_039880925.1,Mammalia,Chordata,Mammalia,Chiroptera,Molossidae,Molossus
2997257,GCA_039880945.1,Mammalia,Chordata,Mammalia,Chiroptera,Molossidae,Molossus
301146,GCA_047496845.1,Mammalia,Chordata,Mammalia,Lagomorpha,Leporidae,Lepus
3030661,GCA_043748575.1,Mammalia,Chordata,Mammalia,Chiroptera,Rhinolophidae,Rhinolophus
30520,GCA_043643345.1,Mammalia,Chordata,Mammalia,Artiodactyla,Bovidae,Bos
30521,GCA_005887515.3,Mammalia,Chordata,Mammalia,Artiodactyla,Bovidae,Bos
30522,GCF_003369695.1,Mammalia,Chordata,Mammalia,Artiodactyla,Bovidae,Bos
30522,GCA_003369695.2,Mammalia,Chordata,Mammalia,Artiodactyla,Bovidae,Bos
30527,GCA_045269445.1,Mammalia,Chordata,Mammalia,Artiodactyla,Bovidae,Ovis
30532,GCF_033118175.1,Mammalia,Chordata,Mammalia,Artiodactyla,Cervidae,Dama
30532,GCA_033118175.2,Mammalia,Chordata,Mammalia,Artiodactyla,Cervidae,Dama
30538,GCF_048564905.1,Mammalia,Chordata,Mammalia,Artiodactyla,Camelidae,Vicugna
30538,GCA_048564905.1,Mammalia,Chordata,Mammalia,Artiodactyla,Camelidae,Vicugna
30640,GCF_902686445.1,Mammalia,Chordata,Mammalia,Rodentia,Sciuridae,Sciurus
30640,GCA_902686445.2,Mammalia,Chordata,Mammalia,Rodentia,Sciuridae,Sciurus
3080742,GCA_049852335.1,Mammalia,Chordata,Mammalia,Rodentia,Cricetidae,Peromyscus
3082113,GCA_951394145.2,Mammalia,Chordata,Mammalia,Artiodactyla,Cervidae,Rangifer
3082113,GCA_949782905.1,Mammalia,Chordata,Mammalia,Artiodactyla,Cervidae,Rangifer
310713,GCA_021442165.1,Mammalia,Chordata,Mammalia,Perissodactyla,Rhinocerotidae,Ceratotherium
3119969,GCF_029407905.1,Mammalia,Chordata,Mammalia,Artiodactyla,Bovidae,Bubalus
3119969,GCA_029407905.2,Mammalia,Chordata,Mammalia,Artiodactyla,Bovidae,Bubalus
320637,GCA_043290065.1,Mammalia,Chordata,Mammalia,Macroscelidea,Macroscelididae,Rhynchocyon
320637,GCA_043290085.1,Mammalia,Chordata,Mammalia,Macroscelidea,Macroscelididae,Rhynchocyon
32536,GCF_027475565.1,Mammalia,Chordata,Mammalia,Carnivora,Felidae,Acinonyx
32536,GCA_027475565.2,Mammalia,Chordata,Mammalia,Carnivora,Felidae,Acinonyx
331036,GCA_009493655.1,Mammalia,Chordata,Mammalia,Artiodactyla,Bovidae,Bos
331036,GCA_009493645.1,Mammalia,Chordata,Mammalia,Artiodactyla,Bovidae,Bos
33562,GCF_019393635.1,Mammalia,Chordata,Mammalia,Microbiotheria,Microbiotheriidae,Dromiciops
33562,GCA_019393635.1,Mammalia,Chordata,Mammalia,Microbiotheria,Microbiotheriidae,Dromiciops
3370176,GCA_051307075.1,Mammalia,Chordata,Mammalia,Chiroptera,Phyllostomidae,Lophostoma
3370372,GCA_026225855.1,Mammalia,Chordata,Mammalia,Artiodactyla,Phocoenidae,Neophocaena
3371016,GCA_951640355.1,Mammalia,Chordata,Mammalia,Chiroptera,Vespertilionidae,Cnephaeus
3371109,GCA_964270905.1,Mammalia,Chordata,Mammalia,Artiodactyla,Delphinidae,Leucopleurus
3371121,GCA_054100705.1,Mammalia,Chordata,Mammalia,Chiroptera,Vespertilionidae,Neoeptesicus
3406445,GCA_049852355.1,Mammalia,Chordata,Mammalia,Rodentia,Cricetidae,Peromyscus
34844,GCA_028451465.1,Mammalia,Chordata,Mammalia,Rodentia,Erethizontidae,Erethizon
34865,GCA_032405125.2,Mammalia,Chordata,Mammalia,Artiodactyla,Bovidae,Capricornis
34865,GCF_032405125.1,Mammalia,Chordata,Mammalia,Artiodactyla,Bovidae,Capricornis
34869,GCA_963981305.1,Mammalia,Chordata,Mammalia,Artiodactyla,Bovidae,Rupicapra
35658,GCA_008632895.1,Mammalia,Chordata,Mammalia,Rodentia,Muridae,Mastomys
35658,GCF_008632895.1,Mammalia,Chordata,Mammalia,Rodentia,Muridae,Mastomys
36239,GCA_964662115.1,Mammalia,Chordata,Mammalia,Carnivora,Mustelidae,Mustela
36722,GCA_040938815.1,Mammalia,Chordata,Mammalia,Carnivora,Mustelidae,Martes
36723,GCA_965636855.1,Mammalia,Chordata,Mammalia,Carnivora,Mustelidae,Mustela
36723,GCF_009829155.1,Mammalia,Chordata,Mammalia,Carnivora,Mustelidae,Mustela
37029,GCA_016509475.2,Mammalia,Chordata,Mammalia,Carnivora,Felidae,Prionailurus
37029,GCF_016509475.1,Mammalia,Chordata,Mammalia,Carnivora,Felidae,Prionailurus
37032,GCF_006229205.1,Mammalia,Chordata,Mammalia,Carnivora,Herpestidae,Suricata
37174,GCA_042477335.2,Mammalia,Chordata,Mammalia,Artiodactyla,Bovidae,Ovis
37174,GCF_042477335.2,Mammalia,Chordata,Mammalia,Artiodactyla,Bovidae,Ovis
37181,GCF_023091745.1,Mammalia,Chordata,Mammalia,Artiodactyla,Bovidae,Budorcas
38626,GCA_003287225.3,Mammalia,Chordata,Mammalia,Diprotodontia,Phascolarctidae,Phascolarctos
38668,GCA_949786385.1,Mammalia,Chordata,Mammalia,Rodentia,Cricetidae,Onychomys
38674,GCF_903995425.1,Mammalia,Chordata,Mammalia,Rodentia,Cricetidae,Onychomys
38679,GCA_949786405.1,Mammalia,Chordata,Mammalia,Rodentia,Cricetidae,Onychomys
38775,GCA_016432865.2,Mammalia,Chordata,Mammalia,Dasyuromorphia,Dasyuridae,Antechinus
38775,GCF_016432865.1,Mammalia,Chordata,Mammalia,Dasyuromorphia,Dasyuridae,Antechinus
39030,GCA_964023405.1,Mammalia,Chordata,Mammalia,Rodentia,Muridae,Apodemus
39082,GCA_963383645.1,Mammalia,Chordata,Mammalia,Rodentia,Gliridae,Muscardinus
39442,GCA_921998335.2,Mammalia,Chordata,Mammalia,Rodentia,Muridae,Mus
40151,GCA_029941395.3,Mammalia,Chordata,Mammalia,Artiodactyla,Monodontidae,Monodon
40229,GCA_051107595.1,Mammalia,Chordata,Mammalia,Chiroptera,Phyllostomidae,Dermanura
40229,GCA_051107565.1,Mammalia,Chordata,Mammalia,Chiroptera,Phyllostomidae,Dermanura
412090,GCA_964339955.5,Mammalia,Chordata,Mammalia,Chiroptera,Vespertilionidae,Pipistrellus
41426,GCF_016906955.1,Mammalia,Chordata,Mammalia,Artiodactyla,Suidae,Phacochoerus
41426,GCA_016906955.1,Mammalia,Chordata,Mammalia,Artiodactyla,Suidae,Phacochoerus
415978,GCA_006511355.2,Mammalia,Chordata,Mammalia,Artiodactyla,Suidae,Sus
419612,GCA_009834535.1,Mammalia,Chordata,Mammalia,Artiodactyla,Camelidae,Camelus
419612,GCF_009834535.1,Mammalia,Chordata,Mammalia,Artiodactyla,Camelidae,Camelus
42100,GCF_008692025.1,Mammalia,Chordata,Mammalia,Artiodactyla,Phocoenidae,Phocoena
42100,GCA_008692025.1,Mammalia,Chordata,Mammalia,Artiodactyla,Phocoenidae,Phocoena
42254,GCF_027595985.1,Mammalia,Chordata,Mammalia,Eulipotyphla,Soricidae,Sorex
42254,GCA_027595985.1,Mammalia,Chordata,Mammalia,Eulipotyphla,Soricidae,Sorex
42409,GCA_050000045.1,Mammalia,Chordata,Mammalia,Rodentia,Cricetidae,Neotoma
42409,GCA_050000055.1,Mammalia,Chordata,Mammalia,Rodentia,Cricetidae,Neotoma
42410,GCA_949786415.1,Mammalia,Chordata,Mammalia,Rodentia,Cricetidae,Peromyscus
42410,GCF_949786415.1,Mammalia,Chordata,Mammalia,Rodentia,Cricetidae,Peromyscus
42415,GCA_047301775.1,Mammalia,Chordata,Mammalia,Rodentia,Cricetidae,Sigmodon
430492,GCA_043728145.1,Mammalia,Chordata,Mammalia,Chiroptera,Rhinolophidae,Rhinolophus
43179,GCF_052094955.1,Mammalia,Chordata,Mammalia,Rodentia,Sciuridae,Ictidomys
43179,GCF_016881025.1,Mammalia,Chordata,Mammalia,Rodentia,Sciuridae,Ictidomys
439328,GCA_013496395.1,Mammalia,Chordata,Mammalia,Artiodactyla,Giraffidae,Giraffa
439328,GCA_054371825.1,Mammalia,Chordata,Mammalia,Artiodactyla,Giraffidae,Giraffa
446353,GCA_042919465.1,Mammalia,Chordata,Mammalia,Eulipotyphla,Talpidae,Scaptochirus
452646,GCF_020171115.1,Mammalia,Chordata,Mammalia,Carnivora,Mustelidae,Neogale
458323,GCA_965212715.2,Mammalia,Chordata,Mammalia,Eulipotyphla,Soricidae,Crocidura
46167,GCA_028646385.1,Mammalia,Chordata,Mammalia,Artiodactyla,Delphinidae,Steno
46844,GCA_018350155.1,Mammalia,Chordata,Mammalia,Carnivora,Felidae,Leopardus
46844,GCF_018350155.1,Mammalia,Chordata,Mammalia,Carnivora,Felidae,Leopardus
469796,GCA_014523465.1,Mammalia,Chordata,Mammalia,Artiodactyla,Bovidae,Ovis
48708,GCA_025265405.1,Mammalia,Chordata,Mammalia,Artiodactyla,Ziphiidae,Mesoplodon
48708,GCF_025265405.1,Mammalia,Chordata,Mammalia,Artiodactyla,Ziphiidae,Mesoplodon
48744,GCA_949752795.1,Mammalia,Chordata,Mammalia,Artiodactyla,Ziphiidae,Hyperoodon
48745,GCA_964148845.1,Mammalia,Chordata,Mammalia,Artiodactyla,Ziphiidae,Mesoplodon
48745,GCA_964165515.1,Mammalia,Chordata,Mammalia,Artiodactyla,Ziphiidae,Mesoplodon
48850,GCF_023851605.1,Mammalia,Chordata,Mammalia,Pilosa,Myrmecophagidae,Tamandua
48850,GCA_023851605.1,Mammalia,Chordata,Mammalia,Pilosa,Myrmecophagidae,Tamandua
494514,GCA_018345385.1,Mammalia,Chordata,Mammalia,Carnivora,Canidae,Vulpes
494514,GCF_018345385.1,Mammalia,Chordata,Mammalia,Carnivora,Canidae,Vulpes
501781,GCA_052324755.1,Mammalia,Chordata,Mammalia,Artiodactyla,Cervidae,Cervus
51014,GCA_038363225.1,Mammalia,Chordata,Mammalia,Chiroptera,Phyllostomidae,Artibeus
51337,GCA_020740685.1,Mammalia,Chordata,Mammalia,Rodentia,Dipodidae,Jaculus
51337,GCF_020740685.1,Mammalia,Chordata,Mammalia,Rodentia,Dipodidae,Jaculus
51338,GCF_047511655.1,Mammalia,Chordata,Mammalia,Rodentia,Castoridae,Castor
51338,GCA_047511655.2,Mammalia,Chordata,Mammalia,Rodentia,Castoridae,Castor
52113,GCA_964341445.1,Mammalia,Chordata,Mammalia,Artiodactyla,Ziphiidae,Mesoplodon
53277,GCA_051143595.1,Mammalia,Chordata,Mammalia,Rodentia,Gliridae,Eliomys
53277,GCA_051143605.1,Mammalia,Chordata,Mammalia,Rodentia,Gliridae,Eliomys
537920,GCA_040207285.2,Mammalia,Chordata,Mammalia,Rodentia,Cricetidae,Clethrionomys
55040,GCA_032313775.1,Mammalia,Chordata,Mammalia,Carnivora,Canidae,Urocyon
55149,GCA_902686455.2,Mammalia,Chordata,Mammalia,Rodentia,Sciuridae,Sciurus
55152,GCA_051107445.1,Mammalia,Chordata,Mammalia,Rodentia,Sciuridae,Pteromys
561074,GCA_024500485.1,Mammalia,Chordata,Mammalia,Carnivora,Canidae,Vulpes
56798,GCA_023065765.1,Mammalia,Chordata,Mammalia,Artiodactyla,Hippopotamidae,Hexaprotodon
568996,GCA_013371645.1,Mammalia,Chordata,Mammalia,Lagomorpha,Leporidae,Oryctolagus
57486,GCA_921999095.2,Mammalia,Chordata,Mammalia,Rodentia,Muridae,Mus
575201,GCA_030028045.1,Mammalia,Chordata,Mammalia,Artiodactyla,Hippopotamidae,Hippopotamus
575201,GCF_030028045.1,Mammalia,Chordata,Mammalia,Artiodactyla,Hippopotamidae,Hippopotamus
59465,GCA_964264875.2,Mammalia,Chordata,Mammalia,Chiroptera,Vespertilionidae,Nyctalus
59472,GCA_014108245.2,Mammalia,Chordata,Mammalia,Chiroptera,Vespertilionidae,Pipistrellus
59473,GCA_963693515.1,Mammalia,Chordata,Mammalia,Chiroptera,Vespertilionidae,Pipistrellus
59473,GCA_964656225.2,Mammalia,Chordata,Mammalia,Chiroptera,Vespertilionidae,Pipistrellus
59474,GCA_965203405.2,Mammalia,Chordata,Mammalia,Chiroptera,Vespertilionidae,Pipistrellus
59477,GCA_040057535.1,Mammalia,Chordata,Mammalia,Chiroptera,Rhinolophidae,Rhinolophus
59477,GCA_043728065.1,Mammalia,Chordata,Mammalia,Chiroptera,Rhinolophidae,Rhinolophus
59479,GCF_004115265.2,Mammalia,Chordata,Mammalia,Chiroptera,Rhinolophidae,Rhinolophus
59479,GCA_004115265.3,Mammalia,Chordata,Mammalia,Chiroptera,Rhinolophidae,Rhinolophus
59482,GCF_036850765.1,Mammalia,Chordata,Mammalia,Chiroptera,Emballonuridae,Saccopteryx
59482,GCA_036850765.1,Mammalia,Chordata,Mammalia,Chiroptera,Emballonuridae,Saccopteryx
59483,GCA_976988855.1,Mammalia,Chordata,Mammalia,Chiroptera,Molossidae,Tadarida
59483,GCA_976988885.1,Mammalia,Chordata,Mammalia,Chiroptera,Molossidae,Tadarida
59485,GCA_963924515.2,Mammalia,Chordata,Mammalia,Chiroptera,Vespertilionidae,Vespertilio
59515,GCA_044231825.1,Mammalia,Chordata,Mammalia,Artiodactyla,Bovidae,Addax
59538,GCA_040182635.1,Mammalia,Chordata,Mammalia,Artiodactyla,Bovidae,Pantholops
60744,GCA_907164435.1,Mammalia,Chordata,Mammalia,Rodentia,Muridae,Acomys
60746,GCF_903995435.1,Mammalia,Chordata,Mammalia,Rodentia,Muridae,Acomys
61156,GCF_011762505.2,Mammalia,Chordata,Mammalia,Rodentia,Muridae,Arvicanthis
61156,GCA_011762505.3,Mammalia,Chordata,Mammalia,Rodentia,Muridae,Arvicanthis
61376,GCA_019924945.1,Mammalia,Chordata,Mammalia,Carnivora,Felidae,Felis
61379,GCA_032458615.1,Mammalia,Chordata,Mammalia,Carnivora,Felidae,Felis
61383,GCF_007474595.2,Mammalia,Chordata,Mammalia,Carnivora,Felidae,Lynx
61383,GCA_007474595.2,Mammalia,Chordata,Mammalia,Carnivora,Felidae,Lynx
61388,GCA_022837055.1,Mammalia,Chordata,Mammalia,Carnivora,Felidae,Prionailurus
61388,GCF_022837055.1,Mammalia,Chordata,Mammalia,Carnivora,Felidae,Prionailurus
61408,GCA_028564725.2,Mammalia,Chordata,Mammalia,Carnivora,Felidae,Otocolobus
61452,GCF_028018385.1,Mammalia,Chordata,Mammalia,Carnivora,Felidae,Neofelis
61452,GCA_028018385.1,Mammalia,Chordata,Mammalia,Carnivora,Felidae,Neofelis
61862,GCA_963455305.1,Mammalia,Chordata,Mammalia,Chiroptera,Vespertilionidae,Plecotus
62621,GCA_040893245.2,Mammalia,Chordata,Mammalia,Lagomorpha,Leporidae,Lepus
64680,GCA_047496905.1,Mammalia,Chordata,Mammalia,Rodentia,Sciuridae,Tamias
68408,GCA_049115385.1,Mammalia,Chordata,Mammalia,Artiodactyla,Moschidae,Moschus
68724,GCF_053574225.1,Mammalia,Chordata,Mammalia,Carnivora,Canidae,Canis
68724,GCA_053574225.1,Mammalia,Chordata,Mammalia,Carnivora,Canidae,Canis
68728,GCA_028533335.1,Mammalia,Chordata,Mammalia,Carnivora,Canidae,Chrysocyon
71854,GCA_020276665.1,Mammalia,Chordata,Mammalia,Artiodactyla,Cervidae,Muntiacus
72004,GCF_027580195.1,Mammalia,Chordata,Mammalia,Artiodactyla,Bovidae,Bos
73337,GCA_023653735.1,Mammalia,Chordata,Mammalia,Perissodactyla,Rhinocerotidae,Ceratotherium
73863,GCA_036346955.1,Mammalia,Chordata,Mammalia,Rodentia,Dipodidae,Dipus
74535,GCA_021130815.1,Mammalia,Chordata,Mammalia,Carnivora,Felidae,Panthera
74864,GCA_029410595.1,Mammalia,Chordata,Mammalia,Carnivora,Mustelidae,Martes
76772,GCA_048772815.1,Mammalia,Chordata,Mammalia,Rodentia,Sciuridae,Callospermophilus
76772,GCF_048772815.1,Mammalia,Chordata,Mammalia,Rodentia,Sciuridae,Callospermophilus
77151,GCA_022355385.1,Mammalia,Chordata,Mammalia,Carnivora,Mustelidae,Mustela
77151,GCF_022355385.1,Mammalia,Chordata,Mammalia,Carnivora,Mustelidae,Mustela
771787,GCA_047571435.1,Mammalia,Chordata,Mammalia,Rodentia,Cricetidae,Neodon
77218,GCA_964194215.2,Mammalia,Chordata,Mammalia,Chiroptera,Rhinolophidae,Rhinolophus
77218,GCA_964194185.1,Mammalia,Chordata,Mammalia,Chiroptera,Rhinolophidae,Rhinolophus
77598,GCA_028571685.1,Mammalia,Chordata,Mammalia,Hyracoidea,Procaviidae,Heterohyrax
77932,GCA_020826845.1,Mammalia,Chordata,Mammalia,Perissodactyla,Rhinocerotidae,Diceros
77932,GCF_020826845.1,Mammalia,Chordata,Mammalia,Perissodactyla,Rhinocerotidae,Diceros
79684,GCF_000317375.1,Mammalia,Chordata,Mammalia,Rodentia,Cricetidae,Microtus
83527,GCA_907169655.1,Mammalia,Chordata,Mammalia,Rodentia,Muridae,Acomys
83528,GCA_964271855.5,Mammalia,Chordata,Mammalia,Rodentia,Muridae,Acomys
83762,GCA_907164505.1,Mammalia,Chordata,Mammalia,Rodentia,Muridae,Acomys
84702,GCA_010411085.1,Mammalia,Chordata,Mammalia,Artiodactyla,Cervidae,Cervus
86329,GCA_965153185.1,Mammalia,Chordata,Mammalia,Artiodactyla,Cervidae,Rangifer
86973,GCA_024291935.2,Mammalia,Chordata,Mammalia,Artiodactyla,Giraffidae,Okapia
89248,GCA_021613505.1,Mammalia,Chordata,Mammalia,Perissodactyla,Equidae,Equus
89248,GCF_021613505.1,Mammalia,Chordata,Mammalia,Perissodactyla,Equidae,Equus
89399,GCF_036562045.2,Mammalia,Chordata,Mammalia,Chiroptera,Rhinolophidae,Rhinolophus
89462,GCA_019923925.1,Mammalia,Chordata,Mammalia,Artiodactyla,Bovidae,Bubalus
89462,GCF_019923935.1,Mammalia,Chordata,Mammalia,Artiodactyla,Bovidae,Bubalus
89673,GCF_004126475.2,Mammalia,Chordata,Mammalia,Chiroptera,Phyllostomidae,Phyllostomus
89673,GCA_004126475.3,Mammalia,Chordata,Mammalia,Chiroptera,Phyllostomidae,Phyllostomus
9258,GCF_004115215.2,Mammalia,Chordata,Mammalia,Monotremata,Ornithorhynchidae,Ornithorhynchus
9261,GCF_015852505.1,Mammalia,Chordata,Mammalia,Monotremata,Tachyglossidae,Tachyglossus
9261,GCA_015852505.1,Mammalia,Chordata,Mammalia,Monotremata,Tachyglossidae,Tachyglossus
92651,GCF_037893015.1,Mammalia,Chordata,Mammalia,Peramelemorphia,Peramelidae,Macrotis
92651,GCA_037893015.1,Mammalia,Chordata,Mammalia,Peramelemorphia,Peramelidae,Macrotis
9279,GCA_020854095.1,Mammalia,Chordata,Mammalia,Dasyuromorphia,Dasyuridae,Dasyurus
9281,GCA_048593245.1,Mammalia,Chordata,Mammalia,Dasyuromorphia,Dasyuridae,Dasyurus
9301,GCA_048593235.1,Mammalia,Chordata,Mammalia,Dasyuromorphia,Dasyuridae,Sminthopsis
9301,GCF_048593235.1,Mammalia,Chordata,Mammalia,Dasyuromorphia,Dasyuridae,Sminthopsis
9305,GCA_048593225.1,Mammalia,Chordata,Mammalia,Dasyuromorphia,Dasyuridae,Sarcophilus
9305,GCF_902635505.1,Mammalia,Chordata,Mammalia,Dasyuromorphia,Dasyuridae,Sarcophilus
9315,GCF_028372415.1,Mammalia,Chordata,Mammalia,Diprotodontia,Macropodidae,Notamacropus
9315,GCA_028372415.2,Mammalia,Chordata,Mammalia,Diprotodontia,Macropodidae,Notamacropus
93162,GCF_047511675.1,Mammalia,Chordata,Mammalia,Rodentia,Sciuridae,Marmota
93162,GCA_047511675.1,Mammalia,Chordata,Mammalia,Rodentia,Sciuridae,Marmota
9337,GCF_011100635.1,Mammalia,Chordata,Mammalia,Diprotodontia,Phalangeridae,Trichosurus
9361,GCF_030445035.2,Mammalia,Chordata,Mammalia,Cingulata,Dasypodidae,Dasypus
9365,GCF_950295315.1,Mammalia,Chordata,Mammalia,Eulipotyphla,Erinaceidae,Erinaceus
9365,GCA_950295315.1,Mammalia,Chordata,Mammalia,Eulipotyphla,Erinaceidae,Erinaceus
9375,GCA_964194135.1,Mammalia,Chordata,Mammalia,Eulipotyphla,Talpidae,Talpa
9400,GCA_030015415.1,Mammalia,Chordata,Mammalia,Chiroptera,Pteropodidae,Cynopterus
9407,GCA_014176215.2,Mammalia,Chordata,Mammalia,Chiroptera,Pteropodidae,Rousettus
9408,GCA_053538355.1,Mammalia,Chordata,Mammalia,Chiroptera,Pteropodidae,Rousettus
9414,GCA_043880595.1,Mammalia,Chordata,Mammalia,Chiroptera,Megadermatidae,Megaderma
94188,GCA_028646485.1,Mammalia,Chordata,Mammalia,Carnivora,Eupleridae,Cryptoprocta
9430,GCA_022682395.2,Mammalia,Chordata,Mammalia,Chiroptera,Phyllostomidae,Desmodus
9430,GCF_022682495.2,Mammalia,Chordata,Mammalia,Chiroptera,Phyllostomidae,Desmodus
9433,GCA_964146895.2,Mammalia,Chordata,Mammalia,Chiroptera,Miniopteridae,Miniopterus
9438,GCA_030848825.1,Mammalia,Chordata,Mammalia,Chiroptera,Molossidae,Tadarida
94398,GCA_052863115.1,Mammalia,Chordata,Mammalia,Perissodactyla,Equidae,Equus
9440,GCA_027563665.1,Mammalia,Chordata,Mammalia,Chiroptera,Vespertilionidae,Antrozous
94439,GCF_050624435.1,Mammalia,Chordata,Mammalia,Afrosoricida,Tenrecidae,Tenrec
9612,GCA_034620435.1,Mammalia,Chordata,Mammalia,Carnivora,Canidae,Canis
9612,GCA_905319855.2,Mammalia,Chordata,Mammalia,Carnivora,Canidae,Canis
9614,GCA_034620425.1,Mammalia,Chordata,Mammalia,Carnivora,Canidae,Canis
9615,GCF_011100685.1,Mammalia,Chordata,Mammalia,Carnivora,Canidae,Canis
9615,GCF_000002285.5,Mammalia,Chordata,Mammalia,Carnivora,Canidae,Canis
9622,GCA_040955705.1,Mammalia,Chordata,Mammalia,Carnivora,Canidae,Lycaon
9622,GCA_001883655.1,Mammalia,Chordata,Mammalia,Carnivora,Canidae,Lycaon
9627,GCF_048418805.1,Mammalia,Chordata,Mammalia,Carnivora,Canidae,Vulpes
9627,GCA_964106825.2,Mammalia,Chordata,Mammalia,Carnivora,Canidae,Vulpes
9629,GCA_030463245.1,Mammalia,Chordata,Mammalia,Carnivora,Canidae,Vulpes
9638,GCA_028551375.1,Mammalia,Chordata,Mammalia,Carnivora,Ursidae,Tremarctos
9643,GCA_024610735.2,Mammalia,Chordata,Mammalia,Carnivora,Ursidae,Ursus
9644,GCA_023065955.2,Mammalia,Chordata,Mammalia,Carnivora,Ursidae,Ursus
9644,GCF_023065955.2,Mammalia,Chordata,Mammalia,Carnivora,Ursidae,Ursus
9646,GCA_002007445.3,Mammalia,Chordata,Mammalia,Carnivora,Ursidae,Ailuropoda
9646,GCF_002007445.2,Mammalia,Chordata,Mammalia,Carnivora,Ursidae,Ailuropoda
9657,GCF_902655055.1,Mammalia,Chordata,Mammalia,Carnivora,Mustelidae,Lutra
9659,GCA_040938555.1,Mammalia,Chordata,Mammalia,Carnivora,Mustelidae,Martes
9659,GCA_964304585.1,Mammalia,Chordata,Mammalia,Carnivora,Mustelidae,Martes
9662,GCA_922984935.1,Mammalia,Chordata,Mammalia,Carnivora,Mustelidae,Meles
9662,GCF_922984935.1,Mammalia,Chordata,Mammalia,Carnivora,Mustelidae,Meles
9666,GCF_030435805.1,Mammalia,Chordata,Mammalia,Carnivora,Mustelidae,Mustela
9666,GCA_030435805.1,Mammalia,Chordata,Mammalia,Carnivora,Mustelidae,Mustela
9675,GCA_030068075.1,Mammalia,Chordata,Mammalia,Carnivora,Viverridae,Paguma
9685,GCF_018350175.1,Mammalia,Chordata,Mammalia,Carnivora,Felidae,Felis
9689,GCA_008795835.1,Mammalia,Chordata,Mammalia,Carnivora,Felidae,Panthera
9689,GCF_018350215.1,Mammalia,Chordata,Mammalia,Carnivora,Felidae,Panthera
9690,GCF_046562885.1,Mammalia,Chordata,Mammalia,Carnivora,Felidae,Panthera
9694,GCA_018350195.2,Mammalia,Chordata,Mammalia,Carnivora,Felidae,Panthera
9694,GCF_018350195.1,Mammalia,Chordata,Mammalia,Carnivora,Felidae,Panthera
9696,GCA_028749965.4,Mammalia,Chordata,Mammalia,Carnivora,Felidae,Puma
9696,GCA_028749985.4,Mammalia,Chordata,Mammalia,Carnivora,Felidae,Puma
9704,GCF_009762305.2,Mammalia,Chordata,Mammalia,Carnivora,Otariidae,Zalophus
9711,GCF_964656455.1,Mammalia,Chordata,Mammalia,Carnivora,Phocidae,Halichoerus
9711,GCA_964656455.1,Mammalia,Chordata,Mammalia,Carnivora,Phocidae,Halichoerus
9716,GCF_021288785.2,Mammalia,Chordata,Mammalia,Carnivora,Phocidae,Mirounga
9725,GCA_036417475.1,Mammalia,Chordata,Mammalia,Artiodactyla,Iniidae,Inia
9725,GCA_036417435.1,Mammalia,Chordata,Mammalia,Artiodactyla,Iniidae,Inia
9742,GCA_963924675.1,Mammalia,Chordata,Mammalia,Artiodactyla,Phocoenidae,Phocoena
9749,GCA_029941415.3,Mammalia,Chordata,Mammalia,Artiodactyla,Monodontidae,Delphinapterus
9764,GCF_028021215.1,Mammalia,Chordata,Mammalia,Artiodactyla,Eschrichtiidae,Eschrichtius
9764,GCA_028021215.1,Mammalia,Chordata,Mammalia,Artiodactyla,Eschrichtiidae,Eschrichtius
9777,GCA_046562895.1,Mammalia,Chordata,Mammalia,Sirenia,Trichechidae,Trichechus
9783,GCA_032718585.1,Mammalia,Chordata,Mammalia,Proboscidea,Elephantidae,Elephas
9785,GCF_030014295.1,Mammalia,Chordata,Mammalia,Proboscidea,Elephantidae,Loxodonta
9785,GCA_030014295.1,Mammalia,Chordata,Mammalia,Proboscidea,Elephantidae,Loxodonta
9793,GCF_016077325.2,Mammalia,Chordata,Mammalia,Perissodactyla,Equidae,Equus
9793,GCF_041296235.1,Mammalia,Chordata,Mammalia,Perissodactyla,Equidae,Equus
9796,GCA_000002305.1,Mammalia,Chordata,Mammalia,Perissodactyla,Equidae,Equus
9796,GCF_041296265.1,Mammalia,Chordata,Mammalia,Perissodactyla,Equidae,Equus
9798,GCF_037783145.1,Mammalia,Chordata,Mammalia,Perissodactyla,Equidae,Equus
9798,GCA_037783145.1,Mammalia,Chordata,Mammalia,Perissodactyla,Equidae,Equus
9802,GCA_031878655.1,Mammalia,Chordata,Mammalia,Perissodactyla,Tapiridae,Tapirus
9802,GCA_031878705.1,Mammalia,Chordata,Mammalia,Perissodactyla,Tapiridae,Tapirus
9809,GCA_028646465.1,Mammalia,Chordata,Mammalia,Perissodactyla,Rhinocerotidae,Rhinoceros
9823,GCA_000003025.6,Mammalia,Chordata,Mammalia,Artiodactyla,Suidae,Sus
9823,GCF_000003025.6,Mammalia,Chordata,Mammalia,Artiodactyla,Suidae,Sus
9825,GCA_017957985.1,Mammalia,Chordata,Mammalia,Artiodactyla,Suidae,Sus
9833,GCA_023065835.1,Mammalia,Chordata,Mammalia,Artiodactyla,Hippopotamidae,Hippopotamus
9837,GCA_048773025.1,Mammalia,Chordata,Mammalia,Artiodactyla,Camelidae,Camelus
9837,GCF_048773025.1,Mammalia,Chordata,Mammalia,Artiodactyla,Camelidae,Camelus
9838,GCF_036321535.1,Mammalia,Chordata,Mammalia,Artiodactyla,Camelidae,Camelus
9838,GCF_000803125.2,Mammalia,Chordata,Mammalia,Artiodactyla,Camelidae,Camelus
9860,GCF_910594005.1,Mammalia,Chordata,Mammalia,Artiodactyla,Cervidae,Cervus
9860,GCA_910594005.1,Mammalia,Chordata,Mammalia,Artiodactyla,Cervidae,Cervus
9863,GCA_040085125.1,Mammalia,Chordata,Mammalia,Artiodactyla,Cervidae,Cervus
9872,GCA_020976825.1,Mammalia,Chordata,Mammalia,Artiodactyla,Cervidae,Odocoileus
9874,GCA_023699985.4,Mammalia,Chordata,Mammalia,Artiodactyla,Cervidae,Odocoileus
9874,GCF_023699985.2,Mammalia,Chordata,Mammalia,Artiodactyla,Cervidae,Odocoileus
9883,GCA_020226075.1,Mammalia,Chordata,Mammalia,Artiodactyla,Cervidae,Hydropotes
9886,GCF_963930625.1,Mammalia,Chordata,Mammalia,Artiodactyla,Cervidae,Muntiacus
9886,GCA_963930625.1,Mammalia,Chordata,Mammalia,Artiodactyla,Cervidae,Muntiacus
9888,GCA_008782695.1,Mammalia,Chordata,Mammalia,Artiodactyla,Cervidae,Muntiacus
98922,GCF_963259705.1,Mammalia,Chordata,Mammalia,Chiroptera,Vespertilionidae,Myotis
98922,GCA_963259705.2,Mammalia,Chordata,Mammalia,Chiroptera,Vespertilionidae,Myotis
9904,GCA_014182915.2,Mammalia,Chordata,Mammalia,Artiodactyla,Bovidae,Bos
9906,GCA_032452875.1,Mammalia,Chordata,Mammalia,Artiodactyla,Bovidae,Bos
9906,GCF_032452875.1,Mammalia,Chordata,Mammalia,Artiodactyla,Bovidae,Bos
9913,GCF_002263795.3,Mammalia,Chordata,Mammalia,Artiodactyla,Bovidae,Bos
9915,GCF_029378745.1,Mammalia,Chordata,Mammalia,Artiodactyla,Bovidae,Bos
9915,GCF_000247795.1,Mammalia,Chordata,Mammalia,Artiodactyla,Bovidae,Bos
9925,GCA_000317765.2,Mammalia,Chordata,Mammalia,Artiodactyla,Bovidae,Capra
9925,GCF_001704415.2,Mammalia,Chordata,Mammalia,Artiodactyla,Bovidae,Capra
9940,GCA_000298735.2,Mammalia,Chordata,Mammalia,Artiodactyla,Bovidae,Ovis
9940,GCF_016772045.2,Mammalia,Chordata,Mammalia,Artiodactyla,Bovidae,Ovis
99487,GCF_024166365.1,Mammalia,Chordata,Mammalia,Proboscidea,Elephantidae,Elephas
99487,GCA_051911825.1,Mammalia,Chordata,Mammalia,Proboscidea,Elephantidae,Elephas
9974,GCA_040802235.1,Mammalia,Chordata,Mammalia,Pholidota,Manidae,Manis
9974,GCF_040802235.1,Mammalia,Chordata,Mammalia,Pholidota,Manidae,Manis
9978,GCF_030435755.1,Mammalia,Chordata,Mammalia,Lagomorpha,Ochotonidae,Ochotona
9978,GCF_014633375.1,Mammalia,Chordata,Mammalia,Lagomorpha,Ochotonidae,Ochotona
9981,GCA_042027585.1,Mammalia,Chordata,Mammalia,Lagomorpha,Leporidae,Lepus
9983,GCA_033115175.1,Mammalia,Chordata,Mammalia,Lagomorpha,Leporidae,Lepus
9983,GCF_033115175.1,Mammalia,Chordata,Mammalia,Lagomorpha,Leporidae,Lepus
9986,GCF_964237555.1,Mammalia,Chordata,Mammalia,Lagomorpha,Leporidae,Oryctolagus
9986,GCF_000003625.3,Mammalia,Chordata,Mammalia,Lagomorpha,Leporidae,Oryctolagus
9988,GCA_949820135.1,Mammalia,Chordata,Mammalia,Lagomorpha,Leporidae,Sylvilagus
9997,GCA_964194105.1,Mammalia,Chordata,Mammalia,Rodentia,Sciuridae,Spermophilus
9999,GCF_045843805.1,Mammalia,Chordata,Mammalia,Rodentia,Sciuridae,Urocitellus
9999,GCA_045843805.1,Mammalia,Chordata,Mammalia,Rodentia,Sciuridae,Urocitellus
1000413,GCA_008009225.1,Plants_Algae_Other,Streptophyta,Magnoliopsida,Sapindales,Sapindaceae,Acer
1000418,GCA_963675135.2,Plants_Algae_Other,Streptophyta,Magnoliopsida,Lamiales,Lamiaceae,Galeopsis
100292,GCA_965282555.1,Plants_Algae_Other,Streptophyta,Magnoliopsida,Poales,Cyperaceae,Eriophorum
100465,GCA_951230915.1,Plants_Algae_Other,Streptophyta,Bryopsida,Hypnales,Leucodontaceae,Antitrichia
100907,GCA_031216635.1,Plants_Algae_Other,NA,NA,NA,NA,NA
100907,GCA_025770515.1,Plants_Algae_Other,NA,NA,NA,NA,NA
101013,GCA_052059635.1,Plants_Algae_Other,Streptophyta,Magnoliopsida,Rosales,Rosaceae,Fragaria
101020,GCA_000184155.1,Plants_Algae_Other,Streptophyta,Magnoliopsida,Rosales,Rosaceae,Fragaria
101020,GCF_000184155.1,Plants_Algae_Other,Streptophyta,Magnoliopsida,Rosales,Rosaceae,Fragaria
1010633,GCA_902859565.1,Plants_Algae_Other,Streptophyta,Magnoliopsida,Poales,Poaceae,Digitaria
101193,GCA_965233425.1,Plants_Algae_Other,Streptophyta,Magnoliopsida,Fagales,Betulaceae,Corylus
101496,GCA_943593335.1,Plants_Algae_Other,NA,NA,NA,NA,NA
101497,GCA_949606895.1,Plants_Algae_Other,NA,NA,NA,NA,NA
101497,GCA_943590865.1,Plants_Algae_Other,NA,NA,NA,NA,NA
101497,GCA_949606865.1,Plants_Algae_Other,NA,NA,NA,NA,NA
101617,GCA_040583885.1,Plants_Algae_Other,Streptophyta,Magnoliopsida,Zingiberales,Musaceae,Musella
102107,GCA_000346735.1,Plants_Algae_Other,Streptophyta,Magnoliopsida,Rosales,Rosaceae,Prunus
102107,GCF_000346735.1,Plants_Algae_Other,Streptophyta,Magnoliopsida,Rosales,Rosaceae,Prunus
10212,GCA_964035545.1,Plants_Algae_Other,Bryozoa,Gymnolaemata,Cheilostomatida,Bugulidae,Bugula
102211,GCF_009727055.1,Plants_Algae_Other,Streptophyta,Magnoliopsida,Cucurbitales,Cucurbitaceae,Benincasa
102599,GCA_946800315.1,Plants_Algae_Other,Streptophyta,Magnoliopsida,Lamiales,Plantaginaceae,Misopates
102714,GCA_965199075.1,Plants_Algae_Other,Streptophyta,Magnoliopsida,Saxifragales,Saxifragaceae,Saxifraga
1028570,GCA_019705995.1,Plants_Algae_Other,Streptophyta,Magnoliopsida,Brassicales,Brassicaceae,Raphanus
103349,GCA_044591495.1,Plants_Algae_Other,Streptophyta,Magnoliopsida,Vitales,Vitaceae,Vitis
103351,GCA_037355405.1,Plants_Algae_Other,Streptophyta,Magnoliopsida,Vitales,Vitaceae,Vitis
103352,GCA_044590975.1,Plants_Algae_Other,Streptophyta,Magnoliopsida,Vitales,Vitaceae,Vitis
103354,GCA_044588485.1,Plants_Algae_Other,Streptophyta,Magnoliopsida,Vitales,Vitaceae,Vitis
103481,GCA_030444465.1,Plants_Algae_Other,Streptophyta,Magnoliopsida,Fagales,Fagaceae,Quercus
103481,GCA_030445155.1,Plants_Algae_Other,Streptophyta,Magnoliopsida,Fagales,Fagaceae,Quercus
103484,GCA_028216015.1,Plants_Algae_Other,Streptophyta,Magnoliopsida,Fagales,Fagaceae,Quercus
103485,GCA_011696235.1,Plants_Algae_Other,Streptophyta,Magnoliopsida,Fagales,Fagaceae,Quercus
103490,GCA_023621385.1,Plants_Algae_Other,Streptophyta,Magnoliopsida,Fagales,Fagaceae,Quercus
103871,GCA_046563305.1,Plants_Algae_Other,Streptophyta,Magnoliopsida,Solanales,Solanaceae,Solanum
103999,GCA_013146195.2,Plants_Algae_Other,Streptophyta,Magnoliopsida,Asterales,Campanulaceae,Codonopsis
104005,GCA_036346265.1,Plants_Algae_Other,Streptophyta,Magnoliopsida,Poales,Poaceae,Melocanna
104324,GCA_044591675.1,Plants_Algae_Other,Streptophyta,Magnoliopsida,Vitales,Vitaceae,Vitis
1043351,GCA_041753855.1,Plants_Algae_Other,Streptophyta,Magnoliopsida,Poales,Poaceae,Zoysia
1046264,GCA_051166835.1,Plants_Algae_Other,Streptophyta,Magnoliopsida,Vitales,Vitaceae,Vitis
1046265,GCA_044589755.1,Plants_Algae_Other,Streptophyta,Magnoliopsida,Vitales,Vitaceae,Vitis
1053365,GCA_965199505.2,Plants_Algae_Other,Streptophyta,Magnoliopsida,Asterales,Campanulaceae,Lobelia
1053365,GCA_965199575.2,Plants_Algae_Other,Streptophyta,Magnoliopsida,Asterales,Campanulaceae,Lobelia
1053395,GCA_954870855.1,Plants_Algae_Other,Streptophyta,Magnoliopsida,Lamiales,Lamiaceae,Scutellaria
1053398,GCA_963457585.1,Plants_Algae_Other,Streptophyta,Magnoliopsida,Caryophyllales,Caryophyllaceae,Spergularia
1053407,GCA_965231315.1,Plants_Algae_Other,Streptophyta,Magnoliopsida,Fabales,Fabaceae,Vicia
1055714,GCA_965112325.1,Plants_Algae_Other,Streptophyta,Jungermanniopsida,Jungermanniales,Herbertaceae,Herbertus
105599,GCA_044589835.1,Plants_Algae_Other,Streptophyta,Magnoliopsida,Vitales,Vitaceae,Vitis
105884,GCA_021464415.1,Plants_Algae_Other,Streptophyta,Magnoliopsida,Dipsacales,Caprifoliaceae,Lonicera
105903,GCA_047302085.1,Plants_Algae_Other,Streptophyta,Magnoliopsida,Ericales,Ericaceae,Rhododendron
105906,GCA_965213445.2,Plants_Algae_Other,Streptophyta,Magnoliopsida,Dipsacales,Caprifoliaceae,Succisa
106130,GCA_031216125.1,Plants_Algae_Other,Streptophyta,Magnoliopsida,Fabales,Fabaceae,Dalbergia
106141,GCA_035048495.1,Plants_Algae_Other,Streptophyta,Magnoliopsida,Ranunculales,Eupteleaceae,Euptelea
106547,GCA_047225515.1,Plants_Algae_Other,Streptophyta,Magnoliopsida,Rosales,Rosaceae,Malus
106548,GCA_033882615.1,Plants_Algae_Other,Streptophyta,Magnoliopsida,Rosales,Rosaceae,Malus
106549,GCA_047225605.1,Plants_Algae_Other,Streptophyta,Magnoliopsida,Rosales,Rosaceae,Malus
106550,GCA_041937375.1,Plants_Algae_Other,Streptophyta,Magnoliopsida,Rosales,Rosaceae,Malus
106552,GCA_047139715.1,Plants_Algae_Other,Streptophyta,Magnoliopsida,Rosales,Rosaceae,Eriolobus
106553,GCA_035220775.1,Plants_Algae_Other,Streptophyta,Magnoliopsida,Rosales,Rosaceae,Malus
106554,GCA_047225895.1,Plants_Algae_Other,Streptophyta,Magnoliopsida,Rosales,Rosaceae,Malus
106555,GCA_047140105.1,Plants_Algae_Other,Streptophyta,Magnoliopsida,Rosales,Rosaceae,Malus
106556,GCA_047225545.1,Plants_Algae_Other,Streptophyta,Magnoliopsida,Rosales,Rosaceae,Malus
106557,GCA_047140125.1,Plants_Algae_Other,Streptophyta,Magnoliopsida,Rosales,Rosaceae,Malus
106559,GCA_047226415.1,Plants_Algae_Other,Streptophyta,Magnoliopsida,Rosales,Rosaceae,Malus
106560,GCA_043789945.1,Plants_Algae_Other,Streptophyta,Magnoliopsida,Rosales,Rosaceae,Malus
106562,GCA_033883245.1,Plants_Algae_Other,Streptophyta,Magnoliopsida,Rosales,Rosaceae,Malus
106564,GCA_047226395.1,Plants_Algae_Other,Streptophyta,Magnoliopsida,Rosales,Rosaceae,Malus
106565,GCA_047284405.1,Plants_Algae_Other,Streptophyta,Magnoliopsida,Rosales,Rosaceae,Malus
106566,GCA_047225625.1,Plants_Algae_Other,Streptophyta,Magnoliopsida,Rosales,Rosaceae,Malus
106567,GCA_028456135.1,Plants_Algae_Other,Streptophyta,Magnoliopsida,Rosales,Rosaceae,Malus
106568,GCA_047288055.1,Plants_Algae_Other,Streptophyta,Magnoliopsida,Rosales,Rosaceae,Malus
106569,GCA_047288065.1,Plants_Algae_Other,Streptophyta,Magnoliopsida,Rosales,Rosaceae,Malus
106572,GCA_047141625.1,Plants_Algae_Other,Streptophyta,Magnoliopsida,Rosales,Rosaceae,Malus
106618,GCA_019804595.1,Plants_Algae_Other,Streptophyta,Magnoliopsida,Malpighiales,Rhizophoraceae,Bruguiera
106626,GCA_037832385.1,Plants_Algae_Other,Streptophyta,Magnoliopsida,Malpighiales,Rhizophoraceae,Rhizophora
106636,GCA_025603265.1,Plants_Algae_Other,Streptophyta,Magnoliopsida,Poales,Poaceae,Themeda
106677,GCA_964106655.1,Plants_Algae_Other,Streptophyta,Magnoliopsida,Rosales,Rhamnaceae,Frangula
106677,GCA_964106965.1,Plants_Algae_Other,Streptophyta,Magnoliopsida,Rosales,Rhamnaceae,Frangula
1071199,GCA_031439595.1,Plants_Algae_Other,Streptophyta,Magnoliopsida,Fabales,Fabaceae,Pterocarpus
1071398,GCA_036872515.1,Plants_Algae_Other,Streptophyta,Magnoliopsida,Poales,Poaceae,Brachypodium
1071399,GCA_036872525.1,Plants_Algae_Other,Streptophyta,Magnoliopsida,Poales,Poaceae,Brachypodium
1072226,GCA_046718525.1,Plants_Algae_Other,Streptophyta,Magnoliopsida,Caryophyllales,Chenopodiaceae,Chenopodium
1072232,GCA_046718575.1,Plants_Algae_Other,Streptophyta,Magnoliopsida,Caryophyllales,Chenopodiaceae,Chenopodium
107243,GCA_046127275.1,Plants_Algae_Other,Streptophyta,Magnoliopsida,Brassicales,Brassicaceae,Noccaea
107608,GCA_051800445.1,Plants_Algae_Other,Streptophyta,Magnoliopsida,Caryophyllales,Amaranthaceae,Amaranthus
108278,GCA_031439585.1,Plants_Algae_Other,Streptophyta,Magnoliopsida,Fabales,Fabaceae,Pterocarpus
108405,GCA_009819605.1,Plants_Algae_Other,NA,NA,NA,NA,NA
108405,GCA_009819645.1,Plants_Algae_Other,NA,NA,NA,NA,NA
108881,GCA_036013995.1,Plants_Algae_Other,Streptophyta,Magnoliopsida,Malvales,Malvaceae,Theobroma
1090481,GCA_963454915.1,Plants_Algae_Other,NA,NA,NA,NA,NA
1090481,GCA_963454925.1,Plants_Algae_Other,NA,NA,NA,NA,NA
109058,GCA_965212435.1,Plants_Algae_Other,Streptophyta,Magnoliopsida,Fagales,Betulaceae,Alnus
1091424,GCA_949748355.1,Plants_Algae_Other,NA,NA,NA,NA,NA
1091424,GCA_949748265.1,Plants_Algae_Other,NA,NA,NA,NA,NA
1091426,GCA_964188405.1,Plants_Algae_Other,NA,NA,NA,NA,NA
1091426,GCA_964188415.1,Plants_Algae_Other,NA,NA,NA,NA,NA
1093664,GCA_042480485.1,Plants_Algae_Other,Streptophyta,Magnoliopsida,Poales,Bromeliaceae,Vriesea
109376,GCA_000695525.1,Plants_Algae_Other,Streptophyta,Magnoliopsida,Brassicales,Brassicaceae,Brassica
109376,GCF_000695525.1,Plants_Algae_Other,Streptophyta,Magnoliopsida,Brassicales,Brassicaceae,Brassica
109379,GCA_034621495.1,Plants_Algae_Other,Streptophyta,Magnoliopsida,Brassicales,Brassicaceae,Brassica
1094858,GCA_004115005.2,Plants_Algae_Other,Streptophyta,Magnoliopsida,Cucurbitales,Cucurbitaceae,Cucurbita
109997,GCA_019706035.1,Plants_Algae_Other,Streptophyta,Magnoliopsida,Brassicales,Brassicaceae,Raphanus
110284,GCA_040741935.1,Plants_Algae_Other,Streptophyta,Magnoliopsida,Poales,Cyperaceae,Eleocharis
110299,GCA_965641875.2,Plants_Algae_Other,Streptophyta,Magnoliopsida,Poales,Cyperaceae,Eleocharis
110451,GCA_048320915.1,Plants_Algae_Other,Streptophyta,Magnoliopsida,Poales,Poaceae,Oryza
110753,GCA_965366155.1,Plants_Algae_Other,Streptophyta,Magnoliopsida,Ericales,Primulaceae,Lysimachia
1117032,GCA_051170945.1,Plants_Algae_Other,Streptophyta,Magnoliopsida,Gentianales,Rubiaceae,Galium
1120755,GCF_000321355.1,Plants_Algae_Other,Apicomplexa,Aconoidasida,Haemosporida,Plasmodiidae,Plasmodium
112509,GCA_026225795.1,Plants_Algae_Other,Streptophyta,Magnoliopsida,Poales,Poaceae,Hordeum
112509,GCF_904849725.1,Plants_Algae_Other,Streptophyta,Magnoliopsida,Poales,Poaceae,Hordeum
1125981,GCA_036320875.1,Plants_Algae_Other,Streptophyta,Magnoliopsida,Rosales,Rosaceae,Cotoneaster
112615,GCA_021442155.1,Plants_Algae_Other,Streptophyta,Magnoliopsida,Asparagales,Orchidaceae,Cymbidium
112863,GCA_019175385.2,Plants_Algae_Other,Streptophyta,Magnoliopsida,Solanales,Solanaceae,Lycium
112863,GCF_019175385.1,Plants_Algae_Other,Streptophyta,Magnoliopsida,Solanales,Solanaceae,Lycium
112879,GCA_041430385.1,Plants_Algae_Other,Streptophyta,Magnoliopsida,Solanales,Solanaceae,Lycium
1133968,GCF_000691945.2,Plants_Algae_Other,Apicomplexa,Aconoidasida,Piroplasmida,Babesiidae,Babesia
113446,GCA_003412495.2,Plants_Algae_Other,Streptophyta,Magnoliopsida,Boraginales,Boraginaceae,Echium
1136207,GCA_041222555.2,Plants_Algae_Other,Streptophyta,Magnoliopsida,Proteales,Proteaceae,Hakea
113636,GCA_964106015.1,Plants_Algae_Other,Streptophyta,Magnoliopsida,Malpighiales,Salicaceae,Populus
1137468,GCA_041475425.1,Plants_Algae_Other,Streptophyta,Magnoliopsida,Malpighiales,Hypericaceae,Hypericum
114194,GCA_964340505.1,Plants_Algae_Other,Streptophyta,Magnoliopsida,Poales,Poaceae,Alopecurus
114195,GCA_965641495.1,Plants_Algae_Other,Streptophyta,Magnoliopsida,Poales,Poaceae,Alopecurus
114204,GCA_963920575.1,Plants_Algae_Other,Streptophyta,Magnoliopsida,Dioscoreales,Nartheciaceae,Narthecium
1143241,GCA_047225615.1,Plants_Algae_Other,Streptophyta,Magnoliopsida,Rosales,Rosaceae,Malus
114476,GCA_013103745.1,Plants_Algae_Other,Streptophyta,Magnoliopsida,Gentianales,Rubiaceae,Gardenia
1149847,GCA_976941345.1,Plants_Algae_Other,Streptophyta,Magnoliopsida,Malpighiales,Salicaceae,Salix
1155252,GCA_965198375.1,Plants_Algae_Other,Streptophyta,Magnoliopsida,Asterales,Asteraceae,Galatella
1155256,GCA_965117245.1,Plants_Algae_Other,Streptophyta,Magnoliopsida,Lamiales,Plantaginaceae,Callitriche
1155260,GCA_965276805.1,Plants_Algae_Other,Streptophyta,Magnoliopsida,Asterales,Asteraceae,Cirsium
115594,GCA_977000245.1,Plants_Algae_Other,Streptophyta,Bryopsida,Grimmiales,Grimmiaceae,Grimmia
115595,GCA_975143445.1,Plants_Algae_Other,Streptophyta,Bryopsida,Dicranales,Rhabdoweisiaceae,Rhabdoweisia
115597,GCA_050084315.1,Plants_Algae_Other,Streptophyta,Bryopsida,Timmiales,Timmiaceae,Timmia
115622,GCA_965240275.1,Plants_Algae_Other,Streptophyta,Magnoliopsida,Caryophyllales,Caryophyllaceae,Polycarpon
1156411,GCA_009763385.1,Plants_Algae_Other,Streptophyta,Magnoliopsida,Poales,Poaceae,Coix
1161165,GCA_054207095.1,Plants_Algae_Other,Streptophyta,Magnoliopsida,Rosales,Rosaceae,Spiraea
1167251,GCA_044588655.1,Plants_Algae_Other,Streptophyta,Magnoliopsida,Vitales,Vitaceae,Vitis
1170862,GCA_965263735.1,Plants_Algae_Other,Streptophyta,Magnoliopsida,Apiales,Apiaceae,Trocdaris
117167,GCA_029856935.1,Plants_Algae_Other,Streptophyta,Magnoliopsida,Fagales,Juglandaceae,Cyclocarya
1172132,GCA_965213355.2,Plants_Algae_Other,Streptophyta,Bryopsida,Orthotrichales,Orthotrichaceae,Lewinskya
117272,GCA_019425755.1,Plants_Algae_Other,Streptophyta,Magnoliopsida,Caryophyllales,Amaranthaceae,Amaranthus
117978,GCA_040670175.1,Plants_Algae_Other,Streptophyta,Magnoliopsida,Asparagales,Orchidaceae,Dendrobium
1183223,GCA_965644415.1,Plants_Algae_Other,Streptophyta,Andreaeopsida,Andreaeales,Andreaeaceae,Andreaea
1183228,GCA_965644055.1,Plants_Algae_Other,Streptophyta,Andreaeopsida,Andreaeales,Andreaeaceae,Andreaea
1183236,GCA_965642345.1,Plants_Algae_Other,Streptophyta,Bryopsida,Hedwigiales,Hedwigiaceae,Hedwigia
118357,GCA_047301955.1,Plants_Algae_Other,Streptophyta,Magnoliopsida,Ericales,Ericaceae,Rhododendron
118357,GCA_014282245.1,Plants_Algae_Other,Streptophyta,Magnoliopsida,Ericales,Ericaceae,Rhododendron
118363,GCA_047302125.1,Plants_Algae_Other,Streptophyta,Magnoliopsida,Ericales,Ericaceae,Rhododendron
1184610,GCA_963082935.1,Plants_Algae_Other,Streptophyta,Magnoliopsida,Rosales,Rosaceae,Malus
118778,GCA_964605395.1,Plants_Algae_Other,Streptophyta,Magnoliopsida,Asterales,Asteraceae,Tussilago
118781,GCA_018804465.1,Plants_Algae_Other,Streptophyta,Magnoliopsida,Malpighiales,Salicaceae,Populus
118891,GCA_965615755.1,Plants_Algae_Other,Streptophyta,Magnoliopsida,Fabales,Fabaceae,Anthyllis
1191738,GCA_054207115.1,Plants_Algae_Other,Streptophyta,Magnoliopsida,Magnoliales,Magnoliaceae,Magnolia
119177,GCA_965217385.1,Plants_Algae_Other,Streptophyta,Magnoliopsida,Asterales,Asteraceae,Inula
119398,GCA_900617815.1,Plants_Algae_Other,Apicomplexa,Aconoidasida,Haemosporida,Plasmodiidae,Plasmodium
1195128,GCA_047496255.1,Plants_Algae_Other,Streptophyta,Magnoliopsida,Caryophyllales,Cactaceae,Selenicereus
119954,GCA_023653495.1,Plants_Algae_Other,Streptophyta,Magnoliopsida,Myrtales,Melastomataceae,Melastoma
119999,GCA_947650365.1,Plants_Algae_Other,Streptophyta,Magnoliopsida,Liliales,Melanthiaceae,Chionographis
120290,GCA_016432845.1,Plants_Algae_Other,Streptophyta,Magnoliopsida,Myrtales,Myrtaceae,Psidium
1206467,GCA_033972785.1,Plants_Algae_Other,Streptophyta,Magnoliopsida,Cornales,Hydrangeaceae,Hydrangea
120713,GCA_053925095.1,Plants_Algae_Other,Streptophyta,Polypodiopsida,Polypodiales,Blechnaceae,Brainea
1209845,GCA_975146385.1,Plants_Algae_Other,Streptophyta,Magnoliopsida,Lamiales,Lamiaceae,Teucrium
121540,GCA_965282855.1,Plants_Algae_Other,Streptophyta,Magnoliopsida,Asterales,Asteraceae,Senecio
121557,GCA_965199475.1,Plants_Algae_Other,Streptophyta,Magnoliopsida,Asterales,Asteraceae,Senecio
121557,GCA_965199645.1,Plants_Algae_Other,Streptophyta,Magnoliopsida,Asterales,Asteraceae,Senecio
121769,GCA_964212565.1,Plants_Algae_Other,Streptophyta,Magnoliopsida,Poales,Poaceae,Digitaria
121788,GCA_049640385.1,Plants_Algae_Other,Streptophyta,Magnoliopsida,Poales,Poaceae,Zoysia
122298,GCA_964605755.1,Plants_Algae_Other,Streptophyta,Magnoliopsida,Caryophyllales,Chenopodiaceae,Blitum
1225627,GCA_973838815.1,Plants_Algae_Other,Streptophyta,Bryopsida,Dicranales,Rhabdoweisiaceae,Cynodontium
122625,GCA_050084515.1,Plants_Algae_Other,Streptophyta,Marchantiopsida,Blasiales,Blasiaceae,Blasia
122635,GCA_971846045.1,Plants_Algae_Other,Streptophyta,Marchantiopsida,Marchantiales,Ricciaceae,Riccia
122646,GCA_046195345.1,Plants_Algae_Other,Streptophyta,Marchantiopsida,Marchantiales,Ricciaceae,Riccia
122646,GCA_975143555.1,Plants_Algae_Other,Streptophyta,Marchantiopsida,Marchantiales,Ricciaceae,Riccia
122810,GCA_037672795.1,Plants_Algae_Other,Streptophyta,Magnoliopsida,Myrtales,Lythraceae,Lagerstroemia
1230916,GCA_016097545.1,Plants_Algae_Other,Streptophyta,Magnoliopsida,Myrtales,Myrtaceae,Eucalyptus
123417,GCA_963580455.1,Plants_Algae_Other,Streptophyta,Magnoliopsida,Celastrales,Celastraceae,Euonymus
1234624,GCA_017140165.1,Plants_Algae_Other,Streptophyta,Magnoliopsida,Myrtales,Myrtaceae,Eucalyptus
123564,GCA_051622315.1,Plants_Algae_Other,Streptophyta,Magnoliopsida,Acorales,Acoraceae,Acorus
1245227,GCA_022965805.1,Plants_Algae_Other,Streptophyta,Magnoliopsida,Lamiales,Gesneriaceae,Primulina
1245227,GCF_022965805.1,Plants_Algae_Other,Streptophyta,Magnoliopsida,Lamiales,Gesneriaceae,Primulina
124693,GCA_051990025.1,Plants_Algae_Other,Streptophyta,Magnoliopsida,Rosales,Rosaceae,Rubus
124763,GCA_051827135.1,Plants_Algae_Other,Streptophyta,Magnoliopsida,Caryophyllales,Amaranthaceae,Amaranthus
124943,GCA_022749755.1,Plants_Algae_Other,Streptophyta,Magnoliopsida,Sapindales,Meliaceae,Azadirachta
1249515,GCA_017893485.1,Plants_Algae_Other,Streptophyta,Magnoliopsida,Asparagales,Asphodelaceae,Hemerocallis
125261,GCA_051943365.1,Plants_Algae_Other,Streptophyta,Magnoliopsida,Zingiberales,Zingiberaceae,Alpinia
125585,GCA_964205315.1,Plants_Algae_Other,Streptophyta,Magnoliopsida,Caryophyllales,Tamaricaceae,Tamarix
125765,GCF_046630445.1,Plants_Algae_Other,Streptophyta,Magnoliopsida,Asterales,Asteraceae,Rutidosis
126358,GCA_043235775.1,Plants_Algae_Other,Streptophyta,Magnoliopsida,Lamiales,Oleaceae,Abeliophyllum
126418,GCA_023638005.1,Plants_Algae_Other,Streptophyta,Magnoliopsida,Lamiales,Oleaceae,Forsythia
126435,GCA_037501455.1,Plants_Algae_Other,Streptophyta,Magnoliopsida,Lamiales,Verbenaceae,Lantana
126911,GCA_037576485.1,Plants_Algae_Other,Streptophyta,Magnoliopsida,Fabales,Fabaceae,Ammopiptanthus
126911,GCA_039655645.1,Plants_Algae_Other,Streptophyta,Magnoliopsida,Fabales,Fabaceae,Ammopiptanthus
127129,GCA_965213615.1,Plants_Algae_Other,Streptophyta,Magnoliopsida,Ericales,Balsaminaceae,Impatiens
127171,GCA_976985705.1,Plants_Algae_Other,Streptophyta,Bryopsida,Dicranales,Fissidentaceae,Fissidens
1277726,GCA_037893225.2,Plants_Algae_Other,NA,NA,NA,NA,NA
1277726,GCA_037893065.2,Plants_Algae_Other,NA,NA,NA,NA,NA
1278906,GCA_029030765.1,Plants_Algae_Other,Streptophyta,Magnoliopsida,Malpighiales,Salicaceae,Salix
127986,GCA_963920955.1,Plants_Algae_Other,Streptophyta,Magnoliopsida,Asterales,Asteraceae,Matricaria
127999,GCA_964204775.1,Plants_Algae_Other,Streptophyta,Magnoliopsida,Asterales,Asteraceae,Tanacetum
128002,GCA_964264315.1,Plants_Algae_Other,Streptophyta,Magnoliopsida,Asterales,Asteraceae,Tanacetum
128017,GCA_022984855.1,Plants_Algae_Other,Streptophyta,Magnoliopsida,Sapindales,Sapindaceae,Dimocarpus
128050,GCA_045783395.1,Plants_Algae_Other,NA,NA,NA,NA,NA
128184,GCA_965153435.1,Plants_Algae_Other,Streptophyta,Sphagnopsida,Sphagnales,Sphagnaceae,Sphagnum
128190,GCA_965153455.1,Plants_Algae_Other,Streptophyta,Sphagnopsida,Sphagnales,Sphagnaceae,Sphagnum
128191,GCA_963920785.2,Plants_Algae_Other,Streptophyta,Sphagnopsida,Sphagnales,Sphagnaceae,Sphagnum
128204,GCA_965217355.1,Plants_Algae_Other,Streptophyta,Sphagnopsida,Sphagnales,Sphagnaceae,Sphagnum
128206,GCA_964014455.1,Plants_Algae_Other,Streptophyta,Sphagnopsida,Sphagnales,Sphagnaceae,Sphagnum
128206,GCA_963971075.1,Plants_Algae_Other,Streptophyta,Sphagnopsida,Sphagnales,Sphagnaceae,Sphagnum
128215,GCA_021904315.1,Plants_Algae_Other,Streptophyta,Sphagnopsida,Sphagnales,Sphagnaceae,Sphagnum
128231,GCA_965644475.1,Plants_Algae_Other,Streptophyta,Sphagnopsida,Sphagnales,Sphagnaceae,Sphagnum
128247,GCA_965154135.1,Plants_Algae_Other,Streptophyta,Sphagnopsida,Sphagnales,Sphagnaceae,Sphagnum
128249,GCA_965649795.1,Plants_Algae_Other,Streptophyta,Sphagnopsida,Sphagnales,Sphagnaceae,Sphagnum
128251,GCA_963970355.1,Plants_Algae_Other,Streptophyta,Sphagnopsida,Sphagnales,Sphagnaceae,Sphagnum
128251,GCA_963970345.1,Plants_Algae_Other,Streptophyta,Sphagnopsida,Sphagnales,Sphagnaceae,Sphagnum
1286807,GCA_973838845.1,Plants_Algae_Other,Streptophyta,Bryopsida,Pottiales,Pottiaceae,Syntrichia
1288021,GCA_051564785.1,Plants_Algae_Other,Streptophyta,Magnoliopsida,Gentianales,Rubiaceae,Mitragyna
128810,GCA_020102875.1,Plants_Algae_Other,Streptophyta,Magnoliopsida,Poales,Poaceae,Saccharum
1291450,GCA_020826895.1,Plants_Algae_Other,Streptophyta,Magnoliopsida,Ranunculales,Ranunculaceae,Aquilegia
1291455,GCA_965284325.1,Plants_Algae_Other,Streptophyta,Magnoliopsida,Ranunculales,Ranunculaceae,Aquilegia
129212,GCA_048933195.1,Plants_Algae_Other,Streptophyta,Polytrichopsida,Polytrichales,Polytrichaceae,Polytrichastrum
129213,GCA_977013085.1,Plants_Algae_Other,Streptophyta,Polytrichopsida,Polytrichales,Polytrichaceae,Polytrichum
129214,GCA_977013495.1,Plants_Algae_Other,Streptophyta,Polytrichopsida,Polytrichales,Polytrichaceae,Polytrichum
129217,GCA_048569315.1,Plants_Algae_Other,Streptophyta,Magnoliopsida,Rosales,Rosaceae,Prunus
129286,GCA_977014425.1,Plants_Algae_Other,Streptophyta,Bryopsida,Grimmiales,Grimmiaceae,Dilutineuron
129566,GCA_023089605.1,Plants_Algae_Other,Streptophyta,Magnoliopsida,Lamiales,Oleaceae,Olea
12964,GCA_943591095.1,Plants_Algae_Other,NA,NA,NA,NA,NA
12990,GCA_977014945.1,Plants_Algae_Other,Streptophyta,Magnoliopsida,Fagales,Betulaceae,Carpinus
12990,GCA_977014995.1,Plants_Algae_Other,Streptophyta,Magnoliopsida,Fagales,Betulaceae,Carpinus
13044,GCA_965119345.1,Plants_Algae_Other,Streptophyta,Magnoliopsida,Rosales,Rosaceae,Potentilla
130446,GCA_976988785.1,Plants_Algae_Other,Streptophyta,Bryopsida,Encalyptales,Encalyptaceae,Encalypta
130453,GCF_000817695.3,Plants_Algae_Other,Streptophyta,Magnoliopsida,Fabales,Fabaceae,Arachis
130454,GCF_000816755.2,Plants_Algae_Other,Streptophyta,Magnoliopsida,Fabales,Fabaceae,Arachis
130459,GCA_053567775.1,Plants_Algae_Other,Streptophyta,Magnoliopsida,Poales,Poaceae,Aegilops
13055,GCA_946814005.1,Plants_Algae_Other,Streptophyta,Magnoliopsida,Myrtales,Onagraceae,Chamaenerion
1306156,GCA_044592545.1,Plants_Algae_Other,Streptophyta,Magnoliopsida,Vitales,Vitaceae,Vitis
132261,GCA_052055255.1,Plants_Algae_Other,Streptophyta,Magnoliopsida,Solanales,Convolvulaceae,Cuscuta
132429,GCA_014843725.1,Plants_Algae_Other,Streptophyta,Magnoliopsida,Fabales,Fabaceae,Amphicarpaea
13288,GCA_911865555.2,Plants_Algae_Other,Streptophyta,Magnoliopsida,Brassicales,Brassicaceae,Thlaspi
1331087,GCA_965642955.1,Plants_Algae_Other,Streptophyta,Jungermanniopsida,Jungermanniales,Anastrophyllaceae,Neoorthocaulis
13333,GCA_046862475.1,Plants_Algae_Other,Streptophyta,Magnoliopsida,Amborellales,Amborellaceae,Amborella
13385,GCA_964145215.1,Plants_Algae_Other,Streptophyta,Magnoliopsida,Ericales,Ericaceae,Calluna
13385,GCA_964145725.1,Plants_Algae_Other,Streptophyta,Magnoliopsida,Ericales,Ericaceae,Calluna
1340046,GCA_049355005.1,Plants_Algae_Other,Streptophyta,Magnoliopsida,Lamiales,Lamiaceae,Callicarpa
134033,GCA_047496805.1,Plants_Algae_Other,Streptophyta,Magnoliopsida,Fagales,Fagaceae,Castanea
13419,GCA_022113865.1,Plants_Algae_Other,Streptophyta,Magnoliopsida,Laurales,Calycanthaceae,Chimonanthus
13427,GCA_023525715.1,Plants_Algae_Other,Streptophyta,Magnoliopsida,Asterales,Asteraceae,Cichorium
13443,GCA_003713225.1,Plants_Algae_Other,Streptophyta,Magnoliopsida,Gentianales,Rubiaceae,Coffea
13443,GCF_036785885.1,Plants_Algae_Other,Streptophyta,Magnoliopsida,Gentianales,Rubiaceae,Coffea
13451,GCA_901000735.2,Plants_Algae_Other,Streptophyta,Magnoliopsida,Fagales,Betulaceae,Corylus
13451,GCA_965113065.2,Plants_Algae_Other,Streptophyta,Magnoliopsida,Fagales,Betulaceae,Corylus
13451,GCF_901000735.1,Plants_Algae_Other,Streptophyta,Magnoliopsida,Fagales,Betulaceae,Corylus
13465,GCA_973897325.1,Plants_Algae_Other,Streptophyta,Magnoliopsida,Asterales,Asteraceae,Crepis
1348126,GCA_050947795.1,Plants_Algae_Other,Streptophyta,Magnoliopsida,Cucurbitales,Cucurbitaceae,Gynostemma
1353443,GCA_042692165.1,Plants_Algae_Other,Streptophyta,Magnoliopsida,Fabales,Fabaceae,Dalbergia
135518,GCA_965211865.1,Plants_Algae_Other,Streptophyta,Magnoliopsida,Saxifragales,Grossulariaceae,Ribes
13579,GCA_027726005.1,Plants_Algae_Other,Streptophyta,Magnoliopsida,Poales,Juncaceae,Juncus
13579,GCA_946800655.1,Plants_Algae_Other,Streptophyta,Magnoliopsida,Poales,Juncaceae,Juncus
1358727,GCA_046464095.1,Plants_Algae_Other,Streptophyta,Magnoliopsida,Rosales,Rosaceae,Prunus
13597,GCA_963555705.1,Plants_Algae_Other,Streptophyta,Magnoliopsida,Lamiales,Oleaceae,Ligustrum
136121,GCA_977007225.1,Plants_Algae_Other,Streptophyta,Magnoliopsida,Laurales,Lauraceae,Laurus
136204,GCA_964235135.1,Plants_Algae_Other,Streptophyta,Magnoliopsida,Solanales,Convolvulaceae,Calystegia
136217,GCF_044706935.1,Plants_Algae_Other,Streptophyta,Magnoliopsida,Zingiberales,Zingiberaceae,Curcuma
136465,GCA_034190965.1,Plants_Algae_Other,Streptophyta,Magnoliopsida,Rosales,Rosaceae,Prunus
13708,GCA_030867185.1,Plants_Algae_Other,Streptophyta,Magnoliopsida,Asterales,Asteraceae,Tagetes
137095,GCA_965645205.1,Plants_Algae_Other,Streptophyta,Magnoliopsida,Gentianales,Gentianaceae,Gentianella
137095,GCA_965645215.1,Plants_Algae_Other,Streptophyta,Magnoliopsida,Gentianales,Gentianaceae,Gentianella
13715,GCA_015143295.1,Plants_Algae_Other,Streptophyta,Magnoliopsida,Trochodendrales,Trochodendraceae,Tetracentron
13750,GCA_022606695.1,Plants_Algae_Other,Streptophyta,Magnoliopsida,Ericales,Ericaceae,Vaccinium
137693,GCA_934048045.1,Plants_Algae_Other,Streptophyta,Magnoliopsida,Caryophyllales,Polygonaceae,Polygonum
13805,GCA_965637455.1,Plants_Algae_Other,Streptophyta,Sphagnopsida,Sphagnales,Sphagnaceae,Sphagnum
13818,GCA_014529385.2,Plants_Algae_Other,Streptophyta,Polypodiopsida,Polypodiales,Pteridaceae,Adiantum
1381980,GCA_013168755.1,Plants_Algae_Other,Streptophyta,Magnoliopsida,Lamiales,Acanthaceae,Avicennia
138298,GCA_900617785.1,Plants_Algae_Other,Apicomplexa,Aconoidasida,Haemosporida,Plasmodiidae,Plasmodium
138560,GCA_965211895.1,Plants_Algae_Other,Streptophyta,Magnoliopsida,Lamiales,Plantaginaceae,Veronica
138912,GCA_047225825.1,Plants_Algae_Other,Streptophyta,Magnoliopsida,Rosales,Rosaceae,Malus
13894,GCA_003604295.2,Plants_Algae_Other,Streptophyta,Magnoliopsida,Arecales,Arecaceae,Cocos
138955,GCA_026401125.1,Plants_Algae_Other,Streptophyta,Magnoliopsida,Fabales,Fabaceae,Vigna
139772,GCA_023653625.1,Plants_Algae_Other,Streptophyta,Magnoliopsida,Malpighiales,Euphorbiaceae,Triadica
139838,GCA_974373415.1,Plants_Algae_Other,Streptophyta,Jungermanniopsida,Radulales,Radulaceae,Radula
139839,GCA_965642335.1,Plants_Algae_Other,Streptophyta,Jungermanniopsida,Ptilidiales,Ptilidiaceae,Ptilidium
140101,GCA_976954525.1,Plants_Algae_Other,Streptophyta,Magnoliopsida,Proteales,Platanaceae,Platanus
1403702,GCA_020137815.1,Plants_Algae_Other,Ctenophora,Tentaculata,Cydippida,Pleurobrachiidae,Hormiphora
140392,GCA_965644165.1,Plants_Algae_Other,Streptophyta,Bryopsida,Hypnales,Amblystegiaceae,Platyhypnum
140453,GCA_011033025.1,Plants_Algae_Other,NA,NA,NA,NA,NA
140496,GCA_965231295.1,Plants_Algae_Other,Ctenophora,Tentaculata,Cydippida,Mertensiidae,Mertensia
140496,GCA_965231305.1,Plants_Algae_Other,Ctenophora,Tentaculata,Cydippida,Mertensiidae,Mertensia
1406263,GCA_045269345.1,Plants_Algae_Other,Streptophyta,Magnoliopsida,Cucurbitales,Begoniaceae,Begonia
1406276,GCA_022433055.1,Plants_Algae_Other,Streptophyta,Magnoliopsida,Cucurbitales,Begoniaceae,Begonia
140635,GCA_022496805.1,Plants_Algae_Other,Streptophyta,Bryopsida,Bryales,Mniaceae,Pohlia
140635,GCA_973851025.1,Plants_Algae_Other,Streptophyta,Bryopsida,Bryales,Mniaceae,Pohlia
140636,GCA_963920765.1,Plants_Algae_Other,Streptophyta,Bryopsida,Orthotrichales,Orthotrichaceae,Ulota
140783,GCA_964417155.2,Plants_Algae_Other,Streptophyta,Magnoliopsida,Poales,Cyperaceae,Carex
140873,GCA_028015225.1,Plants_Algae_Other,Streptophyta,Magnoliopsida,Poales,Cyperaceae,Carex
140968,GCA_963995505.1,Plants_Algae_Other,Streptophyta,Magnoliopsida,Malpighiales,Hypericaceae,Hypericum
140997,GCA_977072135.1,Plants_Algae_Other,Streptophyta,Magnoliopsida,Rosales,Rosaceae,Crataegus
141003,GCA_047426325.1,Plants_Algae_Other,Streptophyta,Magnoliopsida,Rosales,Rosaceae,Gillenia
141206,GCA_047225655.1,Plants_Algae_Other,Streptophyta,Magnoliopsida,Rosales,Rosaceae,Malus
1413687,GCA_040801895.1,Plants_Algae_Other,Streptophyta,Magnoliopsida,Malpighiales,Salicaceae,Salix
1413687,GCA_015731905.1,Plants_Algae_Other,Streptophyta,Magnoliopsida,Malpighiales,Salicaceae,Salix
141467,GCA_047371215.1,Plants_Algae_Other,Streptophyta,Magnoliopsida,Gentianales,Apocynaceae,Calotropis
142610,GCA_965112805.2,Plants_Algae_Other,Streptophyta,Bryopsida,Hypnales,Plagiotheciaceae,Orthothecium
142615,GCA_019514585.1,Plants_Algae_Other,Streptophyta,Magnoliopsida,Asparagales,Orchidaceae,Dendrobium
142738,GCA_024586325.1,Plants_Algae_Other,Streptophyta,Magnoliopsida,Malvales,Thymelaeaceae,Stellera
142860,GCA_039660915.1,Plants_Algae_Other,Streptophyta,Magnoliopsida,Malpighiales,Euphorbiaceae,Euphorbia
143172,GCA_954870635.1,Plants_Algae_Other,Streptophyta,Magnoliopsida,Asterales,Asteraceae,Arctium
1435599,GCA_048565295.1,Plants_Algae_Other,Streptophyta,Magnoliopsida,Rosales,Urticaceae,Urtica
143895,GCA_051992605.1,Plants_Algae_Other,NA,NA,NA,NA,NA
145231,GCA_019914995.1,Plants_Algae_Other,Streptophyta,Magnoliopsida,Pandanales,Velloziaceae,Acanthochlamys
145471,GCA_052186255.1,Plants_Algae_Other,Streptophyta,Magnoliopsida,Brassicales,Brassicaceae,Brassica
145754,GCA_965277935.1,Plants_Algae_Other,Streptophyta,Magnoliopsida,Malvales,Malvaceae,Malva
146530,GCA_947310925.1,Plants_Algae_Other,Streptophyta,Magnoliopsida,Poales,Poaceae,Avena
146532,GCA_051175435.1,Plants_Algae_Other,Streptophyta,Magnoliopsida,Poales,Poaceae,Avena
146534,GCA_910589775.1,Plants_Algae_Other,Streptophyta,Magnoliopsida,Poales,Poaceae,Avena
146544,GCA_021018995.1,Plants_Algae_Other,Streptophyta,Magnoliopsida,Chloranthales,Chloranthaceae,Chloranthus
146584,GCA_974117415.1,Plants_Algae_Other,Streptophyta,Bryopsida,Orthotrichales,Orthotrichaceae,Zygodon
146996,GCA_022545495.1,Plants_Algae_Other,Streptophyta,Magnoliopsida,Asterales,Asteraceae,Chrysanthemum
147045,GCA_047284395.1,Plants_Algae_Other,Streptophyta,Magnoliopsida,Rosales,Rosaceae,Malus
147244,GCA_049863475.1,Plants_Algae_Other,Streptophyta,Magnoliopsida,Ranunculales,Menispermaceae,Stephania
147272,GCA_022530915.1,Plants_Algae_Other,Streptophyta,Magnoliopsida,Poales,Poaceae,Paspalum
147425,GCA_037074985.1,Plants_Algae_Other,Streptophyta,Magnoliopsida,Solanales,Solanaceae,Solanum
147635,GCA_964341555.1,Plants_Algae_Other,Streptophyta,Magnoliopsida,Ranunculales,Ranunculaceae,Ranunculus
1478180,GCA_910596185.1,Plants_Algae_Other,Streptophyta,Magnoliopsida,Asterales,Asteraceae,Chrysanthemum
147913,GCA_051225905.1,Plants_Algae_Other,Streptophyta,Magnoliopsida,Ericales,Theaceae,Camellia
147913,GCA_051225895.1,Plants_Algae_Other,Streptophyta,Magnoliopsida,Ericales,Theaceae,Camellia
147926,GCA_049201075.1,Plants_Algae_Other,Streptophyta,Magnoliopsida,Ericales,Theaceae,Camellia
1480154,GCA_037833965.1,Plants_Algae_Other,Streptophyta,Marchantiopsida,Marchantiales,Marchantiaceae,Marchantia
1480154,GCA_039105155.1,Plants_Algae_Other,Streptophyta,Marchantiopsida,Marchantiales,Marchantiaceae,Marchantia
1482630,GCA_036346415.1,Plants_Algae_Other,Streptophyta,Magnoliopsida,Poales,Poaceae,Raddia
148566,GCA_053477565.1,Plants_Algae_Other,Streptophyta,Polypodiopsida,Schizaeales,Lygodiaceae,Lygodium
148897,GCA_964205265.1,Plants_Algae_Other,Streptophyta,Magnoliopsida,Rosales,Rosaceae,Geum
1489818,GCA_031216285.1,Plants_Algae_Other,Streptophyta,Magnoliopsida,Myrtales,Myrtaceae,Syzygium
1492673,GCA_012295235.2,Plants_Algae_Other,Streptophyta,Magnoliopsida,Lamiales,Gesneriaceae,Primulina
1492673,GCF_012295235.1,Plants_Algae_Other,Streptophyta,Magnoliopsida,Lamiales,Gesneriaceae,Primulina
1495044,GCA_019022515.1,Plants_Algae_Other,Streptophyta,Magnoliopsida,Fagales,Fagaceae,Quercus
15000,GCA_963693085.1,Plants_Algae_Other,Streptophyta,Magnoliopsida,Alismatales,Alismataceae,Alisma
1501231,GCA_030345395.1,Plants_Algae_Other,Streptophyta,Magnoliopsida,Rosales,Rosaceae,Prunus
1502934,GCA_964658295.1,Plants_Algae_Other,NA,NA,NA,NA,NA
1502934,GCA_964658305.1,Plants_Algae_Other,NA,NA,NA,NA,NA
1504633,GCA_003061485.1,Plants_Algae_Other,Streptophyta,Magnoliopsida,Poales,Poaceae,Panicum
1510177,GCA_975465555.1,Plants_Algae_Other,Streptophyta,Bryopsida,Dicranales,Dicranaceae,Dicranum
151069,GCA_042692115.1,Plants_Algae_Other,Streptophyta,Magnoliopsida,Sapindales,Sapindaceae,Litchi
151071,GCA_021234005.1,Plants_Algae_Other,Streptophyta,Magnoliopsida,Sapindales,Sapindaceae,Nephelium
151230,GCA_053755035.1,Plants_Algae_Other,Streptophyta,Magnoliopsida,Caryophyllales,Chenopodiaceae,Haloxylon
151231,GCA_053755055.1,Plants_Algae_Other,Streptophyta,Magnoliopsida,Caryophyllales,Chenopodiaceae,Haloxylon
151332,GCA_020226265.1,Plants_Algae_Other,Streptophyta,Magnoliopsida,Rosales,Rosaceae,Prunus
151428,GCA_964271035.1,Plants_Algae_Other,Streptophyta,Magnoliopsida,Rosales,Rosaceae,Prunus
151428,GCA_964267205.1,Plants_Algae_Other,Streptophyta,Magnoliopsida,Rosales,Rosaceae,Prunus
151430,GCA_020226225.1,Plants_Algae_Other,Streptophyta,Magnoliopsida,Rosales,Rosaceae,Prunus
151433,GCA_018703695.1,Plants_Algae_Other,Streptophyta,Magnoliopsida,Rosales,Rosaceae,Prunus
151439,GCA_041222475.1,Plants_Algae_Other,Streptophyta,Magnoliopsida,Rosales,Rosaceae,Prunus
15193,GCA_965112215.1,Plants_Algae_Other,Streptophyta,Magnoliopsida,Poales,Cyperaceae,Carex
152273,GCA_051623435.1,Plants_Algae_Other,Streptophyta,Magnoliopsida,Vitales,Vitaceae,Vitis
152274,GCA_051623735.1,Plants_Algae_Other,Streptophyta,Magnoliopsida,Vitales,Vitaceae,Vitis
152275,GCA_044590745.1,Plants_Algae_Other,Streptophyta,Magnoliopsida,Vitales,Vitaceae,Vitis
152349,GCA_049862615.1,Plants_Algae_Other,Streptophyta,Magnoliopsida,Ranunculales,Menispermaceae,Tinospora
152367,GCA_039657325.1,Plants_Algae_Other,Streptophyta,Magnoliopsida,Ranunculales,Menispermaceae,Stephania
152369,GCA_051529625.1,Plants_Algae_Other,Streptophyta,Magnoliopsida,Ranunculales,Menispermaceae,Stephania
152371,GCA_039657365.1,Plants_Algae_Other,Streptophyta,Magnoliopsida,Ranunculales,Menispermaceae,Stephania
153471,GCA_033617975.1,Plants_Algae_Other,Streptophyta,Magnoliopsida,Malpighiales,Salicaceae,Populus
1534734,GCA_964271845.3,Plants_Algae_Other,Streptophyta,Magnoliopsida,Asterales,Asteraceae,Xanthium
153477,GCA_044645275.1,Plants_Algae_Other,Streptophyta,Magnoliopsida,Vitales,Vitaceae,Vitis
15368,GCF_000005505.3,Plants_Algae_Other,Streptophyta,Magnoliopsida,Poales,Poaceae,Brachypodium
153742,GCA_046055965.1,Plants_Algae_Other,Streptophyta,Magnoliopsida,Gentianales,Rubiaceae,Cinchona
1541731,GCA_014182405.2,Plants_Algae_Other,Streptophyta,Magnoliopsida,Myrtales,Myrtaceae,Eucalyptus
154293,GCA_016618105.1,Plants_Algae_Other,Streptophyta,Magnoliopsida,Asparagales,Orchidaceae,Dendrobium
154761,GCA_019320115.1,Plants_Algae_Other,Streptophyta,Magnoliopsida,Poales,Poaceae,Miscanthus
154761,GCF_019320115.1,Plants_Algae_Other,Streptophyta,Magnoliopsida,Poales,Poaceae,Miscanthus
154765,GCA_022644695.1,Plants_Algae_Other,Streptophyta,Magnoliopsida,Poales,Poaceae,Cenchrus
155132,GCA_017979445.1,Plants_Algae_Other,Streptophyta,Magnoliopsida,Ranunculales,Lardizabalaceae,Akebia
155299,GCA_012931725.1,Plants_Algae_Other,Streptophyta,Magnoliopsida,Laurales,Lauraceae,Litsea
155764,GCA_014182385.1,Plants_Algae_Other,Streptophyta,Magnoliopsida,Myrtales,Myrtaceae,Eucalyptus
1567104,GCA_030954535.1,Plants_Algae_Other,Streptophyta,Magnoliopsida,Cucurbitales,Cucurbitaceae,Citrullus
157165,GCA_963556525.1,Plants_Algae_Other,Streptophyta,Magnoliopsida,Brassicales,Brassicaceae,Cochlearia
1574107,GCA_051401755.1,Plants_Algae_Other,Streptophyta,Magnoliopsida,Caryophyllales,Cactaceae,Cereus
157742,GCA_027742785.1,Plants_Algae_Other,Streptophyta,Magnoliopsida,Fabales,Fabaceae,Vigna
157749,GCA_034642375.1,Plants_Algae_Other,Streptophyta,Magnoliopsida,Fabales,Fabaceae,Vigna
157791,GCA_040583985.2,Plants_Algae_Other,Streptophyta,Magnoliopsida,Fabales,Fabaceae,Vigna
158096,GCA_041430275.1,Plants_Algae_Other,Streptophyta,Magnoliopsida,Poales,Poaceae,Digitaria
158149,GCA_030272315.1,Plants_Algae_Other,Streptophyta,Magnoliopsida,Poales,Poaceae,Paspalum
158383,GCA_902713445.1,Plants_Algae_Other,Streptophyta,Magnoliopsida,Lamiales,Oleaceae,Olea
158386,GCF_002742605.1,Plants_Algae_Other,Streptophyta,Magnoliopsida,Lamiales,Oleaceae,Olea
158543,GCA_019845555.1,Plants_Algae_Other,Streptophyta,Magnoliopsida,Piperales,Aristolochiaceae,Aristolochia
1585948,GCA_050084395.1,Plants_Algae_Other,Streptophyta,Jungermanniopsida,Jungermanniales,Solenostomataceae,Solenostoma
1588651,GCA_976988665.1,Plants_Algae_Other,Streptophyta,Bryopsida,Hedwigiales,Hedwigiaceae,Braunia
159030,GCA_025617435.1,Plants_Algae_Other,Streptophyta,Magnoliopsida,Sapindales,Rutaceae,Murraya
159030,GCA_025617385.1,Plants_Algae_Other,Streptophyta,Magnoliopsida,Sapindales,Rutaceae,Murraya
159033,GCA_052148995.1,Plants_Algae_Other,Streptophyta,Magnoliopsida,Sapindales,Rutaceae,Citrus
1590841,GCA_003024255.1,Plants_Algae_Other,Streptophyta,Magnoliopsida,Ericales,Actinidiaceae,Actinidia
159386,GCA_050948255.1,Plants_Algae_Other,Streptophyta,Magnoliopsida,Icacinales,Icacinaceae,Nothapodytes
15957,GCA_965605815.1,Plants_Algae_Other,Streptophyta,Magnoliopsida,Poales,Poaceae,Phleum
159716,GCA_036324585.1,Plants_Algae_Other,NA,NA,NA,NA,NA
159960,GCA_054131585.1,Plants_Algae_Other,Streptophyta,Magnoliopsida,Saxifragales,Saxifragaceae,Oresitrophe
1603816,GCA_047225935.1,Plants_Algae_Other,Streptophyta,Magnoliopsida,Rosales,Rosaceae,Malus
1605258,GCA_051820995.1,Plants_Algae_Other,Streptophyta,Magnoliopsida,Lamiales,Acanthaceae,Acanthus
160538,GCA_048939085.1,Plants_Algae_Other,Streptophyta,Magnoliopsida,Asparagales,Orchidaceae,Cymbidium
160685,GCA_027562315.1,Plants_Algae_Other,Streptophyta,Magnoliopsida,Zingiberales,Costaceae,Costus
1608485,GCA_054131425.1,Plants_Algae_Other,Streptophyta,Magnoliopsida,Rosales,Rosaceae,Rosa
160988,GCA_965283495.1,Plants_Algae_Other,Streptophyta,Magnoliopsida,Rosales,Ulmaceae,Zelkova
161101,GCA_024174645.1,Plants_Algae_Other,Streptophyta,Magnoliopsida,Alismatales,Araceae,Lemna
161101,GCA_964341035.1,Plants_Algae_Other,Streptophyta,Magnoliopsida,Alismatales,Araceae,Lemna
161112,GCA_029677425.1,Plants_Algae_Other,Streptophyta,Magnoliopsida,Alismatales,Araceae,Wolffia
161112,GCF_029677425.1,Plants_Algae_Other,Streptophyta,Magnoliopsida,Alismatales,Araceae,Wolffia
1616475,GCA_051940995.1,Plants_Algae_Other,Streptophyta,Magnoliopsida,Lamiales,Oleaceae,Fraxinus
1616479,GCA_016801395.1,Plants_Algae_Other,Streptophyta,Magnoliopsida,Gentianales,Rubiaceae,Leptodermis
161676,GCA_030770645.1,Plants_Algae_Other,NA,NA,NA,NA,NA
161739,GCA_045782655.1,Plants_Algae_Other,NA,NA,NA,NA,NA
161752,GCA_051020845.1,Plants_Algae_Other,Streptophyta,Magnoliopsida,Fabales,Fabaceae,Cercis
161756,GCA_010577795.1,Plants_Algae_Other,Streptophyta,Magnoliopsida,Brassicales,Brassicaceae,Isatis
161865,GCA_019925795.1,Plants_Algae_Other,Streptophyta,Magnoliopsida,Asparagales,Orchidaceae,Dendrobium
161951,GCA_964234985.1,Plants_Algae_Other,Streptophyta,Magnoliopsida,Brassicales,Brassicaceae,Draba
162940,GCA_052059195.1,Plants_Algae_Other,Streptophyta,Magnoliopsida,Fabales,Fabaceae,Zenia
163078,GCA_054130685.1,Plants_Algae_Other,Streptophyta,Magnoliopsida,Boraginales,Cordiaceae,Cordia
163083,GCA_037974665.1,Plants_Algae_Other,Streptophyta,Magnoliopsida,Boraginales,Ehretiaceae,Ehretia
163083,GCA_037974685.1,Plants_Algae_Other,Streptophyta,Magnoliopsida,Boraginales,Ehretiaceae,Ehretia
163089,GCA_025506415.1,Plants_Algae_Other,Streptophyta,Magnoliopsida,Asterales,Asteraceae,Flaveria
1637976,GCA_054094925.1,Plants_Algae_Other,Streptophyta,Magnoliopsida,Ericales,Primulaceae,Primula
1640932,GCA_024500155.1,Plants_Algae_Other,Streptophyta,Magnoliopsida,Caryophyllales,Chenopodiaceae,Chenopodium
1641257,GCA_037113605.1,Plants_Algae_Other,Streptophyta,Magnoliopsida,Fabales,Fabaceae,Calophaca
1641373,GCA_025583645.1,Plants_Algae_Other,Streptophyta,Magnoliopsida,Malvales,Malvaceae,Gossypium
164258,GCA_964197965.1,Plants_Algae_Other,Streptophyta,Magnoliopsida,Lamiales,Plantaginaceae,Veronica
1642857,GCA_051313585.1,Plants_Algae_Other,Streptophyta,Magnoliopsida,Rosales,Elaeagnaceae,Elaeagnus
1642874,GCA_040448445.1,Plants_Algae_Other,Streptophyta,Magnoliopsida,Poales,Poaceae,Spodiopogon
164435,GCA_963922005.1,Plants_Algae_Other,Streptophyta,Magnoliopsida,Cornales,Cornaceae,Cornus
164942,GCA_030064385.1,Plants_Algae_Other,Streptophyta,Magnoliopsida,Myrtales,Myrtaceae,Melaleuca
1650721,GCA_037428765.1,Plants_Algae_Other,Streptophyta,Magnoliopsida,Gentianales,Rubiaceae,Rubia
165094,GCA_040144145.1,Plants_Algae_Other,Streptophyta,Magnoliopsida,Poales,Poaceae,Poa
165200,GCA_019202715.1,Plants_Algae_Other,Streptophyta,Magnoliopsida,Ericales,Actinidiaceae,Actinidia
165200,GCF_019202715.1,Plants_Algae_Other,Streptophyta,Magnoliopsida,Ericales,Actinidiaceae,Actinidia
165789,GCA_000950795.1,Plants_Algae_Other,Streptophyta,Magnoliopsida,Solanales,Solanaceae,Capsicum
166594,GCA_051941055.1,Plants_Algae_Other,Streptophyta,Magnoliopsida,Lamiales,Oleaceae,Fraxinus
16719,GCA_002916485.2,Plants_Algae_Other,Streptophyta,Magnoliopsida,Fagales,Juglandaceae,Juglans
167626,GCA_052815345.1,Plants_Algae_Other,Streptophyta,Magnoliopsida,Fabales,Fabaceae,Strongylodon
1677695,GCA_054130615.1,Plants_Algae_Other,Streptophyta,Magnoliopsida,Santalales,Opiliaceae,Yunnanopilia
167791,GCA_022379115.2,Plants_Algae_Other,Streptophyta,Magnoliopsida,Fabales,Fabaceae,Bauhinia
1678845,GCA_041870085.1,Plants_Algae_Other,Streptophyta,Magnoliopsida,Alismatales,Araceae,Anthurium
168488,GCA_019426215.1,Plants_Algae_Other,Streptophyta,Magnoliopsida,Lamiales,Scrophulariaceae,Buddleja
168575,GCA_032871835.1,Plants_Algae_Other,Streptophyta,Magnoliopsida,Sapindales,Sapindaceae,Dipteronia
1686260,GCA_051307295.1,Plants_Algae_Other,Streptophyta,Magnoliopsida,Malvales,Malvaceae,Pterospermum
168710,GCA_032356645.1,Plants_Algae_Other,NA,NA,NA,NA,NA
169223,GCA_965231345.1,Plants_Algae_Other,Streptophyta,Magnoliopsida,Caryophyllales,Caryophyllaceae,Honckenya
169227,GCA_964106765.1,Plants_Algae_Other,Streptophyta,Magnoliopsida,Caryophyllales,Caryophyllaceae,Moehringia
170351,GCA_024721245.1,Plants_Algae_Other,Streptophyta,Magnoliopsida,Gentianales,Rubiaceae,Mitragyna
170457,GCA_964340665.2,Plants_Algae_Other,Streptophyta,Bryopsida,Hypnales,Brachytheciaceae,Rhynchostegiella
170927,GCA_963682055.1,Plants_Algae_Other,Streptophyta,Magnoliopsida,Ericales,Primulaceae,Primula
1711195,GCA_014182885.2,Plants_Algae_Other,Streptophyta,Magnoliopsida,Myrtales,Myrtaceae,Eucalyptus
1711249,GCA_016097615.1,Plants_Algae_Other,Streptophyta,Magnoliopsida,Myrtales,Myrtaceae,Eucalyptus
1711251,GCA_014182575.1,Plants_Algae_Other,Streptophyta,Magnoliopsida,Myrtales,Myrtaceae,Eucalyptus
1711299,GCA_017140475.1,Plants_Algae_Other,Streptophyta,Magnoliopsida,Myrtales,Myrtaceae,Eucalyptus
1711375,GCA_017140325.1,Plants_Algae_Other,Streptophyta,Magnoliopsida,Myrtales,Myrtaceae,Eucalyptus
1711482,GCA_017140185.1,Plants_Algae_Other,Streptophyta,Magnoliopsida,Myrtales,Myrtaceae,Eucalyptus
171252,GCA_964211905.1,Plants_Algae_Other,Streptophyta,Magnoliopsida,Sapindales,Rutaceae,Citrus
171277,GCA_025774025.1,Plants_Algae_Other,NA,NA,NA,NA,NA
172057,GCA_965637405.1,Plants_Algae_Other,Streptophyta,Magnoliopsida,Gentianales,Gentianaceae,Centaurium
172265,GCA_964106905.1,Plants_Algae_Other,Streptophyta,Magnoliopsida,Rosales,Ulmaceae,Ulmus
172266,GCA_977020475.1,Plants_Algae_Other,Streptophyta,Magnoliopsida,Malvales,Malvaceae,Tilia
172267,GCA_964035475.1,Plants_Algae_Other,Streptophyta,Magnoliopsida,Malpighiales,Salicaceae,Salix
172797,GCF_019186545.1,Plants_Algae_Other,Streptophyta,Magnoliopsida,Solanales,Solanaceae,Solanum
1736656,GCA_009831275.1,Plants_Algae_Other,Streptophyta,Magnoliopsida,Poales,Poaceae,Oryza
1736658,GCA_009831255.1,Plants_Algae_Other,Streptophyta,Magnoliopsida,Poales,Poaceae,Oryza
1736659,GCA_001952365.3,Plants_Algae_Other,Streptophyta,Magnoliopsida,Poales,Poaceae,Oryza
174648,GCA_037043215.1,Plants_Algae_Other,Streptophyta,Magnoliopsida,Fabales,Fabaceae,Pueraria
174664,GCA_965212335.2,Plants_Algae_Other,Streptophyta,Magnoliopsida,Ericales,Primulaceae,Lysimachia
175037,GCA_965239585.1,Plants_Algae_Other,Streptophyta,Magnoliopsida,Ericales,Primulaceae,Hottonia
175037,GCA_965239615.1,Plants_Algae_Other,Streptophyta,Magnoliopsida,Ericales,Primulaceae,Hottonia
175095,GCA_965240305.1,Plants_Algae_Other,Streptophyta,Magnoliopsida,Ericales,Primulaceae,Primula
175095,GCA_965240245.1,Plants_Algae_Other,Streptophyta,Magnoliopsida,Ericales,Primulaceae,Primula
175104,GCA_963920805.1,Plants_Algae_Other,Streptophyta,Magnoliopsida,Ericales,Primulaceae,Primula
175228,GCA_965178245.1,Plants_Algae_Other,Streptophyta,Magnoliopsida,Saxifragales,Grossulariaceae,Ribes
1755700,GCA_050084415.1,Plants_Algae_Other,Streptophyta,Jungermanniopsida,Porellales,Lejeuneaceae,Acrolejeunea
175694,GCA_004354405.1,Plants_Algae_Other,Streptophyta,Magnoliopsida,Lamiales,Acanthaceae,Andrographis
1757932,GCA_038049695.1,Plants_Algae_Other,Streptophyta,Magnoliopsida,Laurales,Lauraceae,Cinnamomum
176857,GCA_006937295.1,Plants_Algae_Other,Streptophyta,Magnoliopsida,Fagales,Betulaceae,Carpinus
176864,GCA_013348765.1,Plants_Algae_Other,Streptophyta,Magnoliopsida,Fagales,Betulaceae,Carpinus
1771142,GCA_034818605.1,Plants_Algae_Other,Streptophyta,Magnoliopsida,Poales,Poaceae,Oryza
178133,GCF_020921035.1,Plants_Algae_Other,Streptophyta,Magnoliopsida,Myrtales,Myrtaceae,Rhodamnia
178614,GCA_034621515.1,Plants_Algae_Other,Streptophyta,Magnoliopsida,Brassicales,Brassicaceae,Brassica
178616,GCA_034638795.1,Plants_Algae_Other,Streptophyta,Magnoliopsida,Brassicales,Brassicaceae,Brassica
179056,GCA_041684035.1,Plants_Algae_Other,Streptophyta,Marchantiopsida,Marchantiales,Monosoleniaceae,Monosolenium
1793824,GCA_964234765.1,Plants_Algae_Other,Streptophyta,Magnoliopsida,Malvales,Malvaceae,Hibiscus
180498,GCA_041381405.1,Plants_Algae_Other,Streptophyta,Magnoliopsida,Malpighiales,Euphorbiaceae,Jatropha
180675,GCA_004379255.2,Plants_Algae_Other,Streptophyta,Magnoliopsida,Lamiales,Lamiaceae,Salvia
180675,GCF_004379255.2,Plants_Algae_Other,Streptophyta,Magnoliopsida,Lamiales,Lamiaceae,Salvia
180763,GCA_016920895.1,Plants_Algae_Other,Streptophyta,Magnoliopsida,Ericales,Ericaceae,Vaccinium
180772,GCA_963854785.2,Plants_Algae_Other,Streptophyta,Magnoliopsida,Ericales,Ericaceae,Vaccinium
181291,GCA_965278145.1,Plants_Algae_Other,Streptophyta,Magnoliopsida,Fabales,Fabaceae,Ornithopus
181291,GCA_965278115.1,Plants_Algae_Other,Streptophyta,Magnoliopsida,Fabales,Fabaceae,Ornithopus
1813530,GCA_977002725.1,Plants_Algae_Other,Streptophyta,Magnoliopsida,Rosales,Rosaceae,Prunus
1813537,GCA_017639395.1,Plants_Algae_Other,Streptophyta,Magnoliopsida,Brassicales,Brassicaceae,Brassica
1813537,GCA_965641675.1,Plants_Algae_Other,Streptophyta,Magnoliopsida,Brassicales,Brassicaceae,Brassica
182084,GCA_020536105.1,Plants_Algae_Other,Streptophyta,Magnoliopsida,Cucurbitales,Cucurbitaceae,Gynostemma
182084,GCA_046127195.1,Plants_Algae_Other,Streptophyta,Magnoliopsida,Cucurbitales,Cucurbitaceae,Gynostemma
182105,GCA_042919405.1,Plants_Algae_Other,Streptophyta,Magnoliopsida,Rosales,Moraceae,Ficus
182148,GCA_047302005.1,Plants_Algae_Other,Streptophyta,Magnoliopsida,Ericales,Ericaceae,Rhododendron
182163,GCF_030253575.1,Plants_Algae_Other,Streptophyta,Magnoliopsida,Ericales,Ericaceae,Rhododendron
182163,GCA_030253575.1,Plants_Algae_Other,Streptophyta,Magnoliopsida,Ericales,Ericaceae,Rhododendron
183277,GCA_965231965.2,Plants_Algae_Other,Streptophyta,Magnoliopsida,Malvales,Malvaceae,Malva
183277,GCA_965231755.2,Plants_Algae_Other,Streptophyta,Magnoliopsida,Malvales,Malvaceae,Malva
183318,GCA_965218745.1,Plants_Algae_Other,Streptophyta,Magnoliopsida,Fabales,Fabaceae,Ulex
183561,GCA_977013065.1,Plants_Algae_Other,Streptophyta,Magnoliopsida,Dipsacales,Caprifoliaceae,Dipsacus
183809,GCA_014182695.1,Plants_Algae_Other,Streptophyta,Magnoliopsida,Myrtales,Myrtaceae,Eucalyptus
183827,GCA_016097605.1,Plants_Algae_Other,Streptophyta,Magnoliopsida,Myrtales,Myrtaceae,Eucalyptus
183836,GCA_014182565.1,Plants_Algae_Other,Streptophyta,Magnoliopsida,Myrtales,Myrtaceae,Eucalyptus
183838,GCA_004368105.4,Plants_Algae_Other,Streptophyta,Magnoliopsida,Myrtales,Myrtaceae,Eucalyptus
183854,GCA_014182365.1,Plants_Algae_Other,Streptophyta,Magnoliopsida,Myrtales,Myrtaceae,Eucalyptus
1840588,GCA_025200525.1,Plants_Algae_Other,Streptophyta,Magnoliopsida,Ericales,Theaceae,Camellia
184140,GCA_036507275.1,Plants_Algae_Other,Streptophyta,Magnoliopsida,Cucurbitales,Cucurbitaceae,Sicyos
184183,GCA_965603815.1,Plants_Algae_Other,Streptophyta,Magnoliopsida,Ericales,Primulaceae,Primula
1842917,GCA_029204045.2,Plants_Algae_Other,Streptophyta,Magnoliopsida,Poales,Bromeliaceae,Tillandsia
184577,GCA_047302105.1,Plants_Algae_Other,Streptophyta,Magnoliopsida,Ericales,Ericaceae,Rhododendron
184582,GCA_047302025.1,Plants_Algae_Other,Streptophyta,Magnoliopsida,Ericales,Ericaceae,Rhododendron
184666,GCA_965283215.1,Plants_Algae_Other,Streptophyta,Bryopsida,Hypnales,Brachytheciaceae,Rhynchostegium
184783,GCA_021397845.1,Plants_Algae_Other,Streptophyta,Magnoliopsida,Arecales,Arecaceae,Areca
185002,GCA_028274465.1,Plants_Algae_Other,Streptophyta,Magnoliopsida,Lamiales,Plantaginaceae,Plantago
185202,GCA_023525975.1,Plants_Algae_Other,Streptophyta,Magnoliopsida,Asterales,Asteraceae,Smallanthus
1856633,GCA_046718655.1,Plants_Algae_Other,Streptophyta,Magnoliopsida,Caryophyllales,Chenopodiaceae,Chenopodium
1856635,GCA_046718595.1,Plants_Algae_Other,Streptophyta,Magnoliopsida,Caryophyllales,Chenopodiaceae,Chenopodium
185702,GCA_051802465.1,Plants_Algae_Other,Streptophyta,Magnoliopsida,Fabales,Fabaceae,Apios
185774,GCA_018894105.1,Plants_Algae_Other,Streptophyta,Magnoliopsida,Lamiales,Bignoniaceae,Jacaranda
186058,GCA_965620575.1,Plants_Algae_Other,Streptophyta,Magnoliopsida,Solanales,Convolvulaceae,Cuscuta
1863013,GCA_042479355.1,Plants_Algae_Other,Streptophyta,Magnoliopsida,Malvales,Malvaceae,Firmiana
1863013,GCA_042479365.1,Plants_Algae_Other,Streptophyta,Magnoliopsida,Malvales,Malvaceae,Firmiana
186693,GCA_964656885.2,Plants_Algae_Other,Streptophyta,Bryopsida,Hypnales,Plagiotheciaceae,Isopterygiella
186706,GCA_965240295.2,Plants_Algae_Other,Streptophyta,Bryopsida,Hypnales,Plagiotheciaceae,Pseudotaxiphyllum
187337,GCA_041381385.1,Plants_Algae_Other,Streptophyta,Magnoliopsida,Gentianales,Rubiaceae,Dunnia
188002,GCA_050084335.1,Plants_Algae_Other,Streptophyta,Bryopsida,Diphysciales,Diphysciaceae,Diphyscium
188175,GCA_050083975.1,Plants_Algae_Other,Streptophyta,Bryopsida,Hypnodendrales,Racopilaceae,Racopilum
1884592,GCA_050329265.1,Plants_Algae_Other,Apicomplexa,Aconoidasida,Piroplasmida,Theileriidae,Theileria
189327,GCA_965644075.1,Plants_Algae_Other,Streptophyta,Magnoliopsida,Alismatales,Potamogetonaceae,Potamogeton
189328,GCA_965203715.2,Plants_Algae_Other,Streptophyta,Magnoliopsida,Alismatales,Potamogetonaceae,Potamogeton
189791,GCA_030549775.1,Plants_Algae_Other,Streptophyta,Magnoliopsida,Caryophyllales,Tamaricaceae,Tamarix
1903417,GCA_044048585.1,Plants_Algae_Other,Streptophyta,Magnoliopsida,Poales,Poaceae,Phyllostachys
1905575,GCA_030378225.1,Plants_Algae_Other,Streptophyta,Magnoliopsida,Gentianales,Rubiaceae,Knoxia
190562,GCA_976986565.1,Plants_Algae_Other,Nematomorpha,Gordioida,Chordodea,Parachordodidae,Gordionus
190579,GCA_964276485.1,Plants_Algae_Other,Nematomorpha,Gordioida,Gordea,Gordiidae,Paragordius
190579,GCA_964247055.1,Plants_Algae_Other,Nematomorpha,Gordioida,Gordea,Gordiidae,Paragordius
190902,GCA_965615935.1,Plants_Algae_Other,Streptophyta,Magnoliopsida,Lamiales,Lamiaceae,Mentha
191066,GCA_977035805.1,Plants_Algae_Other,Streptophyta,Magnoliopsida,Ericales,Ericaceae,Empetrum
191132,GCA_965112305.1,Plants_Algae_Other,Streptophyta,Magnoliopsida,Ericales,Balsaminaceae,Impatiens
191504,GCA_032690845.1,Plants_Algae_Other,Streptophyta,Magnoliopsida,Poales,Poaceae,Eleusine
191506,GCA_951341805.1,Plants_Algae_Other,Streptophyta,Magnoliopsida,Poales,Poaceae,Hordeum
191669,GCA_963680865.1,Plants_Algae_Other,Streptophyta,Magnoliopsida,Caryophyllales,Caryophyllaceae,Spergularia
191813,GCA_052327205.1,Plants_Algae_Other,NA,NA,NA,NA,NA
192012,GCA_009363875.1,Plants_Algae_Other,Streptophyta,Magnoliopsida,Asterales,Asteraceae,Mikania
1920322,GCA_976913875.1,Plants_Algae_Other,Streptophyta,Bryopsida,Grimmiales,Grimmiaceae,Grimmia
192045,GCA_024322285.1,Plants_Algae_Other,Streptophyta,Magnoliopsida,Zingiberales,Musaceae,Musa
192399,GCA_028830015.1,Plants_Algae_Other,Streptophyta,Magnoliopsida,Myrtales,Myrtaceae,Eucalyptus
1928916,GCA_037179405.1,Plants_Algae_Other,Streptophyta,Magnoliopsida,Sapindales,Rutaceae,Citrus
192920,GCA_935421135.1,Plants_Algae_Other,Bryozoa,Gymnolaemata,Cheilostomatida,Bugulidae,Bugulina
193515,GCA_030763125.1,Plants_Algae_Other,Streptophyta,Magnoliopsida,Rosales,Elaeagnaceae,Hippophae
193516,GCA_033030585.1,Plants_Algae_Other,Streptophyta,Magnoliopsida,Rosales,Elaeagnaceae,Hippophae
193518,GCA_051362535.1,Plants_Algae_Other,Streptophyta,Magnoliopsida,Rosales,Elaeagnaceae,Hippophae
193519,GCA_037013495.1,Plants_Algae_Other,Streptophyta,Magnoliopsida,Rosales,Elaeagnaceae,Hippophae
193524,GCA_051724645.1,Plants_Algae_Other,Streptophyta,Magnoliopsida,Rosales,Elaeagnaceae,Hippophae
1940801,GCA_965178305.1,Plants_Algae_Other,Streptophyta,Magnoliopsida,Asterales,Asteraceae,Avellara
1940801,GCA_965178325.1,Plants_Algae_Other,Streptophyta,Magnoliopsida,Asterales,Asteraceae,Avellara
194200,GCA_947034835.1,Plants_Algae_Other,Streptophyta,Magnoliopsida,Lamiales,Lamiaceae,Ballota
194564,GCA_040143545.1,Plants_Algae_Other,Streptophyta,Magnoliopsida,Caryophyllales,Tamaricaceae,Reaumuria
194712,GCA_033060915.1,Plants_Algae_Other,Streptophyta,Magnoliopsida,Ericales,Pentaphylacaceae,Euryodendron
195138,GCA_965198585.1,Plants_Algae_Other,Streptophyta,Magnoliopsida,Lamiales,Plantaginaceae,Veronica
195143,GCA_964188015.1,Plants_Algae_Other,Streptophyta,Magnoliopsida,Lamiales,Plantaginaceae,Veronica
195145,GCA_964059225.1,Plants_Algae_Other,Streptophyta,Magnoliopsida,Lamiales,Plantaginaceae,Veronica
195583,GCA_025759675.1,Plants_Algae_Other,Streptophyta,Magnoliopsida,Solanales,Solanaceae,Solanum
1962115,GCA_039519145.1,Plants_Algae_Other,Streptophyta,Magnoliopsida,Malvales,Malvaceae,Kokia
197121,GCA_051046955.1,Plants_Algae_Other,Streptophyta,Magnoliopsida,Malvales,Malvaceae,Craigia
197122,GCA_033439115.1,Plants_Algae_Other,Streptophyta,Magnoliopsida,Malvales,Malvaceae,Firmiana
197124,GCA_030664735.1,Plants_Algae_Other,Streptophyta,Magnoliopsida,Malvales,Malvaceae,Microcos
197124,GCA_030664755.1,Plants_Algae_Other,Streptophyta,Magnoliopsida,Malvales,Malvaceae,Microcos
198213,GCA_027725995.1,Plants_Algae_Other,Streptophyta,Magnoliopsida,Poales,Cyperaceae,Rhynchospora
198562,GCA_022432975.1,Plants_Algae_Other,Streptophyta,Magnoliopsida,Cucurbitales,Begoniaceae,Begonia
1988022,GCA_963971425.1,Plants_Algae_Other,Streptophyta,Bryopsida,Pottiales,Pottiaceae,Bryoerythrophyllum
199168,GCA_964187925.1,Plants_Algae_Other,Streptophyta,Magnoliopsida,Ericales,Ericaceae,Corema
199623,GCA_049862445.1,Plants_Algae_Other,Streptophyta,Magnoliopsida,Zingiberales,Zingiberaceae,Alpinia
199627,GCA_050947585.1,Plants_Algae_Other,Streptophyta,Magnoliopsida,Zingiberales,Zingiberaceae,Wurfbainia
200023,GCA_022433065.1,Plants_Algae_Other,Streptophyta,Magnoliopsida,Cucurbitales,Begoniaceae,Begonia
200361,GCA_002575655.3,Plants_Algae_Other,Streptophyta,Magnoliopsida,Poales,Poaceae,Aegilops
200361,GCF_002575655.3,Plants_Algae_Other,Streptophyta,Magnoliopsida,Poales,Poaceae,Aegilops
200489,GCA_033807775.1,Plants_Algae_Other,Streptophyta,Magnoliopsida,Asterales,Asteraceae,Saussurea
2005094,GCA_046736585.1,Plants_Algae_Other,Streptophyta,Magnoliopsida,Boraginales,Boraginaceae,Pectocarya
200692,GCA_977018995.1,Plants_Algae_Other,Streptophyta,Bryopsida,Pottiales,Pottiaceae,Anoectangium
200806,GCA_976926415.1,Plants_Algae_Other,Streptophyta,Bryopsida,Bryales,Bryaceae,Ptychostomum
2008589,GCA_050084195.1,Plants_Algae_Other,Streptophyta,Bryopsida,Dicranales,Fissidentaceae,Fissidens
200965,GCA_047302345.1,Plants_Algae_Other,Streptophyta,Magnoliopsida,Fabales,Fabaceae,Trigonella
201549,GCA_977013005.1,Plants_Algae_Other,Streptophyta,Polytrichopsida,Polytrichales,Polytrichaceae,Oligotrichum
201550,GCA_975573085.1,Plants_Algae_Other,Streptophyta,Polytrichopsida,Polytrichales,Polytrichaceae,Pogonatum
201562,GCA_975525945.1,Plants_Algae_Other,Streptophyta,Polytrichopsida,Polytrichales,Polytrichaceae,Polytrichum
202058,GCA_943591025.1,Plants_Algae_Other,NA,NA,NA,NA,NA
2021215,GCA_044591315.1,Plants_Algae_Other,Streptophyta,Magnoliopsida,Vitales,Vitaceae,Vitis
2022672,GCA_027562975.1,Plants_Algae_Other,Streptophyta,Magnoliopsida,Poales,Cyperaceae,Rhynchospora
203008,GCA_040869135.1,Plants_Algae_Other,Streptophyta,Magnoliopsida,Saxifragales,Crassulaceae,Rhodiola
203270,GCA_965233435.1,Plants_Algae_Other,Streptophyta,Magnoliopsida,Ranunculales,Berberidaceae,Berberis
203270,GCA_965233575.1,Plants_Algae_Other,Streptophyta,Magnoliopsida,Ranunculales,Berberidaceae,Berberis
203760,GCA_964197855.1,Plants_Algae_Other,Streptophyta,Magnoliopsida,Boraginales,Boraginaceae,Pentaglottis
20403,GCA_964188115.1,Plants_Algae_Other,Streptophyta,Magnoliopsida,Fabales,Fabaceae,Astragalus
20403,GCA_964188245.1,Plants_Algae_Other,Streptophyta,Magnoliopsida,Fabales,Fabaceae,Astragalus
204979,GCA_046055785.1,Plants_Algae_Other,Streptophyta,Magnoliopsida,Fabales,Fabaceae,Neltuma
2056095,GCA_965654895.1,Plants_Algae_Other,Streptophyta,Magnoliopsida,Solanales,Solanaceae,Solanum
205691,GCA_030279155.1,Plants_Algae_Other,Streptophyta,Magnoliopsida,Lamiales,Oleaceae,Forsythia
205694,GCA_043237855.1,Plants_Algae_Other,Streptophyta,Magnoliopsida,Lamiales,Oleaceae,Forsythia
206008,GCF_002211085.1,Plants_Algae_Other,Streptophyta,Magnoliopsida,Poales,Poaceae,Panicum
206089,GCA_051994795.1,Plants_Algae_Other,NA,NA,NA,NA,NA
206093,GCA_951216825.1,Plants_Algae_Other,NA,NA,NA,NA,NA
206093,GCA_951214905.1,Plants_Algae_Other,NA,NA,NA,NA,NA
206227,GCA_051311815.1,Plants_Algae_Other,Streptophyta,Magnoliopsida,Gentianales,Apocynaceae,Hoya
2070382,GCA_034639375.1,Plants_Algae_Other,Streptophyta,Magnoliopsida,Brassicales,Brassicaceae,Brassica
207834,GCA_051903795.1,Plants_Algae_Other,Streptophyta,Magnoliopsida,Asterales,Asteraceae,Mikania
208452,GCF_001680005.1,Plants_Algae_Other,Apicomplexa,Aconoidasida,Haemosporida,Plasmodiidae,Plasmodium
208875,GCA_044231635.1,Plants_Algae_Other,Streptophyta,Magnoliopsida,Saxifragales,Haloragaceae,Myriophyllum
2094123,GCA_053455735.1,Plants_Algae_Other,Streptophyta,Magnoliopsida,Fabales,Fabaceae,Cajanus
209795,GCA_973895155.1,Plants_Algae_Other,Streptophyta,Jungermanniopsida,Jungermanniales,Gymnomitriaceae,Marsupella
210077,GCA_030544415.1,Plants_Algae_Other,Streptophyta,Magnoliopsida,Zingiberales,Marantaceae,Thalia
21020,GCA_040712295.1,Plants_Algae_Other,Streptophyta,Magnoliopsida,Fagales,Fagaceae,Castanea
21020,GCA_965637475.1,Plants_Algae_Other,Streptophyta,Magnoliopsida,Fagales,Fagaceae,Castanea
21020,GCF_040712315.1,Plants_Algae_Other,Streptophyta,Magnoliopsida,Fagales,Fagaceae,Castanea
210225,GCA_008831285.2,Plants_Algae_Other,Streptophyta,Magnoliopsida,Nymphaeales,Nymphaeaceae,Nymphaea
210225,GCF_008831285.2,Plants_Algae_Other,Streptophyta,Magnoliopsida,Nymphaeales,Nymphaeaceae,Nymphaea
210355,GCA_965153245.1,Plants_Algae_Other,Streptophyta,Magnoliopsida,Myrtales,Onagraceae,Epilobium
2109663,GCA_050575335.1,Plants_Algae_Other,Streptophyta,Magnoliopsida,Fabales,Fabaceae,Macrotyloma
212655,GCA_036559045.1,Plants_Algae_Other,Streptophyta,Magnoliopsida,Fagales,Juglandaceae,Platycarya
212759,GCA_964200825.2,Plants_Algae_Other,Streptophyta,Magnoliopsida,Ranunculales,Ranunculaceae,Adonis
212925,GCF_963576675.1,Plants_Algae_Other,Streptophyta,Magnoliopsida,Malpighiales,Euphorbiaceae,Euphorbia
212925,GCA_963576675.1,Plants_Algae_Other,Streptophyta,Magnoliopsida,Malpighiales,Euphorbiaceae,Euphorbia
213591,GCA_964270275.1,Plants_Algae_Other,Streptophyta,Magnoliopsida,Zingiberales,Musaceae,Musa
213592,GCA_964275165.1,Plants_Algae_Other,Streptophyta,Magnoliopsida,Zingiberales,Musaceae,Musa
213833,GCA_054130665.1,Plants_Algae_Other,Streptophyta,Magnoliopsida,Oxalidales,Oxalidaceae,Oxalis
213841,GCA_965153445.2,Plants_Algae_Other,Streptophyta,Magnoliopsida,Crossosomatales,Staphyleaceae,Staphylea
2138604,GCA_031892065.1,Plants_Algae_Other,Apicomplexa,Conoidasida,Eucoccidiorida,Cryptosporidiidae,Cryptosporidium
214053,GCA_965217365.1,Plants_Algae_Other,Streptophyta,Magnoliopsida,Malpighiales,Violaceae,Viola
214053,GCA_965217375.1,Plants_Algae_Other,Streptophyta,Magnoliopsida,Malpighiales,Violaceae,Viola
214685,GCA_032878535.1,Plants_Algae_Other,Streptophyta,Magnoliopsida,Zingiberales,Musaceae,Musa
214685,GCA_964270305.1,Plants_Algae_Other,Streptophyta,Magnoliopsida,Zingiberales,Musaceae,Musa
214697,GCF_036884655.1,Plants_Algae_Other,Streptophyta,Magnoliopsida,Zingiberales,Musaceae,Musa
216479,GCA_965112915.1,Plants_Algae_Other,Streptophyta,Magnoliopsida,Malpighiales,Euphorbiaceae,Euphorbia
217475,GCF_014773155.1,Plants_Algae_Other,Streptophyta,Magnoliopsida,Fabales,Fabaceae,Arachis
217619,GCA_014525375.1,Plants_Algae_Other,Streptophyta,Magnoliopsida,Cucurbitales,Cucurbitaceae,Cucumis
2182728,GCA_049639495.1,Plants_Algae_Other,Streptophyta,Magnoliopsida,Malpighiales,Salicaceae,Salix
2182728,GCA_009078335.1,Plants_Algae_Other,Streptophyta,Magnoliopsida,Malpighiales,Salicaceae,Salix
2182728,GCA_049639585.1,Plants_Algae_Other,Streptophyta,Magnoliopsida,Malpighiales,Salicaceae,Salix
218388,GCA_976975055.1,Plants_Algae_Other,Streptophyta,Magnoliopsida,Malpighiales,Salicaceae,Salix
219865,GCA_031216185.1,Plants_Algae_Other,Streptophyta,Magnoliopsida,Myrtales,Myrtaceae,Syzygium
219868,GCA_024500025.1,Plants_Algae_Other,Streptophyta,Magnoliopsida,Myrtales,Myrtaceae,Syzygium
219890,GCA_050389955.1,Plants_Algae_Other,Streptophyta,Magnoliopsida,Myrtales,Myrtaceae,Syzygium
219892,GCA_031216405.1,Plants_Algae_Other,Streptophyta,Magnoliopsida,Myrtales,Myrtaceae,Syzygium
220113,GCA_029168755.2,Plants_Algae_Other,Streptophyta,Magnoliopsida,Poales,Bromeliaceae,Tillandsia
223100,GCA_033398695.1,Plants_Algae_Other,Streptophyta,Magnoliopsida,Lamiales,Orobanchaceae,Orobanche
223656,GCA_965378835.1,Plants_Algae_Other,Streptophyta,Magnoliopsida,Poales,Juncaceae,Juncus
223678,GCA_965214765.2,Plants_Algae_Other,Streptophyta,Magnoliopsida,Poales,Juncaceae,Juncus
223678,GCA_965214595.2,Plants_Algae_Other,Streptophyta,Magnoliopsida,Poales,Juncaceae,Juncus
2249226,GCF_004785595.1,Plants_Algae_Other,Streptophyta,Magnoliopsida,Fagales,Juglandaceae,Juglans
22511,GCA_965234855.1,Plants_Algae_Other,Streptophyta,Magnoliopsida,Myrtales,Lythraceae,Lythrum
225117,GCA_041283835.1,Plants_Algae_Other,Streptophyta,Magnoliopsida,Rosales,Rosaceae,Pyrus
226205,GCA_028451205.1,Plants_Algae_Other,Streptophyta,Magnoliopsida,Fabales,Fabaceae,Arachis
226206,GCA_022829005.1,Plants_Algae_Other,Streptophyta,Magnoliopsida,Fabales,Fabaceae,Arachis
226208,GCA_028751815.1,Plants_Algae_Other,Streptophyta,Magnoliopsida,Lamiales,Lamiaceae,Salvia
226208,GCF_028751815.1,Plants_Algae_Other,Streptophyta,Magnoliopsida,Lamiales,Lamiaceae,Salvia
226469,GCA_974117265.1,Plants_Algae_Other,Streptophyta,Bryopsida,Dicranales,Dicranaceae,Dicranum
226501,GCA_976131275.1,Plants_Algae_Other,Streptophyta,Bryopsida,Grimmiales,Seligeriaceae,Brachydontium
22663,GCA_007655135.2,Plants_Algae_Other,Streptophyta,Magnoliopsida,Myrtales,Lythraceae,Punica
22663,GCF_007655135.1,Plants_Algae_Other,Streptophyta,Magnoliopsida,Myrtales,Lythraceae,Punica
22666,GCA_035582545.1,Plants_Algae_Other,Streptophyta,Magnoliopsida,Myrtales,Lythraceae,Trapa
227173,GCA_045788245.1,Plants_Algae_Other,NA,NA,NA,NA,NA
227182,GCA_013398295.1,Plants_Algae_Other,NA,NA,NA,NA,NA
227741,GCA_943590845.1,Plants_Algae_Other,NA,NA,NA,NA,NA
227903,GCA_051363255.1,Plants_Algae_Other,Streptophyta,Magnoliopsida,Santalales,Loranthaceae,Scurrula
227909,GCA_023512835.1,Plants_Algae_Other,Streptophyta,Magnoliopsida,Santalales,Loranthaceae,Taxillus
228183,GCA_964270295.1,Plants_Algae_Other,Streptophyta,Magnoliopsida,Zingiberales,Musaceae,Musa
228411,GCA_044588435.1,Plants_Algae_Other,Streptophyta,Magnoliopsida,Vitales,Vitaceae,Vitis
228457,GCA_050575415.1,Plants_Algae_Other,NA,NA,NA,NA,NA
228974,GCA_024222315.1,Plants_Algae_Other,Streptophyta,Magnoliopsida,Lamiales,Lamiaceae,Thymus
229049,GCA_045269455.1,Plants_Algae_Other,Streptophyta,Magnoliopsida,Rosales,Moraceae,Morus
2291130,GCA_047370805.1,Plants_Algae_Other,Streptophyta,Magnoliopsida,Myrtales,Lythraceae,Lagerstroemia
2291728,GCA_041870115.1,Plants_Algae_Other,Streptophyta,Magnoliopsida,Asterales,Asteraceae,Saussurea
229202,GCA_020921065.1,Plants_Algae_Other,Streptophyta,Magnoliopsida,Ericales,Ericaceae,Vaccinium
229543,GCA_047302245.1,Plants_Algae_Other,Streptophyta,Magnoliopsida,Malvales,Malvaceae,Hibiscus
23028,GCA_966183415.1,Plants_Algae_Other,Streptophyta,Magnoliopsida,Saxifragales,Crassulaceae,Sedum
23028,GCA_966183405.1,Plants_Algae_Other,Streptophyta,Magnoliopsida,Saxifragales,Crassulaceae,Sedum
2306215,GCA_044231395.1,Plants_Algae_Other,Streptophyta,Magnoliopsida,Saxifragales,Saxifragaceae,Chrysosplenium
23110,GCA_033977485.1,Plants_Algae_Other,Streptophyta,Magnoliopsida,Cornales,Hydrangeaceae,Hydrangea
231112,GCA_965644395.1,Plants_Algae_Other,Streptophyta,Sphagnopsida,Sphagnales,Sphagnaceae,Sphagnum
231131,GCA_965644045.1,Plants_Algae_Other,Streptophyta,Sphagnopsida,Sphagnales,Sphagnaceae,Sphagnum
231467,GCA_046118895.1,Plants_Algae_Other,Streptophyta,Magnoliopsida,Sapindales,Rutaceae,Citrus
231512,GCA_051623385.1,Plants_Algae_Other,Streptophyta,Magnoliopsida,Vitales,Vitaceae,Vitis
2320716,GCA_039513925.1,Plants_Algae_Other,Streptophyta,Magnoliopsida,Asparagales,Orchidaceae,Platanthera
2320717,GCA_039583875.1,Plants_Algae_Other,Streptophyta,Magnoliopsida,Asparagales,Orchidaceae,Platanthera
2320849,GCA_020536555.1,Plants_Algae_Other,Streptophyta,Magnoliopsida,Ericales,Theaceae,Camellia
23211,GCF_963583255.1,Plants_Algae_Other,Streptophyta,Magnoliopsida,Rosales,Rosaceae,Pyrus
23211,GCA_963583255.1,Plants_Algae_Other,Streptophyta,Magnoliopsida,Rosales,Rosaceae,Pyrus
234461,GCA_964197715.1,Plants_Algae_Other,Streptophyta,Magnoliopsida,Poales,Cyperaceae,Carex
234464,GCA_965278315.1,Plants_Algae_Other,Streptophyta,Magnoliopsida,Poales,Cyperaceae,Carex
234466,GCA_964058765.1,Plants_Algae_Other,Streptophyta,Magnoliopsida,Poales,Cyperaceae,Carex
234467,GCA_965279795.1,Plants_Algae_Other,Streptophyta,Magnoliopsida,Poales,Cyperaceae,Carex
236973,GCA_030064435.1,Plants_Algae_Other,Streptophyta,Magnoliopsida,Myrtales,Lythraceae,Trapa
236974,GCA_030064425.1,Plants_Algae_Other,Streptophyta,Magnoliopsida,Myrtales,Lythraceae,Trapa
237895,GCA_002223825.1,Plants_Algae_Other,Apicomplexa,Conoidasida,Eucoccidiorida,Cryptosporidiidae,Cryptosporidium
238501,GCA_965217325.1,Plants_Algae_Other,Streptophyta,Magnoliopsida,Fabales,Fabaceae,Genista
239452,GCA_964059625.1,Plants_Algae_Other,Streptophyta,Magnoliopsida,Asterales,Campanulaceae,Jasione
239770,GCA_050084715.1,Plants_Algae_Other,Streptophyta,Magnoliopsida,Rosales,Rosaceae,Pyrus
240043,GCA_046718705.1,Plants_Algae_Other,Streptophyta,Magnoliopsida,Caryophyllales,Chenopodiaceae,Chenopodium
240202,GCA_045783155.1,Plants_Algae_Other,NA,NA,NA,NA,NA
240202,GCA_028566615.2,Plants_Algae_Other,NA,NA,NA,NA,NA
240449,GCA_964030465.3,Plants_Algae_Other,Streptophyta,Magnoliopsida,Poales,Poaceae,Urochloa
240450,GCA_015476505.1,Plants_Algae_Other,Streptophyta,Magnoliopsida,Poales,Poaceae,Urochloa
240451,GCA_965614515.1,Plants_Algae_Other,Streptophyta,Magnoliopsida,Poales,Poaceae,Urochloa
240680,GCA_964058785.1,Plants_Algae_Other,Streptophyta,Magnoliopsida,Poales,Cyperaceae,Carex
240682,GCA_977035945.1,Plants_Algae_Other,Streptophyta,Magnoliopsida,Poales,Cyperaceae,Carex
241205,GCA_964659625.2,Plants_Algae_Other,Streptophyta,Magnoliopsida,Poales,Cyperaceae,Carex
241206,GCA_965260875.2,Plants_Algae_Other,Streptophyta,Magnoliopsida,Poales,Cyperaceae,Carex
241207,GCA_964341605.1,Plants_Algae_Other,Streptophyta,Magnoliopsida,Poales,Cyperaceae,Carex
241230,GCF_964058835.1,Plants_Algae_Other,Streptophyta,Magnoliopsida,Poales,Cyperaceae,Carex
241230,GCA_964058835.2,Plants_Algae_Other,Streptophyta,Magnoliopsida,Poales,Cyperaceae,Carex
241234,GCA_964058815.1,Plants_Algae_Other,Streptophyta,Magnoliopsida,Poales,Cyperaceae,Carex
241842,GCA_051821015.1,Plants_Algae_Other,Streptophyta,Magnoliopsida,Lamiales,Acanthaceae,Acanthus
241857,GCA_035233585.1,Plants_Algae_Other,Streptophyta,Magnoliopsida,Rosales,Moraceae,Antiaris
242124,GCA_044906095.1,Plants_Algae_Other,Streptophyta,Magnoliopsida,Malpighiales,Salicaceae,Populus
242533,GCA_049309485.1,Plants_Algae_Other,Streptophyta,Magnoliopsida,Caryophyllales,Polygonaceae,Rumex
243964,GCA_034509755.1,Plants_Algae_Other,Streptophyta,Magnoliopsida,Solanales,Solanaceae,Anisodus
2448454,GCA_008932095.1,Plants_Algae_Other,Streptophyta,Magnoliopsida,Rosales,Rosaceae,Pyrus
246702,GCA_965644125.1,Plants_Algae_Other,Streptophyta,Magnoliopsida,Alismatales,Potamogetonaceae,Potamogeton
248357,GCA_975526185.1,Plants_Algae_Other,Streptophyta,Jungermanniopsida,Jungermanniales,Scapaniaceae,Douinia
248822,GCA_051295405.1,Plants_Algae_Other,Streptophyta,Magnoliopsida,Malvales,Malvaceae,Diplodiscus
2488266,GCA_020567845.1,Plants_Algae_Other,Streptophyta,Magnoliopsida,Ericales,Ericaceae,Rhododendron
24953,GCA_977013075.1,Plants_Algae_Other,Streptophyta,Magnoliopsida,Saxifragales,Haloragaceae,Myriophyllum
249548,GCA_963920665.1,Plants_Algae_Other,Streptophyta,Bryopsida,Hypnales,Calliergonaceae,Straminergon
2511006,GCA_029228605.1,Plants_Algae_Other,Streptophyta,Magnoliopsida,Malpighiales,Salicaceae,Salix
2518020,GCA_033629205.1,Plants_Algae_Other,Streptophyta,Magnoliopsida,Fagales,Fagaceae,Lithocarpus
252528,GCA_039645035.1,Plants_Algae_Other,Streptophyta,Magnoliopsida,Cucurbitales,Cucurbitaceae,Citrullus
252529,GCA_963978565.1,Plants_Algae_Other,Streptophyta,Magnoliopsida,Cucurbitales,Cucurbitaceae,Citrullus
252537,GCA_965198965.1,Plants_Algae_Other,Streptophyta,Magnoliopsida,Asterales,Asteraceae,Jacobaea
252867,GCA_050625035.1,Plants_Algae_Other,Streptophyta,Magnoliopsida,Zingiberales,Zingiberaceae,Lanxangia
253017,GCA_907164915.1,Plants_Algae_Other,Streptophyta,Magnoliopsida,Ericales,Balsaminaceae,Impatiens
253017,GCF_907164915.1,Plants_Algae_Other,Streptophyta,Magnoliopsida,Ericales,Balsaminaceae,Impatiens
253516,GCA_976358155.1,Plants_Algae_Other,Streptophyta,Bryopsida,Hypnales,Anomodontaceae,Anomodon
254029,GCA_964235045.1,Plants_Algae_Other,Streptophyta,Magnoliopsida,Caryophyllales,Caryophyllaceae,Arenaria
254105,GCA_977013165.1,Plants_Algae_Other,Streptophyta,Bryopsida,Grimmiales,Grimmiaceae,Grimmia
254110,GCA_977013345.1,Plants_Algae_Other,Streptophyta,Bryopsida,Grimmiales,Grimmiaceae,Schistidium
254112,GCA_050084255.1,Plants_Algae_Other,Streptophyta,Bryopsida,Grimmiales,Ptychomitriaceae,Ptychomitrium
254393,GCA_051802485.1,Plants_Algae_Other,Streptophyta,Magnoliopsida,Fabales,Fabaceae,Apios
254780,GCA_965605765.1,Plants_Algae_Other,Streptophyta,Magnoliopsida,Caryophyllales,Polygonaceae,Persicaria
254782,GCA_964270735.1,Plants_Algae_Other,Streptophyta,Magnoliopsida,Lamiales,Orobanchaceae,Rhinanthus
255976,GCA_965642095.1,Plants_Algae_Other,Streptophyta,Jungermanniopsida,Jungermanniales,Mastigophoraceae,Mastigophora
257763,GCA_017311315.1,Plants_Algae_Other,Streptophyta,Magnoliopsida,Poales,Poaceae,Dendrocalamus
258209,GCA_963556465.1,Plants_Algae_Other,Streptophyta,Magnoliopsida,Ranunculales,Berberidaceae,Berberis
2583056,GCA_049997455.1,Plants_Algae_Other,NA,NA,NA,NA,NA
2589381,GCA_965278275.1,Plants_Algae_Other,Bryozoa,Gymnolaemata,Cheilostomatida,Schizoporellidae,Schizoporella
2589382,GCF_963576615.1,Plants_Algae_Other,Bryozoa,Gymnolaemata,Cheilostomatida,Watersiporidae,Watersipora
2589382,GCA_963576615.1,Plants_Algae_Other,Bryozoa,Gymnolaemata,Cheilostomatida,Watersiporidae,Watersipora
2590455,GCA_020226215.1,Plants_Algae_Other,Streptophyta,Magnoliopsida,Fabales,Fabaceae,Sindora
2592077,GCA_965212095.1,Plants_Algae_Other,Streptophyta,Magnoliopsida,Poales,Poaceae,Hierochloe
2593365,GCA_051530055.1,Plants_Algae_Other,Acanthocephala,Eoacanthocephala,Neoechinorhynchida,Neoechinorhynchidae,Neoechinorhynchus
2594499,GCA_007844105.2,Plants_Algae_Other,Streptophyta,Magnoliopsida,Rosales,Rhamnaceae,Rhamnella
260672,GCA_039644935.1,Plants_Algae_Other,Streptophyta,Magnoliopsida,Cucurbitales,Cucurbitaceae,Citrullus
260675,GCA_039644925.1,Plants_Algae_Other,Streptophyta,Magnoliopsida,Cucurbitales,Cucurbitaceae,Citrullus
260776,GCA_975465575.1,Plants_Algae_Other,Streptophyta,Bryopsida,Pottiales,Pottiaceae,Vinealobryum
260780,GCA_975145935.1,Plants_Algae_Other,Streptophyta,Bryopsida,Pottiales,Pottiaceae,Didymodon
2611277,GCA_045838565.1,Plants_Algae_Other,Streptophyta,Magnoliopsida,Vitales,Vitaceae,Vitis
261448,GCA_052059685.1,Plants_Algae_Other,Streptophyta,Magnoliopsida,Ranunculales,Ranunculaceae,Coptis
261450,GCA_015680905.1,Plants_Algae_Other,Streptophyta,Magnoliopsida,Ranunculales,Ranunculaceae,Coptis
261772,GCA_965234795.1,Plants_Algae_Other,Streptophyta,Magnoliopsida,Asterales,Asteraceae,Filago
261773,GCA_964263845.1,Plants_Algae_Other,Streptophyta,Magnoliopsida,Asterales,Asteraceae,Omalotheca
261999,GCA_020536565.1,Plants_Algae_Other,Streptophyta,Magnoliopsida,Ericales,Theaceae,Camellia
262084,GCA_048987585.1,Plants_Algae_Other,Streptophyta,Magnoliopsida,Rosales,Ulmaceae,Ulmus
262084,GCA_965198805.1,Plants_Algae_Other,Streptophyta,Magnoliopsida,Rosales,Ulmaceae,Ulmus
262213,GCA_039764185.1,Plants_Algae_Other,Streptophyta,Magnoliopsida,Caryophyllales,Tamaricaceae,Tamarix
262757,GCA_003952965.2,Plants_Algae_Other,Streptophyta,Magnoliopsida,Fagales,Myricaceae,Morella
264121,GCA_036873855.1,Plants_Algae_Other,NA,NA,NA,NA,NA
264776,GCA_975526265.1,Plants_Algae_Other,Streptophyta,Jungermanniopsida,Jungermanniales,Scapaniaceae,Scapania
264777,GCA_973897035.1,Plants_Algae_Other,Streptophyta,Jungermanniopsida,Jungermanniales,Scapaniaceae,Scapania
264780,GCA_965636915.1,Plants_Algae_Other,Streptophyta,Jungermanniopsida,Jungermanniales,Anastrophyllaceae,Anastrepta
264786,GCA_965642145.1,Plants_Algae_Other,Streptophyta,Jungermanniopsida,Jungermanniales,Anastrophyllaceae,Anastrophyllum
2650123,GCA_034639625.1,Plants_Algae_Other,Streptophyta,Magnoliopsida,Brassicales,Brassicaceae,Brassica
265145,GCA_044231535.1,Plants_Algae_Other,Streptophyta,Magnoliopsida,Lamiales,Plantaginaceae,Penstemon
2654256,GCA_014182725.1,Plants_Algae_Other,Streptophyta,Magnoliopsida,Myrtales,Myrtaceae,Eucalyptus
2654258,GCA_014182375.1,Plants_Algae_Other,Streptophyta,Magnoliopsida,Myrtales,Myrtaceae,Eucalyptus
2660567,GCA_016097485.1,Plants_Algae_Other,Streptophyta,Magnoliopsida,Myrtales,Myrtaceae,Eucalyptus
2663164,GCA_027564095.1,Plants_Algae_Other,NA,NA,NA,NA,NA
2663170,GCA_026167845.1,Plants_Algae_Other,NA,NA,NA,NA,NA
2663172,GCA_027564295.1,Plants_Algae_Other,NA,NA,NA,NA,NA
266420,GCA_022405105.1,Plants_Algae_Other,Streptophyta,Magnoliopsida,Piperales,Aristolochiaceae,Aristolochia
2665651,GCA_027575025.1,Plants_Algae_Other,NA,NA,NA,NA,NA
266767,GCA_030145905.1,Plants_Algae_Other,Streptophyta,Magnoliopsida,Malpighiales,Salicaceae,Populus
267229,GCA_964662835.1,Plants_Algae_Other,Streptophyta,Magnoliopsida,Rosales,Rosaceae,Rosa
267229,GCA_964662855.1,Plants_Algae_Other,Streptophyta,Magnoliopsida,Rosales,Rosaceae,Rosa
267238,GCA_045280955.1,Plants_Algae_Other,Streptophyta,Magnoliopsida,Rosales,Rosaceae,Rosa
267281,GCA_052186825.1,Plants_Algae_Other,Streptophyta,Magnoliopsida,Brassicales,Brassicaceae,Brassica
267281,GCA_965641695.1,Plants_Algae_Other,Streptophyta,Magnoliopsida,Brassicales,Brassicaceae,Brassica
267548,GCA_951394345.1,Plants_Algae_Other,Streptophyta,Magnoliopsida,Caryophyllales,Chenopodiaceae,Salicornia
267619,GCA_036172225.1,Plants_Algae_Other,Streptophyta,Magnoliopsida,Alismatales,Araceae,Cryptocoryne
268080,GCA_965198615.1,Plants_Algae_Other,Streptophyta,Magnoliopsida,Asterales,Asteraceae,Lapsana
269367,GCA_964215705.1,Plants_Algae_Other,Streptophyta,Magnoliopsida,Poales,Poaceae,Poa
270432,GCA_976954435.1,Plants_Algae_Other,Streptophyta,Magnoliopsida,Ericales,Ericaceae,Erica
2708,GCA_034663535.1,Plants_Algae_Other,Streptophyta,Magnoliopsida,Sapindales,Rutaceae,Citrus
2711,GCA_000317415.1,Plants_Algae_Other,Streptophyta,Magnoliopsida,Sapindales,Rutaceae,Citrus
2711,GCF_000317415.1,Plants_Algae_Other,Streptophyta,Magnoliopsida,Sapindales,Rutaceae,Citrus
271505,GCA_943594155.1,Plants_Algae_Other,NA,NA,NA,NA,NA
2715083,GCA_052576365.1,Plants_Algae_Other,Streptophyta,Magnoliopsida,Malvales,Malvaceae,Brownlowia
271520,GCA_965278105.1,Plants_Algae_Other,Streptophyta,Bryopsida,Hypnales,Pterigynandraceae,Pterigynandrum
271739,GCA_964605405.2,Plants_Algae_Other,Streptophyta,Bryopsida,Hypnales,Pterigynandraceae,Heterocladium
272047,GCA_045782775.1,Plants_Algae_Other,NA,NA,NA,NA,NA
272863,GCA_012295165.1,Plants_Algae_Other,Streptophyta,Magnoliopsida,Asparagales,Asparagaceae,Asparagus
2728884,GCA_051622935.1,Plants_Algae_Other,Streptophyta,Magnoliopsida,Lamiales,Gesneriaceae,Oreocharis
2729092,GCA_976954565.1,Plants_Algae_Other,Streptophyta,Marchantiopsida,Marchantiales,Marchantiaceae,Marchantia
2729512,GCA_048773665.1,Plants_Algae_Other,Streptophyta,Magnoliopsida,Fabales,Fabaceae,Ormosia
273503,GCA_053572225.1,Plants_Algae_Other,Streptophyta,Magnoliopsida,Caryophyllales,Polygonaceae,Rumex
273540,GCA_028583415.1,Plants_Algae_Other,Streptophyta,Magnoliopsida,Proteales,Proteaceae,Protea
2752315,GCA_050083985.1,Plants_Algae_Other,Streptophyta,Bryopsida,Hypnales,Meteoriaceae,Aerobryopsis
2760075,GCA_047226355.1,Plants_Algae_Other,Streptophyta,Magnoliopsida,Rosales,Rosaceae,Malus
27604,GCA_029224305.1,Plants_Algae_Other,NA,NA,NA,NA,NA
27615,GCF_026419965.1,Plants_Algae_Other,NA,NA,NA,NA,NA
27615,GCA_004363705.1,Plants_Algae_Other,NA,NA,NA,NA,NA
27615,GCA_026419965.1,Plants_Algae_Other,NA,NA,NA,NA,NA
27615,GCA_026419985.1,Plants_Algae_Other,NA,NA,NA,NA,NA
2762131,GCA_050660705.1,Plants_Algae_Other,Streptophyta,Magnoliopsida,Malvales,Malvaceae,Corchoropsis
276782,GCA_042244285.1,Plants_Algae_Other,Streptophyta,Magnoliopsida,Ericales,Ericaceae,Vaccinium
2768810,GCA_046736235.1,Plants_Algae_Other,Streptophyta,Magnoliopsida,Sapindales,Simaroubaceae,Ailanthus
2768810,GCA_946807835.1,Plants_Algae_Other,Streptophyta,Magnoliopsida,Sapindales,Simaroubaceae,Ailanthus
2778344,GCA_018340775.1,Plants_Algae_Other,Streptophyta,Pinopsida,Cupressales,Taxaceae,Taxus
2779373,GCA_017140255.1,Plants_Algae_Other,Streptophyta,Magnoliopsida,Myrtales,Myrtaceae,Eucalyptus
2779711,GCA_975573065.1,Plants_Algae_Other,Streptophyta,Bryopsida,Pseudoditrichales,Flexitrichaceae,Flexitrichum
2779764,GCA_965231225.2,Plants_Algae_Other,Streptophyta,Andreaeopsida,Andreaeales,Andreaeaceae,Andreaea
277990,GCA_054443075.1,Plants_Algae_Other,Streptophyta,Magnoliopsida,Caryophyllales,Amaranthaceae,Amaranthus
277990,GCA_054443085.1,Plants_Algae_Other,Streptophyta,Magnoliopsida,Caryophyllales,Amaranthaceae,Amaranthus
278673,GCA_965123105.1,Plants_Algae_Other,Streptophyta,Magnoliopsida,Asterales,Asteraceae,Petasites
2787746,GCA_018142915.1,Plants_Algae_Other,Streptophyta,Magnoliopsida,Cucurbitales,Cucurbitaceae,Citrullus
27923,GCA_048537945.1,Plants_Algae_Other,Ctenophora,Tentaculata,Lobata,Bolinopsidae,Mnemiopsis
279758,GCA_977000275.1,Plants_Algae_Other,Streptophyta,Bryopsida,Orthotrichales,Orthotrichaceae,Lewinskya
279937,GCA_045782915.1,Plants_Algae_Other,NA,NA,NA,NA,NA
279940,GCA_045787265.1,Plants_Algae_Other,NA,NA,NA,NA,NA
280637,GCA_975705895.1,Plants_Algae_Other,Streptophyta,Jungermanniopsida,Pleuroziales,Pleuroziaceae,Pleurozia
2817680,GCA_041294745.1,Plants_Algae_Other,Streptophyta,Magnoliopsida,Vitales,Vitaceae,Vitis
281872,GCA_964197845.1,Plants_Algae_Other,Streptophyta,Magnoliopsida,Rosales,Rosaceae,Acaena
281872,GCA_964197805.1,Plants_Algae_Other,Streptophyta,Magnoliopsida,Rosales,Rosaceae,Acaena
2820187,GCF_026151205.1,Plants_Algae_Other,Ctenophora,Tentaculata,Lobata,Bolinopsidae,Bolinopsis
2820187,GCA_026151205.1,Plants_Algae_Other,Ctenophora,Tentaculata,Lobata,Bolinopsidae,Bolinopsis
282304,GCA_019705965.1,Plants_Algae_Other,Streptophyta,Magnoliopsida,Brassicales,Brassicaceae,Raphanus
282776,GCA_047716255.1,Plants_Algae_Other,Streptophyta,Magnoliopsida,Ranunculales,Papaveraceae,Corydalis
283121,GCA_038789575.1,Plants_Algae_Other,Streptophyta,Magnoliopsida,Malpighiales,Phyllanthaceae,Flueggea
283801,GCA_900617825.1,Plants_Algae_Other,Apicomplexa,Aconoidasida,Haemosporida,Plasmodiidae,Plasmodium
283872,GCA_023614405.1,Plants_Algae_Other,Streptophyta,Magnoliopsida,Poales,Poaceae,Avena
283873,GCA_051175425.1,Plants_Algae_Other,Streptophyta,Magnoliopsida,Poales,Poaceae,Avena
283874,GCA_947310255.1,Plants_Algae_Other,Streptophyta,Magnoliopsida,Poales,Poaceae,Avena
284366,GCA_053567975.1,Plants_Algae_Other,Streptophyta,Magnoliopsida,Caryophyllales,Polygonaceae,Oxyria
284366,GCA_964035995.1,Plants_Algae_Other,Streptophyta,Magnoliopsida,Caryophyllales,Polygonaceae,Oxyria
2844366,GCA_977089985.1,Plants_Algae_Other,Bryozoa,Gymnolaemata,Cheilostomatida,Smittinidae,Parasmittina
284514,GCA_965645235.1,Plants_Algae_Other,Streptophyta,Jungermanniopsida,Jungermanniales,Herbertaceae,Herbertus
28468,GCA_947034895.1,Plants_Algae_Other,Streptophyta,Bryopsida,Hypnales,Hylocomiaceae,Rhytidiadelphus
28469,GCA_965234835.1,Plants_Algae_Other,Streptophyta,Bryopsida,Hypnales,Hylocomiaceae,Hylocomiadelphus
28502,GCA_977020195.1,Plants_Algae_Other,Streptophyta,Magnoliopsida,Caryophyllales,Amaranthaceae,Amaranthus
28509,GCA_965282405.1,Plants_Algae_Other,Streptophyta,Magnoliopsida,Lamiales,Lamiaceae,Glechoma
28511,GCA_023678885.1,Plants_Algae_Other,Streptophyta,Magnoliopsida,Lamiales,Lamiaceae,Pogostemon
28513,GCA_041381175.1,Plants_Algae_Other,Streptophyta,Magnoliopsida,Lamiales,Lamiaceae,Salvia
28526,GCF_001406875.1,Plants_Algae_Other,Streptophyta,Magnoliopsida,Solanales,Solanaceae,Solanum
28526,GCA_001406875.2,Plants_Algae_Other,Streptophyta,Magnoliopsida,Solanales,Solanaceae,Solanum
28540,GCA_965641825.1,Plants_Algae_Other,Streptophyta,Magnoliopsida,Lamiales,Scrophulariaceae,Buddleja
2855397,GCA_013350335.1,Plants_Algae_Other,Streptophyta,Magnoliopsida,Laurales,Calycanthaceae,Chimonanthus
285591,GCA_049862585.1,Plants_Algae_Other,Streptophyta,Magnoliopsida,Ranunculales,Menispermaceae,Tinospora
285950,GCA_050626435.1,Plants_Algae_Other,Streptophyta,Magnoliopsida,Poales,Poaceae,x Aegilotriticum
2862204,GCA_958450335.1,Plants_Algae_Other,Streptophyta,Magnoliopsida,Malvales,Malvaceae,Hibiscus
2864041,GCA_029034625.1,Plants_Algae_Other,Streptophyta,Magnoliopsida,Brassicales,Brassicaceae,Camelina
2864041,GCA_023864065.1,Plants_Algae_Other,Streptophyta,Magnoliopsida,Brassicales,Brassicaceae,Camelina
2866711,GCA_040955945.1,Plants_Algae_Other,Streptophyta,Magnoliopsida,Fabales,Fabaceae,Ormosia
2867966,GCA_965152735.1,Plants_Algae_Other,Streptophyta,Magnoliopsida,Malvales,Malvaceae,Hibiscus
286882,GCA_049309505.1,Plants_Algae_Other,Streptophyta,Magnoliopsida,Ranunculales,Ranunculaceae,Ranunculus
287016,GCA_013397655.1,Plants_Algae_Other,NA,NA,NA,NA,NA
2871442,GCA_050990945.1,Plants_Algae_Other,Streptophyta,Magnoliopsida,Malvales,Malvaceae,Reevesia
2890055,GCA_964267195.1,Plants_Algae_Other,Streptophyta,Magnoliopsida,Ericales,Primulaceae,Androsace
2890055,GCA_964267185.3,Plants_Algae_Other,Streptophyta,Magnoliopsida,Ericales,Primulaceae,Androsace
289064,GCA_040143895.1,Plants_Algae_Other,Streptophyta,Magnoliopsida,Poales,Poaceae,Poa
28909,GCA_046862365.1,Plants_Algae_Other,Streptophyta,Magnoliopsida,Poales,Poaceae,Cynodon
28930,GCA_907173295.1,Plants_Algae_Other,Streptophyta,Magnoliopsida,Fagales,Fagaceae,Fagus
28930,GCA_964211995.1,Plants_Algae_Other,Streptophyta,Magnoliopsida,Fagales,Fagaceae,Fagus
289799,GCA_031304145.1,Plants_Algae_Other,Streptophyta,Magnoliopsida,Sapindales,Sapindaceae,Cardiospermum
2899277,GCA_030444885.1,Plants_Algae_Other,Streptophyta,Magnoliopsida,Sapindales,Rutaceae,Citrus
29086,GCA_050320145.1,Plants_Algae_Other,NA,NA,NA,NA,NA
2909329,GCA_977013545.1,Plants_Algae_Other,Streptophyta,Bryopsida,Pottiales,Pottiaceae,Trichostomum
2909684,GCA_047967505.1,Plants_Algae_Other,Streptophyta,Polypodiopsida,Gleicheniales,Dipteridaceae,Dipteris
2916798,GCA_965655095.1,Plants_Algae_Other,Xenacoelomorpha,,Acoela,Convolutidae,Haplodiscus
29176,GCA_016097395.1,Plants_Algae_Other,Apicomplexa,Conoidasida,Eucoccidiorida,Sarcocystidae,Neospora
292385,GCA_019916065.1,Plants_Algae_Other,Streptophyta,Magnoliopsida,Ericales,Sapotaceae,Vitellaria
2935761,GCA_039657385.1,Plants_Algae_Other,Streptophyta,Magnoliopsida,Sapindales,Rutaceae,Citrus
293754,GCA_023374045.1,Plants_Algae_Other,Streptophyta,Magnoliopsida,Caryophyllales,Plumbaginaceae,Limonium
294049,GCA_042479765.1,Plants_Algae_Other,Streptophyta,Magnoliopsida,Poales,Bromeliaceae,Tillandsia
2945705,GCA_051912245.1,Plants_Algae_Other,Streptophyta,Magnoliopsida,Ericales,Sapotaceae,Sideroxylon
295327,GCA_007827005.2,Plants_Algae_Other,Streptophyta,Magnoliopsida,Malpighiales,Salicaceae,Populus
29583,GCA_976987255.1,Plants_Algae_Other,Streptophyta,Bryopsida,Funariales,Funariaceae,Funaria
29588,GCA_041138505.1,Plants_Algae_Other,Streptophyta,Polypodiopsida,Cyatheales,Cibotiaceae,Cibotium
29656,GCA_024713555.1,Plants_Algae_Other,Streptophyta,Magnoliopsida,Alismatales,Araceae,Spirodela
296719,GCA_029339315.1,Plants_Algae_Other,Streptophyta,Magnoliopsida,Poales,Bromeliaceae,Ananas
29674,GCA_030378355.1,Plants_Algae_Other,Streptophyta,Magnoliopsida,Poales,Poaceae,Eleusine
29690,GCA_048188845.1,Plants_Algae_Other,Streptophyta,Magnoliopsida,Poales,Poaceae,Oryza
296912,GCA_975301245.1,Plants_Algae_Other,Streptophyta,Bryopsida,Grimmiales,Grimmiaceae,Grimmia
296914,GCA_976919255.1,Plants_Algae_Other,Streptophyta,Bryopsida,Grimmiales,Grimmiaceae,Grimmia
296916,GCA_976988805.1,Plants_Algae_Other,Streptophyta,Bryopsida,Grimmiales,Grimmiaceae,Grimmia
2969439,GCA_047284385.1,Plants_Algae_Other,Streptophyta,Magnoliopsida,Rosales,Rosaceae,Malus
29695,GCF_958298935.1,Plants_Algae_Other,Streptophyta,Magnoliopsida,Poales,Poaceae,Phragmites
29695,GCA_958298935.1,Plants_Algae_Other,Streptophyta,Magnoliopsida,Poales,Poaceae,Phragmites
29722,GCA_026212465.1,Plants_Algae_Other,Streptophyta,Magnoliopsida,Caryophyllales,Amaranthaceae,Amaranthus
29722,GCF_026212465.1,Plants_Algae_Other,Streptophyta,Magnoliopsida,Caryophyllales,Amaranthaceae,Amaranthus
29729,GCA_000612285.2,Plants_Algae_Other,Streptophyta,Magnoliopsida,Malvales,Malvaceae,Gossypium
29729,GCF_025698485.1,Plants_Algae_Other,Streptophyta,Magnoliopsida,Malvales,Malvaceae,Gossypium
29730,GCF_025698545.1,Plants_Algae_Other,Streptophyta,Magnoliopsida,Malvales,Malvaceae,Gossypium
29737,GCA_028551485.1,Plants_Algae_Other,Streptophyta,Magnoliopsida,Fagales,Casuarinaceae,Casuarina
29739,GCA_963930655.1,Plants_Algae_Other,Streptophyta,Magnoliopsida,Fagales,Myricaceae,Myrica
29760,GCA_000003745.2,Plants_Algae_Other,Streptophyta,Magnoliopsida,Vitales,Vitaceae,Vitis
29760,GCF_000003745.3,Plants_Algae_Other,Streptophyta,Magnoliopsida,Vitales,Vitaceae,Vitis
29780,GCF_011075055.1,Plants_Algae_Other,Streptophyta,Magnoliopsida,Sapindales,Anacardiaceae,Mangifera
29780,GCA_011075055.1,Plants_Algae_Other,Streptophyta,Magnoliopsida,Sapindales,Anacardiaceae,Mangifera
29786,GCA_963678965.1,Plants_Algae_Other,Streptophyta,Magnoliopsida,Gentianales,Rubiaceae,Cruciata
29788,GCA_964106835.1,Plants_Algae_Other,Streptophyta,Magnoliopsida,Gentianales,Rubiaceae,Galium
2979135,GCA_964187785.1,Plants_Algae_Other,Xenacoelomorpha,,Acoela,Convolutidae,Amphiscolops
29803,GCA_948330725.1,Plants_Algae_Other,Streptophyta,Magnoliopsida,Gentianales,Rubiaceae,Sherardia
2980405,GCA_047225685.1,Plants_Algae_Other,Streptophyta,Magnoliopsida,Rosales,Rosaceae,Malus
29808,GCA_019776745.2,Plants_Algae_Other,Streptophyta,Pinopsida,Cupressales,Taxaceae,Taxus
2981182,GCA_036936925.1,Plants_Algae_Other,Streptophyta,Magnoliopsida,Poales,Poaceae,Cenchrus
29818,GCA_026545765.1,Plants_Algae_Other,Streptophyta,Magnoliopsida,Lamiales,Plantaginaceae,Plantago
298643,GCA_963580275.1,Plants_Algae_Other,Streptophyta,Magnoliopsida,Rosales,Rosaceae,Crataegus
2991509,GCA_964036665.1,Plants_Algae_Other,Nematomorpha,Gordioida,Gordea,Gordiidae,Gordius
3014282,GCA_049004705.1,Plants_Algae_Other,Streptophyta,Magnoliopsida,Malvales,Malvaceae,Hibiscus
3019061,GCA_032622095.1,Plants_Algae_Other,NA,NA,NA,NA,NA
3020272,GCA_048544245.1,Plants_Algae_Other,Streptophyta,Magnoliopsida,Saxifragales,Altingiaceae,Liquidambar
3025359,GCA_014182395.1,Plants_Algae_Other,Streptophyta,Magnoliopsida,Myrtales,Myrtaceae,Eucalyptus
303229,GCA_035041965.1,Plants_Algae_Other,NA,NA,NA,NA,NA
3036663,GCA_040802705.1,Plants_Algae_Other,Streptophyta,Magnoliopsida,Ericales,Ericaceae,Rhododendron
30457,GCA_030674165.1,Plants_Algae_Other,NA,NA,NA,NA,NA
30457,GCA_003264615.1,Plants_Algae_Other,NA,NA,NA,NA,NA
30457,GCA_003264685.1,Plants_Algae_Other,NA,NA,NA,NA,NA
30457,GCA_010090195.1,Plants_Algae_Other,NA,NA,NA,NA,NA
30457,GCA_030512405.1,Plants_Algae_Other,NA,NA,NA,NA,NA
30457,GCA_030674495.1,Plants_Algae_Other,NA,NA,NA,NA,NA
3045818,GCA_030844895.1,Plants_Algae_Other,Streptophyta,Magnoliopsida,Asterales,Asteraceae,Ambrosia
3046827,GCA_976304285.1,Plants_Algae_Other,Streptophyta,Bryopsida,Dicranales,Leucobryaceae,Atractylocarpus
3053472,GCF_954871325.1,Plants_Algae_Other,Nematomorpha,Gordioida,Chordodea,Parachordodidae,Gordionus
305802,GCA_028671895.1,Plants_Algae_Other,Streptophyta,Magnoliopsida,Apiales,Apiaceae,Oenanthe
3058964,GCA_030555515.1,Plants_Algae_Other,Nematomorpha,Gordioida,Gordea,Gordiidae,Acutogordius
3061239,GCA_036346395.1,Plants_Algae_Other,Streptophyta,Magnoliopsida,Poales,Poaceae,Hsuehochloa
306421,GCA_974818285.1,Plants_Algae_Other,Streptophyta,Jungermanniopsida,Jungermanniales,Lepidoziaceae,Bazzania
306638,GCA_975146125.1,Plants_Algae_Other,Streptophyta,Magnoliopsida,Alismatales,Potamogetonaceae,Potamogeton
3079800,GCA_044591225.1,Plants_Algae_Other,Streptophyta,Magnoliopsida,Vitales,Vitaceae,Vitis
3079802,GCA_044589825.1,Plants_Algae_Other,Streptophyta,Magnoliopsida,Vitales,Vitaceae,Vitis
3079804,GCA_044592055.1,Plants_Algae_Other,Streptophyta,Magnoliopsida,Vitales,Vitaceae,Vitis
309429,GCA_038430175.1,Plants_Algae_Other,Streptophyta,Magnoliopsida,Rosales,Moraceae,Ficus
3094834,GCA_047899645.1,Plants_Algae_Other,Streptophyta,Magnoliopsida,Poales,Poaceae,Oryza
3097545,GCA_054135205.1,Plants_Algae_Other,Streptophyta,Magnoliopsida,Gentianales,Gentianaceae,Gentiana
309978,GCA_040438285.1,Plants_Algae_Other,Streptophyta,Magnoliopsida,Poales,Poaceae,Zoysia
3101730,GCA_963922655.1,Plants_Algae_Other,Streptophyta,Magnoliopsida,Brassicales,Brassicaceae,Cardamine
3110926,GCA_032727855.1,Plants_Algae_Other,Streptophyta,Magnoliopsida,Fagales,Fagaceae,Quercus
3118280,GCA_964657205.1,Plants_Algae_Other,Streptophyta,Magnoliopsida,Poales,Poaceae,Amblyopyrum
311941,GCA_963576765.1,Plants_Algae_Other,Streptophyta,Magnoliopsida,Brassicales,Brassicaceae,Draba
3122982,GCA_037678475.1,Plants_Algae_Other,Streptophyta,Magnoliopsida,Poales,Cyperaceae,x Bolboschoenoplectus
312531,GCA_037693485.1,Plants_Algae_Other,Streptophyta,Magnoliopsida,Apiales,Apiaceae,Kitagawia
31271,GCA_900095555.1,Plants_Algae_Other,Apicomplexa,Aconoidasida,Haemosporida,Plasmodiidae,Plasmodium
31274,GCA_043381365.1,Plants_Algae_Other,Apicomplexa,Aconoidasida,Haemosporida,Plasmodiidae,Plasmodium
312760,GCA_964058885.1,Plants_Algae_Other,Streptophyta,Magnoliopsida,Poales,Cyperaceae,Carex
312765,GCA_964374305.2,Plants_Algae_Other,Streptophyta,Magnoliopsida,Poales,Cyperaceae,Carex
313096,GCA_964345755.1,Plants_Algae_Other,Streptophyta,Magnoliopsida,Fabales,Fabaceae,Lathyrus
315347,GCA_031230405.1,Plants_Algae_Other,Streptophyta,Magnoliopsida,Solanales,Solanaceae,Solanum
315350,GCA_025758845.1,Plants_Algae_Other,Streptophyta,Magnoliopsida,Solanales,Solanaceae,Solanum
316508,GCA_037127355.1,Plants_Algae_Other,Streptophyta,Magnoliopsida,Poales,Cyperaceae,Schoenoplectus
316508,GCA_965277995.1,Plants_Algae_Other,Streptophyta,Magnoliopsida,Poales,Cyperaceae,Schoenoplectus
316510,GCA_964058795.1,Plants_Algae_Other,Streptophyta,Magnoliopsida,Poales,Cyperaceae,Schoenoplectus
318445,GCA_965612345.1,Plants_Algae_Other,Streptophyta,Magnoliopsida,Poales,Juncaceae,Juncus
319220,GCA_054392665.1,Plants_Algae_Other,Streptophyta,Magnoliopsida,Cucurbitales,Cucurbitaceae,Cucumis
3197,GCA_965642975.1,Plants_Algae_Other,Streptophyta,Marchantiopsida,Marchantiales,Marchantiaceae,Marchantia
319928,GCA_051623075.1,Plants_Algae_Other,Streptophyta,Magnoliopsida,Ericales,Theaceae,Camellia
320322,GCA_023547065.1,Plants_Algae_Other,Streptophyta,Magnoliopsida,Zingiberales,Musaceae,Musa
320702,GCA_045788345.1,Plants_Algae_Other,NA,NA,NA,NA,NA
320797,GCA_052186625.1,Plants_Algae_Other,Streptophyta,Magnoliopsida,Brassicales,Brassicaceae,Brassica
3213,GCA_950295325.2,Plants_Algae_Other,Streptophyta,Polytrichopsida,Polytrichales,Polytrichaceae,Polytrichum
3218,GCF_000002425.5,Plants_Algae_Other,Streptophyta,Bryopsida,Funariales,Funariaceae,Physcomitrium
32201,GCA_016808215.1,Plants_Algae_Other,Streptophyta,Magnoliopsida,Fagales,Juglandaceae,Carya
32201,GCF_018687715.1,Plants_Algae_Other,Streptophyta,Magnoliopsida,Fagales,Juglandaceae,Carya
32224,GCA_043793475.1,Plants_Algae_Other,Streptophyta,Magnoliopsida,Rosales,Rosaceae,Eriobotrya
32239,GCA_040669955.1,Plants_Algae_Other,Streptophyta,Magnoliopsida,Rosales,Rosaceae,Dasiphora
32247,GCA_030142025.1,Plants_Algae_Other,Streptophyta,Magnoliopsida,Rosales,Rosaceae,Rubus
32247,GCA_965153425.1,Plants_Algae_Other,Streptophyta,Magnoliopsida,Rosales,Rosaceae,Rubus
3225,GCA_014871385.1,Plants_Algae_Other,Streptophyta,Bryopsida,Pseudoditrichales,Ditrichaceae,Ceratodon
3225,GCA_974992335.1,Plants_Algae_Other,Streptophyta,Bryopsida,Pseudoditrichales,Ditrichaceae,Ceratodon
323732,GCF_028658345.1,Plants_Algae_Other,Apicomplexa,Aconoidasida,Piroplasmida,Babesiidae,Babesia
3238343,GCA_951799445.1,Plants_Algae_Other,Streptophyta,Bryopsida,Hypnales,Lembophyllaceae,Pseudisothecium
323898,GCA_036346375.1,Plants_Algae_Other,Streptophyta,Magnoliopsida,Poales,Poaceae,Guadua
324239,GCA_964235365.1,Plants_Algae_Other,Streptophyta,Bryopsida,Hypnales,Hypnaceae,Hyocomium
324586,GCA_976988675.1,Plants_Algae_Other,Streptophyta,Magnoliopsida,Asterales,Asteraceae,Carduus
325278,GCA_053688445.1,Plants_Algae_Other,Streptophyta,Magnoliopsida,Rosales,Rhamnaceae,Berchemiella
325515,GCA_965199325.1,Plants_Algae_Other,Streptophyta,Magnoliopsida,Caryophyllales,Caryophyllaceae,Spergula
325984,GCA_026586065.1,Plants_Algae_Other,Streptophyta,Magnoliopsida,Dioscoreales,Dioscoreaceae,Dioscorea
326768,GCA_025177825.1,Plants_Algae_Other,Streptophyta,Magnoliopsida,Poales,Bromeliaceae,Aechmea
326968,GCF_000826755.1,Plants_Algae_Other,Streptophyta,Magnoliopsida,Rosales,Rhamnaceae,Ziziphus
326968,GCF_031755915.1,Plants_Algae_Other,Streptophyta,Magnoliopsida,Rosales,Rhamnaceae,Ziziphus
328428,GCA_019706005.1,Plants_Algae_Other,Streptophyta,Magnoliopsida,Brassicales,Brassicaceae,Raphanus
330163,GCA_026401315.1,Plants_Algae_Other,Streptophyta,Magnoliopsida,Caryophyllales,Chenopodiaceae,Dysphania
330168,GCA_011420285.2,Plants_Algae_Other,Streptophyta,Magnoliopsida,Brassicales,Brassicaceae,Erysimum
33114,GCA_002271885.2,Plants_Algae_Other,Streptophyta,Magnoliopsida,Solanales,Solanaceae,Capsicum
33118,GCA_050231475.1,Plants_Algae_Other,Streptophyta,Magnoliopsida,Solanales,Solanaceae,Nicandra
33127,GCA_954871525.1,Plants_Algae_Other,Streptophyta,Magnoliopsida,Rosales,Urticaceae,Parietaria
33132,GCA_965637465.1,Plants_Algae_Other,Streptophyta,Magnoliopsida,Myrtales,Onagraceae,Epilobium
333344,GCA_052186715.1,Plants_Algae_Other,Streptophyta,Magnoliopsida,Brassicales,Brassicaceae,Brassica
333668,GCF_000165365.1,Plants_Algae_Other,Apicomplexa,Aconoidasida,Piroplasmida,Theileriidae,Theileria
333970,GCA_047496595.1,Plants_Algae_Other,Streptophyta,Magnoliopsida,Asterales,Asteraceae,Taraxacum
334483,GCA_031216235.1,Plants_Algae_Other,Streptophyta,Magnoliopsida,Myrtales,Myrtaceae,Syzygium
335185,GCA_965213365.2,Plants_Algae_Other,Streptophyta,Magnoliopsida,Malvales,Cistaceae,Cistus
33556,GCA_000978805.1,Plants_Algae_Other,NA,NA,NA,NA,NA
336876,GCA_051027295.1,Plants_Algae_Other,Streptophyta,Magnoliopsida,Ericales,Sarraceniaceae,Sarracenia
3369,GCF_030272615.1,Plants_Algae_Other,Streptophyta,Pinopsida,Cupressales,Cupressaceae,Cryptomeria
337188,GCA_029844215.1,Plants_Algae_Other,Streptophyta,Magnoliopsida,Solanales,Solanaceae,Przewalskia
337391,GCA_963921825.1,Plants_Algae_Other,Streptophyta,Magnoliopsida,Geraniales,Geraniaceae,Erodium
337392,GCA_964339025.1,Plants_Algae_Other,Streptophyta,Magnoliopsida,Geraniales,Geraniaceae,Erodium
338490,GCA_036346575.1,Plants_Algae_Other,Streptophyta,Magnoliopsida,Poales,Poaceae,Dendrocalamus
338503,GCA_036346245.1,Plants_Algae_Other,Streptophyta,Magnoliopsida,Poales,Poaceae,Bonia
338654,GCA_044505025.1,Plants_Algae_Other,Streptophyta,Magnoliopsida,Caryophyllales,Chenopodiaceae,Bienertia
3397162,GCA_050230275.1,Plants_Algae_Other,Streptophyta,Magnoliopsida,Caryophyllales,Montiaceae,Cistanthe
34168,GCA_029204225.1,Plants_Algae_Other,Streptophyta,Lycopodiopsida,Lycopodiales,Lycopodiaceae,Diphasiastrum
3417951,GCA_050084035.1,Plants_Algae_Other,Streptophyta,Bryopsida,Bartramiales,Bartramiaceae,Philonotis
341933,GCA_964211935.1,Plants_Algae_Other,Streptophyta,Magnoliopsida,Sapindales,Rutaceae,Citrus
341934,GCA_046119255.1,Plants_Algae_Other,Streptophyta,Magnoliopsida,Sapindales,Rutaceae,Citrus
3419780,GCA_050395925.1,Plants_Algae_Other,Streptophyta,Magnoliopsida,Rosales,Rosaceae,Pyrus
3419781,GCA_050395945.1,Plants_Algae_Other,Streptophyta,Magnoliopsida,Rosales,Rosaceae,Pyrus
3420927,GCA_052814645.1,Plants_Algae_Other,Streptophyta,Magnoliopsida,Ericales,Ericaceae,Rhododendron
34270,GCA_965152355.1,Plants_Algae_Other,Streptophyta,Magnoliopsida,Lamiales,Oleaceae,Syringa
34273,GCA_004027125.1,Plants_Algae_Other,Streptophyta,Magnoliopsida,Malvales,Malvaceae,Gossypium
34274,GCA_025502765.1,Plants_Algae_Other,Streptophyta,Magnoliopsida,Malvales,Malvaceae,Gossypium
34275,GCA_017165895.1,Plants_Algae_Other,Streptophyta,Magnoliopsida,Malvales,Malvaceae,Gossypium
34276,GCA_007990325.1,Plants_Algae_Other,Streptophyta,Magnoliopsida,Malvales,Malvaceae,Gossypium
34277,GCA_018144435.1,Plants_Algae_Other,Streptophyta,Magnoliopsida,Malvales,Malvaceae,Gossypium
34278,GCA_025698515.1,Plants_Algae_Other,Streptophyta,Magnoliopsida,Malvales,Malvaceae,Gossypium
34280,GCA_025698465.1,Plants_Algae_Other,Streptophyta,Magnoliopsida,Malvales,Malvaceae,Gossypium
34284,GCA_008044935.1,Plants_Algae_Other,Streptophyta,Magnoliopsida,Malvales,Malvaceae,Gossypium
34305,GCF_012489685.1,Plants_Algae_Other,Streptophyta,Magnoliopsida,Fabales,Fabaceae,Lotus
34305,GCA_012489685.2,Plants_Algae_Other,Streptophyta,Magnoliopsida,Fabales,Fabaceae,Lotus
34308,GCA_014182895.1,Plants_Algae_Other,Streptophyta,Magnoliopsida,Myrtales,Myrtaceae,Angophora
34314,GCA_014182555.1,Plants_Algae_Other,Streptophyta,Magnoliopsida,Myrtales,Myrtaceae,Eucalyptus
34315,GCA_014182515.1,Plants_Algae_Other,Streptophyta,Magnoliopsida,Myrtales,Myrtaceae,Eucalyptus
34316,GCA_014182705.1,Plants_Algae_Other,Streptophyta,Magnoliopsida,Myrtales,Myrtaceae,Eucalyptus
34317,GCA_046226855.1,Plants_Algae_Other,Streptophyta,Magnoliopsida,Myrtales,Myrtaceae,Eucalyptus
34317,GCA_014182545.1,Plants_Algae_Other,Streptophyta,Magnoliopsida,Myrtales,Myrtaceae,Eucalyptus
34319,GCA_017140595.1,Plants_Algae_Other,Streptophyta,Magnoliopsida,Myrtales,Myrtaceae,Eucalyptus
34320,GCA_014182715.1,Plants_Algae_Other,Streptophyta,Magnoliopsida,Myrtales,Myrtaceae,Eucalyptus
34324,GCA_014182845.1,Plants_Algae_Other,Streptophyta,Magnoliopsida,Myrtales,Myrtaceae,Corymbia
343465,GCA_047225525.1,Plants_Algae_Other,Streptophyta,Magnoliopsida,Rosales,Rosaceae,Malus
3435,GCA_029852735.1,Plants_Algae_Other,Streptophyta,Magnoliopsida,Laurales,Lauraceae,Persea
343904,GCA_025506505.1,Plants_Algae_Other,Streptophyta,Magnoliopsida,Asterales,Asteraceae,Flaveria
3451,GCA_964291825.1,Plants_Algae_Other,Streptophyta,Magnoliopsida,Ranunculales,Ranunculaceae,Aquilegia
3451,GCA_964291885.1,Plants_Algae_Other,Streptophyta,Magnoliopsida,Ranunculales,Ranunculaceae,Aquilegia
345145,GCA_044588575.1,Plants_Algae_Other,Streptophyta,Magnoliopsida,Vitales,Vitaceae,Vitis
345147,GCA_044592535.1,Plants_Algae_Other,Streptophyta,Magnoliopsida,Vitales,Vitaceae,Vitis
345311,GCA_034703905.1,Plants_Algae_Other,Streptophyta,Magnoliopsida,Caryophyllales,Chenopodiaceae,Chenopodium
345913,GCA_964234905.1,Plants_Algae_Other,Streptophyta,Magnoliopsida,Poales,Poaceae,Polypogon
3469,GCA_003573695.1,Plants_Algae_Other,Streptophyta,Magnoliopsida,Ranunculales,Papaveraceae,Papaver
3469,GCF_003573695.1,Plants_Algae_Other,Streptophyta,Magnoliopsida,Ranunculales,Papaveraceae,Papaver
346999,GCA_031216115.1,Plants_Algae_Other,Streptophyta,Magnoliopsida,Fabales,Fabaceae,Senna
347529,GCA_030169165.1,Plants_Algae_Other,Streptophyta,Magnoliopsida,Asterales,Asteraceae,Centaurea
34758,GCA_051294375.1,Plants_Algae_Other,Chaetognatha,Sagittoidea,Phragmophora,Spadellidae,Paraspadella
347648,GCA_965366145.1,Plants_Algae_Other,Streptophyta,Magnoliopsida,Malpighiales,Linaceae,Linum
347994,GCA_965212415.1,Plants_Algae_Other,Streptophyta,Magnoliopsida,Fabales,Fabaceae,Lotus
3483,GCA_000230575.5,Plants_Algae_Other,Streptophyta,Magnoliopsida,Rosales,Cannabaceae,Cannabis
3483,GCF_029168945.1,Plants_Algae_Other,Streptophyta,Magnoliopsida,Rosales,Cannabaceae,Cannabis
3483,GCA_049725155.1,Plants_Algae_Other,Streptophyta,Magnoliopsida,Rosales,Cannabaceae,Cannabis
3486,GCF_963169125.1,Plants_Algae_Other,Streptophyta,Magnoliopsida,Rosales,Cannabaceae,Humulus
3486,GCA_963169125.1,Plants_Algae_Other,Streptophyta,Magnoliopsida,Rosales,Cannabaceae,Humulus
3489,GCA_025403435.1,Plants_Algae_Other,Streptophyta,Magnoliopsida,Rosales,Moraceae,Artocarpus
3494,GCA_042847195.1,Plants_Algae_Other,Streptophyta,Magnoliopsida,Rosales,Moraceae,Ficus
3501,GCA_964188135.1,Plants_Algae_Other,Streptophyta,Magnoliopsida,Rosales,Urticaceae,Urtica
350427,GCA_051306975.1,Plants_Algae_Other,Streptophyta,Magnoliopsida,Santalales,Erythropalaceae,Erythropalum
3505,GCA_965285875.1,Plants_Algae_Other,Streptophyta,Magnoliopsida,Fagales,Betulaceae,Betula
350892,GCA_034554615.1,Plants_Algae_Other,Streptophyta,Magnoliopsida,Caryophyllales,Chenopodiaceae,Beta
3512,GCA_035136125.1,Plants_Algae_Other,Streptophyta,Magnoliopsida,Fagales,Fagaceae,Quercus
351593,GCA_050084455.1,Plants_Algae_Other,Streptophyta,Marchantiopsida,Marchantiales,Cyathodiaceae,Cyathodium
3516,GCA_965122795.1,Plants_Algae_Other,Streptophyta,Magnoliopsida,Fagales,Betulaceae,Alnus
3517,GCF_958979055.1,Plants_Algae_Other,Streptophyta,Magnoliopsida,Fagales,Betulaceae,Alnus
3517,GCA_958979055.1,Plants_Algae_Other,Streptophyta,Magnoliopsida,Fagales,Betulaceae,Alnus
3522,GCA_028551395.1,Plants_Algae_Other,Streptophyta,Magnoliopsida,Fagales,Casuarinaceae,Casuarina
3523,GCA_028551475.1,Plants_Algae_Other,Streptophyta,Magnoliopsida,Fagales,Casuarinaceae,Casuarina
353152,GCF_000165345.1,Plants_Algae_Other,Apicomplexa,Conoidasida,Eucoccidiorida,Cryptosporidiidae,Cryptosporidium
3541,GCA_045838725.1,Plants_Algae_Other,Streptophyta,Magnoliopsida,Caryophyllales,Nyctaginaceae,Bougainvillea
354528,GCA_041296325.1,Plants_Algae_Other,Streptophyta,Magnoliopsida,Sapindales,Rutaceae,Zanthoxylum
3555,GCF_026745355.1,Plants_Algae_Other,Streptophyta,Magnoliopsida,Caryophyllales,Chenopodiaceae,Beta
3559,GCA_948465745.1,Plants_Algae_Other,Streptophyta,Magnoliopsida,Caryophyllales,Chenopodiaceae,Chenopodium
355937,GCA_047301095.1,Plants_Algae_Other,Streptophyta,Magnoliopsida,Caryophyllales,Chenopodiaceae,Salsola
3562,GCA_020520425.1,Plants_Algae_Other,Streptophyta,Magnoliopsida,Caryophyllales,Chenopodiaceae,Spinacia
3562,GCF_020520425.1,Plants_Algae_Other,Streptophyta,Magnoliopsida,Caryophyllales,Chenopodiaceae,Spinacia
3565,GCA_048406975.1,Plants_Algae_Other,Streptophyta,Magnoliopsida,Caryophyllales,Amaranthaceae,Amaranthus
3570,GCA_023091065.1,Plants_Algae_Other,Streptophyta,Magnoliopsida,Caryophyllales,Caryophyllaceae,Dianthus
35712,GCA_965153345.2,Plants_Algae_Other,Streptophyta,Magnoliopsida,Poales,Poaceae,Leersia
35712,GCA_965153235.2,Plants_Algae_Other,Streptophyta,Magnoliopsida,Poales,Poaceae,Leersia
3572,GCA_040167595.1,Plants_Algae_Other,Streptophyta,Magnoliopsida,Caryophyllales,Caryophyllaceae,Saponaria
357961,GCA_009760825.1,Plants_Algae_Other,Streptophyta,Magnoliopsida,Cucurbitales,Cucurbitaceae,Cucumis
35875,GCA_030737815.1,Plants_Algae_Other,Streptophyta,Magnoliopsida,Asparagales,Amaryllidaceae,Allium
35885,GCA_003576645.1,Plants_Algae_Other,Streptophyta,Magnoliopsida,Solanales,Convolvulaceae,Ipomoea
35885,GCF_003576645.1,Plants_Algae_Other,Streptophyta,Magnoliopsida,Solanales,Convolvulaceae,Ipomoea
35925,GCA_028551355.1,Plants_Algae_Other,Streptophyta,Magnoliopsida,Ericales,Ebenaceae,Diospyros
35930,GCA_965125545.1,Plants_Algae_Other,Streptophyta,Magnoliopsida,Ranunculales,Ranunculaceae,Ranunculus
35936,GCA_030347555.1,Plants_Algae_Other,Streptophyta,Magnoliopsida,Fabales,Fabaceae,Lablab
35945,GCA_051820875.1,Plants_Algae_Other,Streptophyta,Magnoliopsida,Saxifragales,Crassulaceae,Aeonium
35974,GCA_034195605.1,Plants_Algae_Other,Streptophyta,Magnoliopsida,Santalales,Santalaceae,Santalum
359823,GCA_024034495.1,Plants_Algae_Other,Streptophyta,Magnoliopsida,Brassicales,Brassicaceae,Camelina
360336,GCA_014858505.1,Plants_Algae_Other,Streptophyta,Magnoliopsida,Myrtales,Myrtaceae,Corymbia
361423,GCA_965211985.2,Plants_Algae_Other,Streptophyta,Magnoliopsida,Poales,Typhaceae,Sparganium
36188,GCA_009756495.1,Plants_Algae_Other,NA,NA,NA,NA,NA
361894,GCA_965615745.1,Plants_Algae_Other,Streptophyta,Magnoliopsida,Fabales,Fabaceae,Trifolium
361894,GCA_965615655.1,Plants_Algae_Other,Streptophyta,Magnoliopsida,Fabales,Fabaceae,Trifolium
36190,GCA_023974075.1,Plants_Algae_Other,NA,NA,NA,NA,NA
36190,GCA_900302675.1,Plants_Algae_Other,NA,NA,NA,NA,NA
36194,GCA_943590895.1,Plants_Algae_Other,NA,NA,NA,NA,NA
36196,GCA_943593355.1,Plants_Algae_Other,NA,NA,NA,NA,NA
36200,GCA_011823955.1,Plants_Algae_Other,NA,NA,NA,NA,NA
36202,GCA_943591055.1,Plants_Algae_Other,NA,NA,NA,NA,NA
36202,GCA_025505485.1,Plants_Algae_Other,NA,NA,NA,NA,NA
36208,GCA_943590885.1,Plants_Algae_Other,NA,NA,NA,NA,NA
3625,GCA_051903715.1,Plants_Algae_Other,Streptophyta,Magnoliopsida,Ericales,Actinidiaceae,Actinidia
3627,GCA_024454175.1,Plants_Algae_Other,Streptophyta,Magnoliopsida,Ericales,Actinidiaceae,Actinidia
362788,GCA_014851425.1,Plants_Algae_Other,Streptophyta,Magnoliopsida,Fabales,Fabaceae,Senna
36329,GCF_000002765.6,Plants_Algae_Other,Apicomplexa,Aconoidasida,Haemosporida,Plasmodiidae,Plasmodium
36329,GCA_032713075.1,Plants_Algae_Other,Apicomplexa,Aconoidasida,Haemosporida,Plasmodiidae,Plasmodium
3634,GCA_018997955.1,Plants_Algae_Other,Streptophyta,Magnoliopsida,Malvales,Malvaceae,Gossypium
3635,GCA_000987745.1,Plants_Algae_Other,Streptophyta,Magnoliopsida,Malvales,Malvaceae,Gossypium
3635,GCF_007990345.1,Plants_Algae_Other,Streptophyta,Magnoliopsida,Malvales,Malvaceae,Gossypium
363829,GCA_052815035.1,Plants_Algae_Other,Streptophyta,Magnoliopsida,Rosales,Rosaceae,Pyrus
3641,GCF_000208745.1,Plants_Algae_Other,Streptophyta,Magnoliopsida,Malvales,Malvaceae,Theobroma
3645,GCA_039639745.1,Plants_Algae_Other,Streptophyta,Magnoliopsida,Ericales,Lecythidaceae,Bertholletia
3649,GCA_021527605.1,Plants_Algae_Other,Streptophyta,Magnoliopsida,Brassicales,Caricaceae,Carica
3654,GCA_000238415.2,Plants_Algae_Other,Streptophyta,Magnoliopsida,Cucurbitales,Cucurbitaceae,Citrullus
3654,GCA_029034555.1,Plants_Algae_Other,Streptophyta,Magnoliopsida,Cucurbitales,Cucurbitaceae,Citrullus
3656,GCA_020920055.1,Plants_Algae_Other,Streptophyta,Magnoliopsida,Cucurbitales,Cucurbitaceae,Cucumis
3656,GCF_025177605.1,Plants_Algae_Other,Streptophyta,Magnoliopsida,Cucurbitales,Cucurbitaceae,Cucumis
3657,GCA_049998825.1,Plants_Algae_Other,Streptophyta,Magnoliopsida,Cucurbitales,Cucurbitaceae,Cucumis
3659,GCA_000004075.3,Plants_Algae_Other,Streptophyta,Magnoliopsida,Cucurbitales,Cucurbitaceae,Cucumis
3659,GCF_000004075.3,Plants_Algae_Other,Streptophyta,Magnoliopsida,Cucurbitales,Cucurbitaceae,Cucumis
36595,GCA_050575025.1,Plants_Algae_Other,Streptophyta,Magnoliopsida,Rosales,Rosaceae,Prunus
36596,GCA_018524995.1,Plants_Algae_Other,Streptophyta,Magnoliopsida,Rosales,Rosaceae,Prunus
36622,GCA_044986365.1,Plants_Algae_Other,Streptophyta,Magnoliopsida,Rosales,Rosaceae,Pseudocydonia
366393,GCA_965153355.1,Plants_Algae_Other,Chaetognatha,Sagittoidea,Aphragmophora,Sagittidae,Flaccisagitta
3664,GCA_002806865.2,Plants_Algae_Other,Streptophyta,Magnoliopsida,Cucurbitales,Cucurbitaceae,Cucurbita
3664,GCF_002806865.2,Plants_Algae_Other,Streptophyta,Magnoliopsida,Cucurbitales,Cucurbitaceae,Cucurbita
366594,GCA_910589765.1,Plants_Algae_Other,Streptophyta,Magnoliopsida,Poales,Poaceae,Avena
3668,GCA_002890555.2,Plants_Algae_Other,Streptophyta,Magnoliopsida,Cucurbitales,Cucurbitaceae,Lagenaria
3670,GCA_017139565.1,Plants_Algae_Other,Streptophyta,Magnoliopsida,Cucurbitales,Cucurbitaceae,Luffa
367363,GCA_051401725.1,Plants_Algae_Other,Streptophyta,Magnoliopsida,Gentianales,Rubiaceae,Ophiorrhiza
36774,GCA_034640255.1,Plants_Algae_Other,Streptophyta,Magnoliopsida,Brassicales,Brassicaceae,Brassica
36775,GCA_054286865.1,Plants_Algae_Other,Streptophyta,Magnoliopsida,Myrtales,Lythraceae,Cuphea
368345,GCA_040954875.1,Plants_Algae_Other,Streptophyta,Magnoliopsida,Poales,Poaceae,Beckmannia
368684,GCA_965199305.1,Plants_Algae_Other,Streptophyta,Magnoliopsida,Asterales,Campanulaceae,Lobelia
3690,GCA_051991645.1,Plants_Algae_Other,Streptophyta,Magnoliopsida,Malpighiales,Salicaceae,Populus
3691,GCF_951802175.1,Plants_Algae_Other,Streptophyta,Magnoliopsida,Malpighiales,Salicaceae,Populus
3691,GCA_951802175.1,Plants_Algae_Other,Streptophyta,Magnoliopsida,Malpighiales,Salicaceae,Populus
3694,GCA_000002775.4,Plants_Algae_Other,Streptophyta,Magnoliopsida,Malpighiales,Salicaceae,Populus
3694,GCF_000002775.5,Plants_Algae_Other,Streptophyta,Magnoliopsida,Malpighiales,Salicaceae,Populus
3696,GCA_015852605.2,Plants_Algae_Other,Streptophyta,Magnoliopsida,Malpighiales,Salicaceae,Populus
3702,GCA_020911765.2,Plants_Algae_Other,Streptophyta,Magnoliopsida,Brassicales,Brassicaceae,Arabidopsis
3702,GCF_000001735.4,Plants_Algae_Other,Streptophyta,Magnoliopsida,Brassicales,Brassicaceae,Arabidopsis
3704,GCA_965620565.1,Plants_Algae_Other,Streptophyta,Magnoliopsida,Brassicales,Brassicaceae,Armoracia
3704,GCA_965620475.1,Plants_Algae_Other,Streptophyta,Magnoliopsida,Brassicales,Brassicaceae,Armoracia
37046,GCA_002174335.1,Plants_Algae_Other,NA,NA,NA,NA,NA
37051,GCA_045784155.1,Plants_Algae_Other,NA,NA,NA,NA,NA
3707,GCA_018703725.1,Plants_Algae_Other,Streptophyta,Magnoliopsida,Brassicales,Brassicaceae,Brassica
37079,GCA_013400755.1,Plants_Algae_Other,NA,NA,NA,NA,NA
3708,GCA_000686985.2,Plants_Algae_Other,Streptophyta,Magnoliopsida,Brassicales,Brassicaceae,Brassica
3708,GCF_020379485.1,Plants_Algae_Other,Streptophyta,Magnoliopsida,Brassicales,Brassicaceae,Brassica
37081,GCA_010076225.1,Plants_Algae_Other,NA,NA,NA,NA,NA
37081,GCA_003264535.1,Plants_Algae_Other,NA,NA,NA,NA,NA
37081,GCA_003264715.1,Plants_Algae_Other,NA,NA,NA,NA,NA
37081,GCA_003264755.1,Plants_Algae_Other,NA,NA,NA,NA,NA
37083,GCA_010080355.1,Plants_Algae_Other,NA,NA,NA,NA,NA
3710,GCA_016432835.1,Plants_Algae_Other,Streptophyta,Magnoliopsida,Brassicales,Brassicaceae,Brassica
3710,GCA_964214035.1,Plants_Algae_Other,Streptophyta,Magnoliopsida,Brassicales,Brassicaceae,Brassica
3711,GCA_000309985.3,Plants_Algae_Other,Streptophyta,Magnoliopsida,Brassicales,Brassicaceae,Brassica
3711,GCF_000309985.2,Plants_Algae_Other,Streptophyta,Magnoliopsida,Brassicales,Brassicaceae,Brassica
3712,GCA_034638945.1,Plants_Algae_Other,Streptophyta,Magnoliopsida,Brassicales,Brassicaceae,Brassica
3712,GCA_965638055.1,Plants_Algae_Other,Streptophyta,Magnoliopsida,Brassicales,Brassicaceae,Brassica
3713,GCA_034639995.1,Plants_Algae_Other,Streptophyta,Magnoliopsida,Brassicales,Brassicaceae,Brassica
3714,GCA_034639235.1,Plants_Algae_Other,Streptophyta,Magnoliopsida,Brassicales,Brassicaceae,Brassica
3715,GCA_034640245.1,Plants_Algae_Other,Streptophyta,Magnoliopsida,Brassicales,Brassicaceae,Brassica
3715,GCA_965641685.1,Plants_Algae_Other,Streptophyta,Magnoliopsida,Brassicales,Brassicaceae,Brassica
3716,GCA_018177695.1,Plants_Algae_Other,Streptophyta,Magnoliopsida,Brassicales,Brassicaceae,Brassica
3719,GCA_036452645.1,Plants_Algae_Other,Streptophyta,Magnoliopsida,Brassicales,Brassicaceae,Capsella
37190,GCA_040869175.1,Plants_Algae_Other,NA,NA,NA,NA,NA
37190,GCA_040869195.1,Plants_Algae_Other,NA,NA,NA,NA,NA
37190,GCA_900500725.1,Plants_Algae_Other,NA,NA,NA,NA,NA
37190,GCA_900642305.1,Plants_Algae_Other,NA,NA,NA,NA,NA
372271,GCA_964214065.1,Plants_Algae_Other,Streptophyta,Magnoliopsida,Poales,Cyperaceae,Carex
3726,GCA_000801105.3,Plants_Algae_Other,Streptophyta,Magnoliopsida,Brassicales,Brassicaceae,Raphanus
3726,GCF_000801105.2,Plants_Algae_Other,Streptophyta,Magnoliopsida,Brassicales,Brassicaceae,Raphanus
37310,GCA_050084355.1,Plants_Algae_Other,Streptophyta,Polytrichopsida,Polytrichales,Polytrichaceae,Atrichum
37334,GCA_047301065.1,Plants_Algae_Other,Streptophyta,Magnoliopsida,Sapindales,Rutaceae,Citrus
37413,GCA_037043015.1,Plants_Algae_Other,Streptophyta,Bryopsida,Bryales,Bryaceae,Bryum
37420,GCA_050084375.1,Plants_Algae_Other,Streptophyta,Tetraphidopsida,Tetraphidales,Tetraphidaceae,Tetraphis
37425,GCA_030704615.1,Plants_Algae_Other,Streptophyta,Takakiopsida,Takakiales,Takakiaceae,Takakia
3747,GCA_019022445.1,Plants_Algae_Other,Streptophyta,Magnoliopsida,Rosales,Rosaceae,Fragaria
374711,GCA_973357735.1,Plants_Algae_Other,Streptophyta,Magnoliopsida,Lamiales,Orobanchaceae,Lathraea
3750,GCF_002114115.1,Plants_Algae_Other,Streptophyta,Magnoliopsida,Rosales,Rosaceae,Malus
3750,GCA_916050505.2,Plants_Algae_Other,Streptophyta,Magnoliopsida,Rosales,Rosaceae,Malus
3752,GCA_028456055.1,Plants_Algae_Other,Streptophyta,Magnoliopsida,Rosales,Rosaceae,Malus
3752,GCF_916048215.2,Plants_Algae_Other,Streptophyta,Magnoliopsida,Rosales,Rosaceae,Malus
3755,GCA_040581505.1,Plants_Algae_Other,Streptophyta,Magnoliopsida,Rosales,Rosaceae,Prunus
3755,GCA_021292205.2,Plants_Algae_Other,Streptophyta,Magnoliopsida,Rosales,Rosaceae,Prunus
3755,GCF_902201215.1,Plants_Algae_Other,Streptophyta,Magnoliopsida,Rosales,Rosaceae,Prunus
3760,GCF_000346465.2,Plants_Algae_Other,Streptophyta,Magnoliopsida,Rosales,Rosaceae,Prunus
376124,GCA_965644205.1,Plants_Algae_Other,Streptophyta,Magnoliopsida,Poales,Poaceae,Holcus
376124,GCA_965644105.1,Plants_Algae_Other,Streptophyta,Magnoliopsida,Poales,Poaceae,Holcus
37645,GCA_033971965.1,Plants_Algae_Other,Streptophyta,Magnoliopsida,Cucurbitales,Cucurbitaceae,Cucurbita
37648,GCA_018691285.1,Plants_Algae_Other,Streptophyta,Magnoliopsida,Cucurbitales,Cucurbitaceae,Cucurbita
37657,GCA_048544455.1,Plants_Algae_Other,Streptophyta,Magnoliopsida,Caryophyllales,Caryophyllaceae,Silene
37657,GCF_048544455.1,Plants_Algae_Other,Streptophyta,Magnoliopsida,Caryophyllales,Caryophyllaceae,Silene
376710,GCA_027789145.1,Plants_Algae_Other,Streptophyta,Magnoliopsida,Solanales,Solanaceae,Solanum
37682,GCA_000347335.2,Plants_Algae_Other,Streptophyta,Magnoliopsida,Poales,Poaceae,Aegilops
37682,GCA_965151605.1,Plants_Algae_Other,Streptophyta,Magnoliopsida,Poales,Poaceae,Aegilops
37690,GCA_018350135.1,Plants_Algae_Other,Streptophyta,Magnoliopsida,Sapindales,Rutaceae,Citrus
377125,GCA_049998395.1,Plants_Algae_Other,Streptophyta,Magnoliopsida,Gentianales,Apocynaceae,Apocynum
377126,GCA_039877755.1,Plants_Algae_Other,Streptophyta,Magnoliopsida,Gentianales,Apocynaceae,Apocynum
378228,GCA_046000225.1,Plants_Algae_Other,Streptophyta,Magnoliopsida,Rosales,Rosaceae,Prunus
378228,GCA_041154625.1,Plants_Algae_Other,Streptophyta,Magnoliopsida,Rosales,Rosaceae,Prunus
379215,GCA_965788445.1,Plants_Algae_Other,Streptophyta,Magnoliopsida,Caryophyllales,Aizoaceae,Carpobrotus
379955,GCA_963920655.1,Plants_Algae_Other,Streptophyta,Magnoliopsida,Geraniales,Geraniaceae,Geranium
3809,GCA_037074495.1,Plants_Algae_Other,Streptophyta,Magnoliopsida,Fabales,Fabaceae,Acacia
381124,GCA_001644905.2,Plants_Algae_Other,Streptophyta,Magnoliopsida,Poales,Poaceae,Zea
381124,GCA_030347615.1,Plants_Algae_Other,Streptophyta,Magnoliopsida,Poales,Poaceae,Zea
3813,GCA_037074505.1,Plants_Algae_Other,Streptophyta,Magnoliopsida,Fabales,Fabaceae,Albizia
3818,GCA_003086295.3,Plants_Algae_Other,Streptophyta,Magnoliopsida,Fabales,Fabaceae,Arachis
3818,GCF_003086295.3,Plants_Algae_Other,Streptophyta,Magnoliopsida,Fabales,Fabaceae,Arachis
3821,GCA_000340665.3,Plants_Algae_Other,Streptophyta,Magnoliopsida,Fabales,Fabaceae,Cajanus
3821,GCF_000340665.2,Plants_Algae_Other,Streptophyta,Magnoliopsida,Fabales,Fabaceae,Cajanus
3824,GCA_037954105.1,Plants_Algae_Other,Streptophyta,Magnoliopsida,Fabales,Fabaceae,Canavalia
3827,GCA_000331145.2,Plants_Algae_Other,Streptophyta,Magnoliopsida,Fabales,Fabaceae,Cicer
3827,GCF_000331145.2,Plants_Algae_Other,Streptophyta,Magnoliopsida,Fabales,Fabaceae,Cicer
3830,GCA_037953625.1,Plants_Algae_Other,Streptophyta,Magnoliopsida,Fabales,Fabaceae,Crotalaria
3832,GCA_037177725.1,Plants_Algae_Other,Streptophyta,Magnoliopsida,Fabales,Fabaceae,Cyamopsis
38414,GCA_007726485.1,Plants_Algae_Other,Streptophyta,Magnoliopsida,Poales,Poaceae,Eragrostis
3847,GCF_000004515.6,Plants_Algae_Other,Streptophyta,Magnoliopsida,Fabales,Fabaceae,Glycine
3848,GCA_002907465.1,Plants_Algae_Other,Streptophyta,Magnoliopsida,Fabales,Fabaceae,Glycine
3848,GCF_004193775.1,Plants_Algae_Other,Streptophyta,Magnoliopsida,Fabales,Fabaceae,Glycine
385388,GCA_022316695.1,Plants_Algae_Other,Streptophyta,Magnoliopsida,Ericales,Theaceae,Camellia
3854,GCA_963966055.1,Plants_Algae_Other,Streptophyta,Magnoliopsida,Fabales,Fabaceae,Lathyrus
38596,GCA_965250425.2,Plants_Algae_Other,Streptophyta,Magnoliopsida,Lamiales,Lamiaceae,Ajuga
386182,GCA_028017165.1,Plants_Algae_Other,Streptophyta,Magnoliopsida,Cucurbitales,Cucurbitaceae,Herpetospermum
386281,GCA_030704385.1,Plants_Algae_Other,Streptophyta,Magnoliopsida,Brassicales,Brassicaceae,Brassica
3866,GCA_037074615.1,Plants_Algae_Other,Streptophyta,Magnoliopsida,Fabales,Fabaceae,Leucaena
38686,GCA_019359835.1,Plants_Algae_Other,Streptophyta,Magnoliopsida,Poales,Poaceae,Pharus
38705,GCA_036346405.1,Plants_Algae_Other,Streptophyta,Magnoliopsida,Poales,Poaceae,Phyllostachys
3871,GCF_001865875.1,Plants_Algae_Other,Streptophyta,Magnoliopsida,Fabales,Fabaceae,Lupinus
38716,GCA_036346145.1,Plants_Algae_Other,Streptophyta,Magnoliopsida,Poales,Poaceae,Olyra
38727,GCA_016808335.1,Plants_Algae_Other,Streptophyta,Magnoliopsida,Poales,Poaceae,Panicum
38727,GCF_016808335.1,Plants_Algae_Other,Streptophyta,Magnoliopsida,Poales,Poaceae,Panicum
38736,GCA_052447275.1,Plants_Algae_Other,Streptophyta,Magnoliopsida,Poales,Poaceae,Lithachne
387595,GCA_036346255.1,Plants_Algae_Other,Streptophyta,Magnoliopsida,Poales,Poaceae,Ampelocalamus
38785,GCA_905216605.1,Plants_Algae_Other,Streptophyta,Magnoliopsida,Brassicales,Brassicaceae,Arabidopsis
3879,GCA_048417915.1,Plants_Algae_Other,Streptophyta,Magnoliopsida,Fabales,Fabaceae,Medicago
3880,GCA_000219495.2,Plants_Algae_Other,Streptophyta,Magnoliopsida,Fabales,Fabaceae,Medicago
3880,GCF_003473485.1,Plants_Algae_Other,Streptophyta,Magnoliopsida,Fabales,Fabaceae,Medicago
3880,GCF_000219495.3,Plants_Algae_Other,Streptophyta,Magnoliopsida,Fabales,Fabaceae,Medicago
388140,GCA_038501285.1,Plants_Algae_Other,Streptophyta,Magnoliopsida,Lamiales,Plantaginaceae,Penstemon
3884,GCA_046564645.1,Plants_Algae_Other,Streptophyta,Magnoliopsida,Fabales,Fabaceae,Phaseolus
38846,GCA_028411795.1,Plants_Algae_Other,Streptophyta,Magnoliopsida,Malpighiales,Euphorbiaceae,Euphorbia
38846,GCA_964200815.1,Plants_Algae_Other,Streptophyta,Magnoliopsida,Malpighiales,Euphorbiaceae,Euphorbia
3885,GCA_000499845.2,Plants_Algae_Other,Streptophyta,Magnoliopsida,Fabales,Fabaceae,Phaseolus
3885,GCF_000499845.2,Plants_Algae_Other,Streptophyta,Magnoliopsida,Fabales,Fabaceae,Phaseolus
388567,GCA_042767885.1,Plants_Algae_Other,Streptophyta,Magnoliopsida,Poales,Cyperaceae,Cyperus
38859,GCA_052575335.1,Plants_Algae_Other,Streptophyta,Magnoliopsida,Lamiales,Lamiaceae,Mentha
3886,GCA_037954025.1,Plants_Algae_Other,Streptophyta,Magnoliopsida,Fabales,Fabaceae,Phaseolus
38860,GCA_041501505.1,Plants_Algae_Other,Streptophyta,Magnoliopsida,Lamiales,Lamiaceae,Mentha
38865,GCA_042920555.1,Plants_Algae_Other,Streptophyta,Magnoliopsida,Fagales,Fagaceae,Quercus
38865,GCA_964102825.1,Plants_Algae_Other,Streptophyta,Magnoliopsida,Fagales,Fagaceae,Quercus
38869,GCA_041430365.1,Plants_Algae_Other,Streptophyta,Magnoliopsida,Lamiales,Lamiaceae,Salvia
38872,GCA_051941045.1,Plants_Algae_Other,Streptophyta,Magnoliopsida,Lamiales,Oleaceae,Fraxinus
38873,GCA_965226085.2,Plants_Algae_Other,Streptophyta,Magnoliopsida,Lamiales,Oleaceae,Fraxinus
38874,GCA_052059175.1,Plants_Algae_Other,Streptophyta,Magnoliopsida,Lamiales,Oleaceae,Fraxinus
3888,GCF_024323335.1,Plants_Algae_Other,Streptophyta,Magnoliopsida,Fabales,Fabaceae,Lathyrus
3888,GCA_024323335.2,Plants_Algae_Other,Streptophyta,Magnoliopsida,Fabales,Fabaceae,Lathyrus
3891,GCA_053477545.1,Plants_Algae_Other,Streptophyta,Magnoliopsida,Fabales,Fabaceae,Psophocarpus
3893,GCA_026413185.1,Plants_Algae_Other,Streptophyta,Magnoliopsida,Fabales,Fabaceae,Pueraria
38942,GCA_932294415.1,Plants_Algae_Other,Streptophyta,Magnoliopsida,Fagales,Fagaceae,Quercus
38942,GCF_932294415.1,Plants_Algae_Other,Streptophyta,Magnoliopsida,Fagales,Fagaceae,Quercus
3899,GCA_030914245.1,Plants_Algae_Other,Streptophyta,Magnoliopsida,Fabales,Fabaceae,Trifolium
3899,GCA_030408175.1,Plants_Algae_Other,Streptophyta,Magnoliopsida,Fabales,Fabaceae,Trifolium
3900,GCA_951799995.1,Plants_Algae_Other,Streptophyta,Magnoliopsida,Fabales,Fabaceae,Trifolium
3906,GCA_048183575.1,Plants_Algae_Other,Streptophyta,Magnoliopsida,Fabales,Fabaceae,Vicia
3908,GCA_964197575.1,Plants_Algae_Other,Streptophyta,Magnoliopsida,Fabales,Fabaceae,Vicia
391055,GCA_965154115.1,Plants_Algae_Other,Streptophyta,Magnoliopsida,Rosales,Rosaceae,Prunus
3911,GCF_029867415.1,Plants_Algae_Other,Streptophyta,Magnoliopsida,Fabales,Fabaceae,Vicia
3914,GCA_001190045.1,Plants_Algae_Other,Streptophyta,Magnoliopsida,Fabales,Fabaceae,Vigna
3914,GCF_016808095.1,Plants_Algae_Other,Streptophyta,Magnoliopsida,Fabales,Fabaceae,Vigna
3915,GCA_023940565.1,Plants_Algae_Other,Streptophyta,Magnoliopsida,Fabales,Fabaceae,Vigna
3915,GCA_036885675.1,Plants_Algae_Other,Streptophyta,Magnoliopsida,Fabales,Fabaceae,Vigna
3916,GCA_000741045.2,Plants_Algae_Other,Streptophyta,Magnoliopsida,Fabales,Fabaceae,Vigna
3916,GCF_000741045.1,Plants_Algae_Other,Streptophyta,Magnoliopsida,Fabales,Fabaceae,Vigna
3917,GCF_004118075.2,Plants_Algae_Other,Streptophyta,Magnoliopsida,Fabales,Fabaceae,Vigna
392624,GCA_040764665.1,Plants_Algae_Other,Streptophyta,Magnoliopsida,Lamiales,Lamiaceae,Drepanocaryum
39271,GCA_031470985.1,Plants_Algae_Other,Streptophyta,Magnoliopsida,Lamiales,Lamiaceae,Agastache
39288,GCA_047371235.1,Plants_Algae_Other,Streptophyta,Magnoliopsida,Ranunculales,Circaeasteraceae,Circaeaster
39329,GCA_028984105.1,Plants_Algae_Other,Streptophyta,Magnoliopsida,Lamiales,Lamiaceae,Lavandula
39350,GCA_046254565.1,Plants_Algae_Other,Streptophyta,Magnoliopsida,Lamiales,Lamiaceae,Ocimum
39353,GCA_965263755.1,Plants_Algae_Other,Streptophyta,Magnoliopsida,Lamiales,Paulowniaceae,Paulownia
39353,GCA_965263725.1,Plants_Algae_Other,Streptophyta,Magnoliopsida,Lamiales,Paulowniaceae,Paulownia
39358,GCA_044905855.1,Plants_Algae_Other,Streptophyta,Magnoliopsida,Lamiales,Lamiaceae,Prunella
39358,GCA_965154595.2,Plants_Algae_Other,Streptophyta,Magnoliopsida,Lamiales,Lamiaceae,Prunella
39367,GCA_036937905.1,Plants_Algae_Other,Streptophyta,Magnoliopsida,Lamiales,Lamiaceae,Salvia
39388,GCA_963669365.1,Plants_Algae_Other,Streptophyta,Magnoliopsida,Lamiales,Scrophulariaceae,Verbascum
39468,GCA_963669245.1,Plants_Algae_Other,Streptophyta,Magnoliopsida,Fagales,Fagaceae,Quercus
396367,GCA_028654395.1,Plants_Algae_Other,Streptophyta,Magnoliopsida,Lamiales,Lamiaceae,Scutellaria
396368,GCA_018132145.1,Plants_Algae_Other,Streptophyta,Magnoliopsida,Rosales,Urticaceae,Boehmeria
396994,GCA_025688845.1,Plants_Algae_Other,Streptophyta,Magnoliopsida,Cucurbitales,Cucurbitaceae,Cucumis
397064,GCA_976919295.1,Plants_Algae_Other,Streptophyta,Magnoliopsida,Alismatales,Potamogetonaceae,Potamogeton
397064,GCA_976917975.1,Plants_Algae_Other,Streptophyta,Magnoliopsida,Alismatales,Potamogetonaceae,Potamogeton
397083,GCA_965663725.1,Plants_Algae_Other,Streptophyta,Magnoliopsida,Alismatales,Potamogetonaceae,Potamogeton
3972,GCA_963277665.1,Plants_Algae_Other,Streptophyta,Magnoliopsida,Santalales,Viscaceae,Viscum
397392,GCF_029873635.1,Plants_Algae_Other,Streptophyta,Magnoliopsida,Santalales,Ximeniaceae,Malania
397392,GCA_029873635.1,Plants_Algae_Other,Streptophyta,Magnoliopsida,Santalales,Ximeniaceae,Malania
3981,GCA_010458925.1,Plants_Algae_Other,Streptophyta,Magnoliopsida,Malpighiales,Euphorbiaceae,Hevea
3981,GCF_030052815.1,Plants_Algae_Other,Streptophyta,Magnoliopsida,Malpighiales,Euphorbiaceae,Hevea
3983,GCA_001659605.2,Plants_Algae_Other,Streptophyta,Magnoliopsida,Malpighiales,Euphorbiaceae,Manihot
3983,GCF_001659605.2,Plants_Algae_Other,Streptophyta,Magnoliopsida,Malpighiales,Euphorbiaceae,Manihot
398450,GCA_963920545.1,Plants_Algae_Other,Streptophyta,Magnoliopsida,Brassicales,Brassicaceae,Lepidium
39848,GCA_958450325.1,Plants_Algae_Other,Streptophyta,Magnoliopsida,Caryophyllales,Caryophyllaceae,Agrostemma
3986,GCF_937616625.2,Plants_Algae_Other,Streptophyta,Magnoliopsida,Malpighiales,Euphorbiaceae,Mercurialis
3986,GCA_937616625.2,Plants_Algae_Other,Streptophyta,Magnoliopsida,Malpighiales,Euphorbiaceae,Mercurialis
39875,GCA_029255685.2,Plants_Algae_Other,Streptophyta,Magnoliopsida,Caryophyllales,Caryophyllaceae,Silene
3988,GCF_019578655.1,Plants_Algae_Other,Streptophyta,Magnoliopsida,Malpighiales,Euphorbiaceae,Ricinus
39946,GCA_000004655.2,Plants_Algae_Other,Streptophyta,Magnoliopsida,Poales,Poaceae,Oryza
39946,GCA_001623345.3,Plants_Algae_Other,Streptophyta,Magnoliopsida,Poales,Poaceae,Oryza
39946,GCA_002151415.1,Plants_Algae_Other,Streptophyta,Magnoliopsida,Poales,Poaceae,Oryza
39947,GCA_000005425.2,Plants_Algae_Other,Streptophyta,Magnoliopsida,Poales,Poaceae,Oryza
39947,GCF_000005425.2,Plants_Algae_Other,Streptophyta,Magnoliopsida,Poales,Poaceae,Oryza
4002,GCA_947561395.3,Plants_Algae_Other,Streptophyta,Magnoliopsida,Buxales,Buxaceae,Buxus
4006,GCA_054134595.1,Plants_Algae_Other,Streptophyta,Magnoliopsida,Malpighiales,Linaceae,Linum
40148,GCA_000576495.2,Plants_Algae_Other,Streptophyta,Magnoliopsida,Poales,Poaceae,Oryza
40149,GCA_047496205.1,Plants_Algae_Other,Streptophyta,Magnoliopsida,Poales,Poaceae,Oryza
402117,GCA_965644175.1,Plants_Algae_Other,Streptophyta,Jungermanniopsida,Jungermanniales,Lepidoziaceae,Lepidozia
4023,GCA_035582765.1,Plants_Algae_Other,Streptophyta,Magnoliopsida,Sapindales,Sapindaceae,Acer
4024,GCA_030490815.1,Plants_Algae_Other,Streptophyta,Magnoliopsida,Sapindales,Sapindaceae,Acer
402640,GCA_974939995.1,Plants_Algae_Other,Streptophyta,Jungermanniopsida,Jungermanniales,Scapaniaceae,Scapania
402998,GCA_029783415.1,Plants_Algae_Other,Streptophyta,Magnoliopsida,Solanales,Solanaceae,Anisodus
403040,GCA_964197745.1,Plants_Algae_Other,Streptophyta,Magnoliopsida,Alismatales,Juncaginaceae,Triglochin
40320,GCA_030864225.1,Plants_Algae_Other,Streptophyta,Magnoliopsida,Solanales,Solanaceae,Capsicum
40321,GCA_030867735.1,Plants_Algae_Other,Streptophyta,Magnoliopsida,Solanales,Solanaceae,Capsicum
40337,GCA_024760705.1,Plants_Algae_Other,Streptophyta,Magnoliopsida,Fabales,Fabaceae,Mucuna
4039,GCA_030127425.1,Plants_Algae_Other,Streptophyta,Magnoliopsida,Apiales,Apiaceae,Daucus
4045,GCA_009905375.1,Plants_Algae_Other,Streptophyta,Magnoliopsida,Apiales,Apiaceae,Apium
4045,GCF_009905375.1,Plants_Algae_Other,Streptophyta,Magnoliopsida,Apiales,Apiaceae,Apium
4052,GCA_947179155.2,Plants_Algae_Other,Streptophyta,Magnoliopsida,Apiales,Araliaceae,Hedera
405319,GCA_050613395.1,Plants_Algae_Other,Streptophyta,Magnoliopsida,Piperales,Piperaceae,Piper
4054,GCA_020205605.1,Plants_Algae_Other,Streptophyta,Magnoliopsida,Apiales,Araliaceae,Panax
405737,GCA_033568475.2,Plants_Algae_Other,Streptophyta,Magnoliopsida,Lamiales,Gesneriaceae,Henckelia
405737,GCF_033568475.1,Plants_Algae_Other,Streptophyta,Magnoliopsida,Lamiales,Gesneriaceae,Henckelia
40686,GCA_029228465.1,Plants_Algae_Other,Streptophyta,Magnoliopsida,Malpighiales,Salicaceae,Salix
40686,GCA_965648455.1,Plants_Algae_Other,Streptophyta,Magnoliopsida,Malpighiales,Salicaceae,Salix
40690,GCF_902827165.1,Plants_Algae_Other,NA,NA,NA,NA,NA
40690,GCA_902827105.1,Plants_Algae_Other,NA,NA,NA,NA,NA
40690,GCA_902827165.1,Plants_Algae_Other,NA,NA,NA,NA,NA
40692,GCA_012861695.1,Plants_Algae_Other,NA,NA,NA,NA,NA
40692,GCA_943590855.1,Plants_Algae_Other,NA,NA,NA,NA,NA
40693,GCA_943590805.1,Plants_Algae_Other,NA,NA,NA,NA,NA
4072,GCA_000512255.2,Plants_Algae_Other,Streptophyta,Magnoliopsida,Solanales,Solanaceae,Capsicum
4072,GCF_002878395.1,Plants_Algae_Other,Streptophyta,Magnoliopsida,Solanales,Solanaceae,Capsicum
4081,GCA_000188115.5,Plants_Algae_Other,Streptophyta,Magnoliopsida,Solanales,Solanaceae,Solanum
4081,GCF_036512215.1,Plants_Algae_Other,Streptophyta,Magnoliopsida,Solanales,Solanaceae,Solanum
4083,GCA_032847665.1,Plants_Algae_Other,Streptophyta,Magnoliopsida,Solanales,Solanaceae,Solanum
4084,GCA_034621305.1,Plants_Algae_Other,Streptophyta,Magnoliopsida,Solanales,Solanaceae,Solanum
40919,GCA_965233475.1,Plants_Algae_Other,Streptophyta,Magnoliopsida,Apiales,Apiaceae,Heracleum
4096,GCA_000393655.2,Plants_Algae_Other,Streptophyta,Magnoliopsida,Solanales,Solanaceae,Nicotiana
4096,GCF_000393655.2,Plants_Algae_Other,Streptophyta,Magnoliopsida,Solanales,Solanaceae,Nicotiana
4097,GCA_000715075.2,Plants_Algae_Other,Streptophyta,Magnoliopsida,Solanales,Solanaceae,Nicotiana
4097,GCF_000715075.1,Plants_Algae_Other,Streptophyta,Magnoliopsida,Solanales,Solanaceae,Nicotiana
4098,GCF_000390325.3,Plants_Algae_Other,Streptophyta,Magnoliopsida,Solanales,Solanaceae,Nicotiana
4100,GCA_034376525.1,Plants_Algae_Other,Streptophyta,Magnoliopsida,Solanales,Solanaceae,Nicotiana
4102,GCA_046563445.1,Plants_Algae_Other,Streptophyta,Magnoliopsida,Solanales,Solanaceae,Petunia
4109,GCA_018258275.1,Plants_Algae_Other,Streptophyta,Magnoliopsida,Solanales,Solanaceae,Solanum
4111,GCA_965655005.1,Plants_Algae_Other,Streptophyta,Magnoliopsida,Solanales,Solanaceae,Solanum
4112,GCA_964243065.1,Plants_Algae_Other,Streptophyta,Magnoliopsida,Solanales,Solanaceae,Solanum
4123,GCA_964199945.1,Plants_Algae_Other,Streptophyta,Magnoliopsida,Solanales,Convolvulaceae,Convolvulus
41233,GCA_026212405.1,Plants_Algae_Other,Streptophyta,Magnoliopsida,Lamiales,Verbenaceae,Petrea
4138,GCA_030762865.1,Plants_Algae_Other,Streptophyta,Magnoliopsida,Lamiales,Lamiaceae,Paraleonurus
413952,GCA_021464305.1,Plants_Algae_Other,Streptophyta,Magnoliopsida,Malpighiales,Rhizophoraceae,Kandelia
41492,GCA_965601635.1,Plants_Algae_Other,Streptophyta,Magnoliopsida,Asterales,Asteraceae,Bellis
41496,GCA_963853835.1,Plants_Algae_Other,Streptophyta,Magnoliopsida,Asterales,Asteraceae,Calendula
41500,GCA_965178275.1,Plants_Algae_Other,Streptophyta,Magnoliopsida,Asterales,Asteraceae,Carlina
4155,GCA_051857295.1,Plants_Algae_Other,Streptophyta,Magnoliopsida,Lamiales,Phrymaceae,Erythranthe
4158,GCA_051175675.1,Plants_Algae_Other,Streptophyta,Magnoliopsida,Lamiales,Phrymaceae,Erythranthe
4161,GCA_051175655.1,Plants_Algae_Other,Streptophyta,Magnoliopsida,Lamiales,Phrymaceae,Erythranthe
416196,GCA_046119265.1,Plants_Algae_Other,Streptophyta,Magnoliopsida,Sapindales,Rutaceae,Citrus
416197,GCA_046118875.1,Plants_Algae_Other,Streptophyta,Magnoliopsida,Sapindales,Rutaceae,Citrus
41653,GCA_964059535.1,Plants_Algae_Other,Streptophyta,Magnoliopsida,Asterales,Asteraceae,Tragopogon
416546,GCA_034639695.1,Plants_Algae_Other,Streptophyta,Magnoliopsida,Brassicales,Brassicaceae,Brassica
4166,GCA_965199565.1,Plants_Algae_Other,Streptophyta,Magnoliopsida,Lamiales,Plantaginaceae,Cymbalaria
4166,GCA_965199525.1,Plants_Algae_Other,Streptophyta,Magnoliopsida,Lamiales,Plantaginaceae,Cymbalaria
41679,GCA_019705885.1,Plants_Algae_Other,Streptophyta,Magnoliopsida,Brassicales,Brassicaceae,Raphanus
4182,GCA_000512975.1,Plants_Algae_Other,Streptophyta,Magnoliopsida,Lamiales,Pedaliaceae,Sesamum
4182,GCF_000512975.1,Plants_Algae_Other,Streptophyta,Magnoliopsida,Lamiales,Pedaliaceae,Sesamum
41836,GCA_964035585.2,Plants_Algae_Other,Streptophyta,Polytrichopsida,Polytrichales,Polytrichaceae,Polytrichum
41839,GCA_050084475.1,Plants_Algae_Other,Streptophyta,Marchantiopsida,Marchantiales,Conocephalaceae,Conocephalum
418402,GCA_977035685.1,Plants_Algae_Other,Streptophyta,Magnoliopsida,Caryophyllales,Caryophyllaceae,Pseudostellaria
41844,GCA_043381455.1,Plants_Algae_Other,Streptophyta,Marchantiopsida,Marchantiales,Ricciaceae,Riccia
4202,GCA_949130495.1,Plants_Algae_Other,Streptophyta,Magnoliopsida,Dipsacales,Adoxaceae,Sambucus
420342,GCA_022702705.1,Plants_Algae_Other,Streptophyta,Magnoliopsida,Asparagales,Orchidaceae,Papilionanthe
4214,GCA_028751855.1,Plants_Algae_Other,Streptophyta,Magnoliopsida,Asterales,Asteraceae,Ambrosia
4217,GCA_023525745.1,Plants_Algae_Other,Streptophyta,Magnoliopsida,Asterales,Asteraceae,Arctium
421870,GCA_054216415.1,Plants_Algae_Other,Streptophyta,Magnoliopsida,Poales,Cyperaceae,Cyperus
4222,GCA_053455455.1,Plants_Algae_Other,Streptophyta,Magnoliopsida,Asterales,Asteraceae,Carthamus
42229,GCA_965620075.1,Plants_Algae_Other,Streptophyta,Magnoliopsida,Rosales,Rosaceae,Prunus
4225,GCA_024085815.1,Plants_Algae_Other,Streptophyta,Magnoliopsida,Asterales,Asteraceae,Flaveria
4227,GCA_025506515.1,Plants_Algae_Other,Streptophyta,Magnoliopsida,Asterales,Asteraceae,Flaveria
4232,GCF_002127325.2,Plants_Algae_Other,Streptophyta,Magnoliopsida,Asterales,Asteraceae,Helianthus
42345,GCA_000181215.3,Plants_Algae_Other,Streptophyta,Magnoliopsida,Arecales,Arecaceae,Phoenix
42345,GCF_009389715.1,Plants_Algae_Other,Streptophyta,Magnoliopsida,Arecales,Arecaceae,Phoenix
4236,GCA_002870075.4,Plants_Algae_Other,Streptophyta,Magnoliopsida,Asterales,Asteraceae,Lactuca
4236,GCF_002870075.4,Plants_Algae_Other,Streptophyta,Magnoliopsida,Asterales,Asteraceae,Lactuca
425828,GCA_040182985.1,Plants_Algae_Other,Streptophyta,Magnoliopsida,Fagales,Fagaceae,Lithocarpus
428215,GCA_052935025.1,Plants_Algae_Other,Streptophyta,Magnoliopsida,Poales,Poaceae,Puccinellia
4298,GCA_951799425.1,Plants_Algae_Other,Streptophyta,Magnoliopsida,Aquifoliales,Aquifoliaceae,Ilex
431183,GCA_963082875.1,Plants_Algae_Other,NA,NA,NA,NA,NA
431183,GCA_963082865.1,Plants_Algae_Other,NA,NA,NA,NA,NA
43166,GCA_046470805.1,Plants_Algae_Other,Streptophyta,Magnoliopsida,Sapindales,Rutaceae,Citrus
43171,GCA_948329865.1,Plants_Algae_Other,Streptophyta,Magnoliopsida,Lamiales,Plantaginaceae,Linaria
43206,GCA_965154475.1,Plants_Algae_Other,Streptophyta,Magnoliopsida,Asterales,Asteraceae,Reichardia
43256,GCA_902827135.1,Plants_Algae_Other,NA,NA,NA,NA,NA
43256,GCA_902827095.1,Plants_Algae_Other,NA,NA,NA,NA,NA
43335,GCF_005239225.2,Plants_Algae_Other,Streptophyta,Magnoliopsida,Malpighiales,Salicaceae,Populus
43335,GCA_005239225.2,Plants_Algae_Other,Streptophyta,Magnoliopsida,Malpighiales,Salicaceae,Populus
43364,GCA_965199115.1,Plants_Algae_Other,Streptophyta,Magnoliopsida,Sapindales,Sapindaceae,Aesculus
43366,GCA_040182965.1,Plants_Algae_Other,Streptophyta,Magnoliopsida,Fabales,Fabaceae,Clitoria
4337,GCA_965637415.1,Plants_Algae_Other,Streptophyta,Magnoliopsida,Ericales,Primulaceae,Anagallis
434052,GCA_965151555.2,Plants_Algae_Other,Streptophyta,Magnoliopsida,Poales,Cyperaceae,Scirpus
434234,GCA_026229545.1,Plants_Algae_Other,Streptophyta,Magnoliopsida,Sapindales,Anacardiaceae,Pistacia
434235,GCA_026225825.1,Plants_Algae_Other,Streptophyta,Magnoliopsida,Sapindales,Anacardiaceae,Pistacia
434553,GCA_964291835.1,Plants_Algae_Other,Streptophyta,Magnoliopsida,Saxifragales,Haloragaceae,Myriophyllum
435756,GCA_004135705.1,Plants_Algae_Other,Streptophyta,Magnoliopsida,Poales,Poaceae,Alloteropsis
436207,GCA_965212395.1,Plants_Algae_Other,Streptophyta,Magnoliopsida,Asterales,Asteraceae,Arnica
43782,GCA_033220585.1,Plants_Algae_Other,Streptophyta,Magnoliopsida,Sapindales,Sapindaceae,Dipteronia
43891,GCA_032401905.1,Plants_Algae_Other,Streptophyta,Magnoliopsida,Sapindales,Meliaceae,Swietenia
4392,GCA_016647705.1,Plants_Algae_Other,Streptophyta,Magnoliopsida,Garryales,Eucommiaceae,Eucommia
4400,GCA_041721615.1,Plants_Algae_Other,Streptophyta,Magnoliopsida,Saxifragales,Altingiaceae,Liquidambar
4424,GCA_030142015.1,Plants_Algae_Other,Streptophyta,Magnoliopsida,Nymphaeales,Cabombaceae,Brasenia
443042,GCA_040285675.1,Plants_Algae_Other,Streptophyta,Magnoliopsida,Asparagales,Orchidaceae,Ophrys
443705,GCA_963989245.1,Plants_Algae_Other,NA,NA,NA,NA,NA
443705,GCA_963989255.1,Plants_Algae_Other,NA,NA,NA,NA,NA
443714,GCA_963924005.1,Plants_Algae_Other,NA,NA,NA,NA,NA
443714,GCA_963923985.1,Plants_Algae_Other,NA,NA,NA,NA,NA
4442,GCA_013676235.1,Plants_Algae_Other,Streptophyta,Magnoliopsida,Ericales,Theaceae,Camellia
444605,GCA_029228515.1,Plants_Algae_Other,Streptophyta,Magnoliopsida,Malpighiales,Salicaceae,Populus
44476,GCA_049190865.1,Plants_Algae_Other,Streptophyta,Magnoliopsida,Oxalidales,Oxalidaceae,Oxalis
445761,GCA_050657025.1,Plants_Algae_Other,Streptophyta,Magnoliopsida,Poales,Poaceae,Campeiostachys
44586,GCA_016801055.1,Plants_Algae_Other,Streptophyta,Magnoliopsida,Apiales,Araliaceae,Panax
44588,GCA_020205615.1,Plants_Algae_Other,Streptophyta,Magnoliopsida,Apiales,Araliaceae,Panax
4460,GCA_053894955.1,Plants_Algae_Other,Streptophyta,Magnoliopsida,Alismatales,Araceae,Colocasia
4465,GCA_030737845.1,Plants_Algae_Other,Streptophyta,Magnoliopsida,Acorales,Acoraceae,Acorus
44682,GCA_020205555.1,Plants_Algae_Other,Streptophyta,Magnoliopsida,Apiales,Araliaceae,Panax
446823,GCA_051313365.1,Plants_Algae_Other,NA,NA,NA,NA,NA
446823,GCA_051313345.1,Plants_Algae_Other,NA,NA,NA,NA,NA
44685,GCA_020205505.1,Plants_Algae_Other,Streptophyta,Magnoliopsida,Apiales,Araliaceae,Panax
4483,GCA_021605145.1,Plants_Algae_Other,Streptophyta,Magnoliopsida,Poales,Poaceae,Aegilops
4485,GCA_044584955.1,Plants_Algae_Other,Streptophyta,Magnoliopsida,Poales,Poaceae,Aegilops
4486,GCA_964264335.1,Plants_Algae_Other,Streptophyta,Magnoliopsida,Poales,Poaceae,Aegilops
4491,GCA_032464435.1,Plants_Algae_Other,Streptophyta,Magnoliopsida,Poales,Poaceae,Aegilops
4492,GCA_052815765.1,Plants_Algae_Other,Streptophyta,Magnoliopsida,Poales,Poaceae,Aegilops
4494,GCA_052815875.1,Plants_Algae_Other,Streptophyta,Magnoliopsida,Poales,Poaceae,Aegilops
44947,GCA_030549335.1,Plants_Algae_Other,Streptophyta,Magnoliopsida,Commelinales,Pontederiaceae,Pontederia
4497,GCA_051175495.1,Plants_Algae_Other,Streptophyta,Magnoliopsida,Poales,Poaceae,Avena
4498,GCA_951802345.1,Plants_Algae_Other,Streptophyta,Magnoliopsida,Poales,Poaceae,Avena
4499,GCA_051171255.1,Plants_Algae_Other,Streptophyta,Magnoliopsida,Poales,Poaceae,Avena
4500,GCA_023614385.1,Plants_Algae_Other,Streptophyta,Magnoliopsida,Poales,Poaceae,Avena
4513,GCA_017309745.1,Plants_Algae_Other,Streptophyta,Magnoliopsida,Poales,Poaceae,Hordeum
4513,GCA_965212065.1,Plants_Algae_Other,Streptophyta,Magnoliopsida,Poales,Poaceae,Hordeum
4516,GCA_963555535.1,Plants_Algae_Other,Streptophyta,Magnoliopsida,Poales,Poaceae,Hordeum
4519,GCA_022496015.1,Plants_Algae_Other,Streptophyta,Magnoliopsida,Poales,Poaceae,Hordeum
4521,GCA_030979885.1,Plants_Algae_Other,Streptophyta,Magnoliopsida,Poales,Poaceae,Lolium
4522,GCA_019359855.2,Plants_Algae_Other,Streptophyta,Magnoliopsida,Poales,Poaceae,Lolium
4522,GCF_019359855.2,Plants_Algae_Other,Streptophyta,Magnoliopsida,Poales,Poaceae,Lolium
452460,GCA_965642065.1,Plants_Algae_Other,Streptophyta,Magnoliopsida,Caryophyllales,Polygonaceae,Persicaria
452568,GCA_039654915.1,Plants_Algae_Other,Streptophyta,Magnoliopsida,Malvales,Thymelaeaceae,Aquilaria
452569,GCA_017140615.1,Plants_Algae_Other,Streptophyta,Magnoliopsida,Myrtales,Myrtaceae,Eucalyptus
452574,GCA_016097595.1,Plants_Algae_Other,Streptophyta,Magnoliopsida,Myrtales,Myrtaceae,Eucalyptus
4528,GCA_009805545.1,Plants_Algae_Other,Streptophyta,Magnoliopsida,Poales,Poaceae,Oryza
4529,GCA_023541355.1,Plants_Algae_Other,Streptophyta,Magnoliopsida,Poales,Poaceae,Oryza
4530,GCA_003865215.1,Plants_Algae_Other,Streptophyta,Magnoliopsida,Poales,Poaceae,Oryza
4530,GCA_951799355.1,Plants_Algae_Other,Streptophyta,Magnoliopsida,Poales,Poaceae,Oryza
45318,GCA_038025085.1,Plants_Algae_Other,Streptophyta,Magnoliopsida,Caryophyllales,Aizoaceae,Tetragonia
4532,GCA_051403855.1,Plants_Algae_Other,Streptophyta,Magnoliopsida,Poales,Poaceae,Oryza
45325,GCA_050925395.1,Plants_Algae_Other,Streptophyta,Magnoliopsida,Malvales,Malvaceae,Bombax
4533,GCA_000231095.3,Plants_Algae_Other,Streptophyta,Magnoliopsida,Poales,Poaceae,Oryza
4533,GCF_000231095.2,Plants_Algae_Other,Streptophyta,Magnoliopsida,Poales,Poaceae,Oryza
4536,GCA_000576065.2,Plants_Algae_Other,Streptophyta,Magnoliopsida,Poales,Poaceae,Oryza
4537,GCA_000573905.2,Plants_Algae_Other,Streptophyta,Magnoliopsida,Poales,Poaceae,Oryza
4538,GCA_000147395.3,Plants_Algae_Other,Streptophyta,Magnoliopsida,Poales,Poaceae,Oryza
4538,GCF_000147395.1,Plants_Algae_Other,Streptophyta,Magnoliopsida,Poales,Poaceae,Oryza
4540,GCA_026771285.1,Plants_Algae_Other,Streptophyta,Magnoliopsida,Poales,Poaceae,Panicum
4540,GCA_003046395.2,Plants_Algae_Other,Streptophyta,Magnoliopsida,Poales,Poaceae,Panicum
4543,GCA_963924085.1,Plants_Algae_Other,Streptophyta,Magnoliopsida,Poales,Poaceae,Cenchrus
4547,GCA_020631735.1,Plants_Algae_Other,Streptophyta,Magnoliopsida,Poales,Poaceae,Saccharum
455274,GCA_050083955.1,Plants_Algae_Other,Streptophyta,Bryopsida,Hypnales,Entodontaceae,Entodon
455371,GCA_004329165.1,Plants_Algae_Other,Streptophyta,Magnoliopsida,Fabales,Fabaceae,Spatholobus
455430,GCA_019671005.1,Plants_Algae_Other,Streptophyta,Magnoliopsida,Malvales,Malvaceae,Hibiscus
4555,GCF_000263155.2,Plants_Algae_Other,Streptophyta,Magnoliopsida,Poales,Poaceae,Setaria
4556,GCA_005286985.2,Plants_Algae_Other,Streptophyta,Magnoliopsida,Poales,Poaceae,Setaria
4556,GCF_005286985.2,Plants_Algae_Other,Streptophyta,Magnoliopsida,Poales,Poaceae,Setaria
4558,GCF_000003195.3,Plants_Algae_Other,Streptophyta,Magnoliopsida,Poales,Poaceae,Sorghum
4565,GCA_018294505.1,Plants_Algae_Other,Streptophyta,Magnoliopsida,Poales,Poaceae,Triticum
4565,GCF_018294505.1,Plants_Algae_Other,Streptophyta,Magnoliopsida,Poales,Poaceae,Triticum
4565,GCA_002220415.3,Plants_Algae_Other,Streptophyta,Magnoliopsida,Poales,Poaceae,Triticum
4567,GCA_052818315.1,Plants_Algae_Other,Streptophyta,Magnoliopsida,Poales,Poaceae,Triticum
4568,GCA_034509565.1,Plants_Algae_Other,Streptophyta,Magnoliopsida,Poales,Poaceae,Triticum
45691,GCA_013407115.1,Plants_Algae_Other,Streptophyta,Magnoliopsida,Fabales,Fabaceae,Glycine
4570,GCA_963921465.1,Plants_Algae_Other,Streptophyta,Magnoliopsida,Poales,Poaceae,Triticum
4571,GCA_051168695.1,Plants_Algae_Other,Streptophyta,Magnoliopsida,Poales,Poaceae,Triticum
4571,GCA_965278285.1,Plants_Algae_Other,Streptophyta,Magnoliopsida,Poales,Poaceae,Triticum
457147,GCA_965112285.1,Plants_Algae_Other,Streptophyta,Magnoliopsida,Lamiales,Lamiaceae,Melittis
457184,GCA_963922045.1,Plants_Algae_Other,Streptophyta,Magnoliopsida,Caryophyllales,Polygonaceae,Persicaria
4572,GCA_003073215.2,Plants_Algae_Other,Streptophyta,Magnoliopsida,Poales,Poaceae,Triticum
4572,GCF_003073215.2,Plants_Algae_Other,Streptophyta,Magnoliopsida,Poales,Poaceae,Triticum
4573,GCA_021437245.1,Plants_Algae_Other,Streptophyta,Magnoliopsida,Poales,Poaceae,Aegilops
4577,GCA_000005005.6,Plants_Algae_Other,Streptophyta,Magnoliopsida,Poales,Poaceae,Zea
4577,GCF_902167145.1,Plants_Algae_Other,Streptophyta,Magnoliopsida,Poales,Poaceae,Zea
457762,GCA_977000305.1,Plants_Algae_Other,Streptophyta,Magnoliopsida,Brassicales,Brassicaceae,Alyssoides
457762,GCA_977000315.1,Plants_Algae_Other,Streptophyta,Magnoliopsida,Brassicales,Brassicaceae,Alyssoides
45834,GCF_947179165.1,Plants_Algae_Other,Streptophyta,Magnoliopsida,Solanales,Solanaceae,Solanum
45834,GCA_947179165.2,Plants_Algae_Other,Streptophyta,Magnoliopsida,Solanales,Solanaceae,Solanum
45839,GCA_029948455.1,Plants_Algae_Other,Streptophyta,Magnoliopsida,Solanales,Solanaceae,Solanum
458696,GCF_013401445.1,Plants_Algae_Other,Streptophyta,Magnoliopsida,Celastrales,Celastraceae,Tripterygium
4588,GCA_011799875.1,Plants_Algae_Other,Streptophyta,Magnoliopsida,Poales,Poaceae,Thinopyrum
4593,GCA_051314055.1,Plants_Algae_Other,Streptophyta,Magnoliopsida,Poales,Poaceae,Agropyron
459856,GCA_019705895.1,Plants_Algae_Other,Streptophyta,Magnoliopsida,Brassicales,Brassicaceae,Raphanus
46032,GCA_964211895.1,Plants_Algae_Other,Streptophyta,Magnoliopsida,Lamiales,Plantaginaceae,Veronica
46056,GCA_965636935.1,Plants_Algae_Other,Streptophyta,Magnoliopsida,Lamiales,Orobanchaceae,Bellardia
460640,GCA_974392495.1,Plants_Algae_Other,Streptophyta,Jungermanniopsida,Porellales,Porellaceae,Porella
46147,GCA_029582165.1,Plants_Algae_Other,Streptophyta,Magnoliopsida,Caryophyllales,Portulacaceae,Portulaca
4615,GCA_001540865.1,Plants_Algae_Other,Streptophyta,Magnoliopsida,Poales,Bromeliaceae,Ananas
4615,GCF_001540865.1,Plants_Algae_Other,Streptophyta,Magnoliopsida,Poales,Bromeliaceae,Ananas
461633,GCA_039657345.1,Plants_Algae_Other,Streptophyta,Magnoliopsida,Ranunculales,Menispermaceae,Stephania
462292,GCA_031232105.1,Plants_Algae_Other,Streptophyta,Magnoliopsida,Solanales,Solanaceae,Capsicum
4628,GCA_034359265.1,Plants_Algae_Other,Streptophyta,Magnoliopsida,Zingiberales,Cannaceae,Canna
462830,GCA_025413025.1,Plants_Algae_Other,Streptophyta,Magnoliopsida,Rosales,Moraceae,Ficus
462882,GCA_965642405.1,Plants_Algae_Other,Streptophyta,Magnoliopsida,Malpighiales,Violaceae,Viola
463157,GCA_019705865.1,Plants_Algae_Other,Streptophyta,Magnoliopsida,Brassicales,Brassicaceae,Raphanus
46325,GCA_964058905.1,Plants_Algae_Other,Streptophyta,Magnoliopsida,Poales,Cyperaceae,Eleocharis
464970,GCA_036346275.1,Plants_Algae_Other,Streptophyta,Magnoliopsida,Poales,Poaceae,Otatea
464972,GCA_036346355.1,Plants_Algae_Other,Streptophyta,Magnoliopsida,Poales,Poaceae,Rhipidocladum
46519,GCA_900067625.1,Plants_Algae_Other,NA,NA,NA,NA,NA
46550,GCA_035582875.1,Plants_Algae_Other,NA,NA,NA,NA,NA
466611,GCA_041283435.1,Plants_Algae_Other,Streptophyta,Magnoliopsida,Asterales,Asteraceae,Lactuca
467613,GCA_965260945.1,Plants_Algae_Other,Streptophyta,Magnoliopsida,Malpighiales,Salicaceae,Salix
467613,GCA_965260975.1,Plants_Algae_Other,Streptophyta,Magnoliopsida,Malpighiales,Salicaceae,Salix
4679,GCA_030765085.1,Plants_Algae_Other,Streptophyta,Magnoliopsida,Asparagales,Amaryllidaceae,Allium
4682,GCA_030737875.1,Plants_Algae_Other,Streptophyta,Magnoliopsida,Asparagales,Amaryllidaceae,Allium
4686,GCF_001876935.1,Plants_Algae_Other,Streptophyta,Magnoliopsida,Asparagales,Asparagaceae,Asparagus
470278,GCA_965260955.1,Plants_Algae_Other,Streptophyta,Magnoliopsida,Malpighiales,Salicaceae,Salix
470517,GCA_047225535.1,Plants_Algae_Other,Streptophyta,Magnoliopsida,Rosales,Rosaceae,Malus
47085,GCA_958299785.1,Plants_Algae_Other,Streptophyta,Magnoliopsida,Fabales,Fabaceae,Medicago
472282,GCA_037179465.1,Plants_Algae_Other,NA,NA,NA,NA,NA
473050,GCA_958296335.1,Plants_Algae_Other,Streptophyta,Magnoliopsida,Rosales,Urticaceae,Urtica
4733,GCF_019914945.1,Plants_Algae_Other,Streptophyta,Magnoliopsida,Poales,Typhaceae,Typha
473322,GCA_963921795.1,Plants_Algae_Other,NA,NA,NA,NA,NA
473322,GCA_963921835.1,Plants_Algae_Other,NA,NA,NA,NA,NA
473348,GCA_040955285.2,Plants_Algae_Other,NA,NA,NA,NA,NA
473348,GCA_040955235.2,Plants_Algae_Other,NA,NA,NA,NA,NA
473354,GCA_949987555.1,Plants_Algae_Other,NA,NA,NA,NA,NA
473354,GCA_900323325.1,Plants_Algae_Other,NA,NA,NA,NA,NA
473354,GCA_949987545.1,Plants_Algae_Other,NA,NA,NA,NA,NA
475003,GCA_954870475.1,Plants_Algae_Other,Streptophyta,Magnoliopsida,Lamiales,Orobanchaceae,Euphrasia
475394,GCA_965276645.1,Plants_Algae_Other,Streptophyta,Magnoliopsida,Lamiales,Orobanchaceae,Euphrasia
475396,GCA_049638885.1,Plants_Algae_Other,Streptophyta,Magnoliopsida,Lamiales,Lamiaceae,Elsholtzia
47600,GCA_025698475.1,Plants_Algae_Other,Streptophyta,Magnoliopsida,Malvales,Malvaceae,Gossypium
47602,GCA_020496765.1,Plants_Algae_Other,Streptophyta,Magnoliopsida,Malvales,Malvaceae,Gossypium
476039,GCA_965195315.1,Plants_Algae_Other,Streptophyta,Magnoliopsida,Ranunculales,Ranunculaceae,Thalictrum
47615,GCA_005610355.1,Plants_Algae_Other,Streptophyta,Magnoliopsida,Malvales,Malvaceae,Gossypioides
47617,GCA_002814295.2,Plants_Algae_Other,Streptophyta,Magnoliopsida,Malvales,Malvaceae,Kokia
47620,GCA_039519135.1,Plants_Algae_Other,Streptophyta,Magnoliopsida,Malvales,Malvaceae,Kokia
47621,GCA_005393395.2,Plants_Algae_Other,Streptophyta,Magnoliopsida,Malvales,Malvaceae,Gossypium
47622,GCA_025503065.1,Plants_Algae_Other,Streptophyta,Magnoliopsida,Malvales,Malvaceae,Gossypium
47633,GCA_025506655.1,Plants_Algae_Other,Streptophyta,Magnoliopsida,Malvales,Malvaceae,Gossypium
47664,GCA_051312755.1,Plants_Algae_Other,Streptophyta,Magnoliopsida,Malpighiales,Salicaceae,Populus
478074,GCA_976985105.1,Plants_Algae_Other,Streptophyta,Bryopsida,Orthotrichales,Orthotrichaceae,Lewinskya
478098,GCA_965364665.1,Plants_Algae_Other,Streptophyta,Magnoliopsida,Malpighiales,Euphorbiaceae,Manihot
478306,GCA_977018505.1,Plants_Algae_Other,Streptophyta,Magnoliopsida,Rosales,Rosaceae,Alchemilla
479407,GCA_049115065.1,Plants_Algae_Other,Streptophyta,Magnoliopsida,Ericales,Theaceae,Camellia
47965,GCA_053477355.1,Plants_Algae_Other,Streptophyta,Magnoliopsida,Sapindales,Sapindaceae,Acer
47965,GCA_053477345.1,Plants_Algae_Other,Streptophyta,Magnoliopsida,Sapindales,Sapindaceae,Acer
479676,GCA_018127125.1,Plants_Algae_Other,Streptophyta,Magnoliopsida,Ericales,Ericaceae,Rhododendron
48026,GCA_977061605.1,Plants_Algae_Other,Streptophyta,Magnoliopsida,Apiales,Apiaceae,Ammi
48026,GCA_977061595.1,Plants_Algae_Other,Streptophyta,Magnoliopsida,Apiales,Apiaceae,Ammi
48042,GCA_976925295.1,Plants_Algae_Other,Streptophyta,Magnoliopsida,Apiales,Apiaceae,Levisticum
480560,GCA_973851085.1,Plants_Algae_Other,Streptophyta,Bryopsida,Grimmiales,Ptychomitriaceae,Ptychomitrium
48106,GCA_043789865.1,Plants_Algae_Other,Streptophyta,Magnoliopsida,Apiales,Apiaceae,Centella
481118,GCA_966184185.1,Plants_Algae_Other,Streptophyta,Magnoliopsida,Asparagales,Iridaceae,Crocus
482298,GCA_021527575.1,Plants_Algae_Other,Streptophyta,Magnoliopsida,Zingiberales,Musaceae,Ensete
48234,GCA_046201785.1,Plants_Algae_Other,Streptophyta,Magnoliopsida,Rosales,Elaeagnaceae,Hippophae
482967,GCA_044231435.1,Plants_Algae_Other,Streptophyta,Magnoliopsida,Saxifragales,Saxifragaceae,Bergenia
483143,GCA_037074585.1,Plants_Algae_Other,Streptophyta,Magnoliopsida,Fabales,Fabaceae,Biancaea
483875,GCA_020916435.1,Plants_Algae_Other,Streptophyta,Magnoliopsida,Fabales,Fabaceae,Oxytropis
484906,GCF_000165395.2,Plants_Algae_Other,Apicomplexa,Aconoidasida,Piroplasmida,Babesiidae,Babesia
486065,GCA_963242795.1,Plants_Algae_Other,Streptophyta,Magnoliopsida,Fabales,Fabaceae,Inga
486073,GCA_963210345.1,Plants_Algae_Other,Streptophyta,Magnoliopsida,Fabales,Fabaceae,Inga
487651,GCA_053574235.1,Plants_Algae_Other,Streptophyta,Magnoliopsida,Malpighiales,Phyllanthaceae,Bischofia
487677,GCA_900302325.1,Plants_Algae_Other,NA,NA,NA,NA,NA
487684,GCA_963855925.1,Plants_Algae_Other,Streptophyta,Magnoliopsida,Fabales,Fabaceae,Inga
48773,GCA_025594145.2,Plants_Algae_Other,Streptophyta,Magnoliopsida,Lamiales,Gesneriaceae,Primulina
48773,GCF_025594145.1,Plants_Algae_Other,Streptophyta,Magnoliopsida,Lamiales,Gesneriaceae,Primulina
487788,GCA_965636925.1,Plants_Algae_Other,Streptophyta,Magnoliopsida,Geraniales,Geraniaceae,Geranium
488216,GCA_048128825.1,Plants_Algae_Other,Streptophyta,Magnoliopsida,Caryophyllales,Polygonaceae,Reynoutria
48924,GCA_054131505.1,Plants_Algae_Other,Streptophyta,Magnoliopsida,Fabales,Fabaceae,Glycine
490842,GCA_051941065.1,Plants_Algae_Other,Streptophyta,Magnoliopsida,Lamiales,Oleaceae,Fraxinus
49168,GCA_028023535.1,Plants_Algae_Other,Streptophyta,Magnoliopsida,Ericales,Ericaceae,Rhododendron
49168,GCA_025413875.1,Plants_Algae_Other,Streptophyta,Magnoliopsida,Ericales,Ericaceae,Rhododendron
49169,GCA_047302065.1,Plants_Algae_Other,Streptophyta,Magnoliopsida,Ericales,Ericaceae,Rhododendron
491892,GCA_964270695.1,Plants_Algae_Other,Streptophyta,Magnoliopsida,Zingiberales,Musaceae,Musa
49212,GCA_023119035.1,Plants_Algae_Other,Streptophyta,Magnoliopsida,Lamiales,Lamiaceae,Salvia
49212,GCA_029641045.1,Plants_Algae_Other,Streptophyta,Magnoliopsida,Lamiales,Lamiaceae,Salvia
49212,GCF_023119035.1,Plants_Algae_Other,Streptophyta,Magnoliopsida,Lamiales,Lamiaceae,Salvia
492479,GCA_026413675.1,Plants_Algae_Other,Streptophyta,Magnoliopsida,Malpighiales,Salicaceae,Populus
49314,GCA_030490835.1,Plants_Algae_Other,Streptophyta,Magnoliopsida,Magnoliales,Annonaceae,Annona
49369,GCF_003713205.1,Plants_Algae_Other,Streptophyta,Magnoliopsida,Gentianales,Rubiaceae,Coffea
49390,GCA_036785865.1,Plants_Algae_Other,Streptophyta,Magnoliopsida,Gentianales,Rubiaceae,Coffea
49495,GCA_020310875.1,Plants_Algae_Other,Streptophyta,Polypodiopsida,Polypodiales,Pteridaceae,Ceratopteris
49556,GCA_048932635.1,Plants_Algae_Other,Streptophyta,Magnoliopsida,Apiales,Apiaceae,Oenanthe
49576,GCA_965197095.2,Plants_Algae_Other,Streptophyta,Magnoliopsida,Apiales,Apiaceae,Torilis
49576,GCA_965197025.2,Plants_Algae_Other,Streptophyta,Magnoliopsida,Apiales,Apiaceae,Torilis
49614,GCA_965615785.1,Plants_Algae_Other,Streptophyta,Magnoliopsida,Asterales,Menyanthaceae,Nymphoides
49628,GCA_965615915.1,Plants_Algae_Other,Streptophyta,Magnoliopsida,Ericales,Ericaceae,Rhododendron
49681,GCA_052233315.1,Plants_Algae_Other,Streptophyta,Magnoliopsida,Ranunculales,Menispermaceae,Menispermum
49827,GCA_054507355.1,Plants_Algae_Other,Streptophyta,Magnoliopsida,Fabales,Fabaceae,Glycyrrhiza
49828,GCA_964248395.1,Plants_Algae_Other,Streptophyta,Magnoliopsida,Fabales,Fabaceae,Laburnum
49857,GCA_050575065.1,Plants_Algae_Other,Streptophyta,Magnoliopsida,Magnoliales,Annonaceae,Annona
49984,GCA_958295605.1,Plants_Algae_Other,Streptophyta,Magnoliopsida,Lamiales,Lamiaceae,Ajuga
499992,GCA_029884595.2,Plants_Algae_Other,Streptophyta,Magnoliopsida,Fabales,Fabaceae,Ormosia
500435,GCA_050494575.1,Plants_Algae_Other,Streptophyta,Magnoliopsida,Brassicales,Brassicaceae,Boechera
500837,GCA_964656325.1,Plants_Algae_Other,Streptophyta,Magnoliopsida,Brassicales,Brassicaceae,Matthiola
502401,GCA_964339005.2,Plants_Algae_Other,Streptophyta,Magnoliopsida,Poales,Cyperaceae,Carex
502524,GCA_965234175.1,Plants_Algae_Other,Streptophyta,Magnoliopsida,Malpighiales,Violaceae,Viola
50273,GCA_035578085.1,Plants_Algae_Other,Streptophyta,Magnoliopsida,Solanales,Solanaceae,Solanum
50452,GCA_900128785.1,Plants_Algae_Other,Streptophyta,Magnoliopsida,Brassicales,Brassicaceae,Arabis
50459,GCA_963667165.1,Plants_Algae_Other,Streptophyta,Magnoliopsida,Brassicales,Brassicaceae,Barbarea
50462,GCA_963555745.1,Plants_Algae_Other,Streptophyta,Magnoliopsida,Brassicales,Brassicaceae,Cardamine
50463,GCA_964212585.1,Plants_Algae_Other,Streptophyta,Magnoliopsida,Brassicales,Brassicaceae,Cardamine
50543,GCA_036507285.1,Plants_Algae_Other,Streptophyta,Magnoliopsida,Cucurbitales,Cucurbitaceae,Trichosanthes
50745,GCA_965644345.1,Plants_Algae_Other,Streptophyta,Andreaeopsida,Andreaeales,Andreaeaceae,Andreaea
50765,GCA_026214975.1,Plants_Algae_Other,Streptophyta,Magnoliopsida,Gentianales,Gentianaceae,Gentiana
508771,GCF_000006565.2,Plants_Algae_Other,Apicomplexa,Conoidasida,Eucoccidiorida,Sarcocystidae,Toxoplasma
510735,GCA_051903425.1,Plants_Algae_Other,Streptophyta,Magnoliopsida,Rosales,Rosaceae,Crataegus
51239,GCA_023846275.1,Plants_Algae_Other,Streptophyta,Magnoliopsida,Asparagales,Orchidaceae,Vanilla
51240,GCA_002916465.2,Plants_Algae_Other,Streptophyta,Magnoliopsida,Fagales,Juglandaceae,Juglans
51240,GCF_001411555.2,Plants_Algae_Other,Streptophyta,Magnoliopsida,Fagales,Juglandaceae,Juglans
512563,GCA_022985045.1,Plants_Algae_Other,Streptophyta,Magnoliopsida,Proteales,Proteaceae,Macadamia
512623,GCA_050947265.1,Plants_Algae_Other,Streptophyta,Magnoliopsida,Poales,Cyperaceae,Cyperus
512629,GCA_963924305.1,Plants_Algae_Other,Streptophyta,Magnoliopsida,Caryophyllales,Polygonaceae,Polygonum
51350,GCA_052186285.1,Plants_Algae_Other,Streptophyta,Magnoliopsida,Brassicales,Brassicaceae,Brassica
51351,GCA_008629595.1,Plants_Algae_Other,Streptophyta,Magnoliopsida,Brassicales,Brassicaceae,Brassica
51501,GCA_030015575.1,Plants_Algae_Other,Streptophyta,Magnoliopsida,Asparagales,Amaryllidaceae,Agapanthus
51605,GCA_902729315.2,Plants_Algae_Other,Streptophyta,Magnoliopsida,Alismatales,Araceae,Spirodela
519315,GCA_030954485.1,Plants_Algae_Other,Streptophyta,Magnoliopsida,Cucurbitales,Cucurbitaceae,Citrullus
51953,GCA_000442705.2,Plants_Algae_Other,Streptophyta,Magnoliopsida,Arecales,Arecaceae,Elaeis
51953,GCF_000442705.2,Plants_Algae_Other,Streptophyta,Magnoliopsida,Arecales,Arecaceae,Elaeis
520843,GCA_043165305.1,Plants_Algae_Other,Streptophyta,Magnoliopsida,Fabales,Fabaceae,Flemingia
520846,GCA_977000265.1,Plants_Algae_Other,Streptophyta,Bryopsida,Orthotrichales,Orthotrichaceae,Orthotrichum
522324,GCA_965153465.1,Plants_Algae_Other,Streptophyta,Bryopsida,Orthotrichales,Orthotrichaceae,Orthotrichum
522324,GCA_977066345.2,Plants_Algae_Other,Streptophyta,Bryopsida,Orthotrichales,Orthotrichaceae,Orthotrichum
52237,GCA_036324595.1,Plants_Algae_Other,NA,NA,NA,NA,NA
52237,GCA_025505535.1,Plants_Algae_Other,NA,NA,NA,NA,NA
52239,GCF_902827115.2,Plants_Algae_Other,NA,NA,NA,NA,NA
52239,GCA_902827115.2,Plants_Algae_Other,NA,NA,NA,NA,NA
52239,GCA_902827155.1,Plants_Algae_Other,NA,NA,NA,NA,NA
52518,GCA_036186865.1,Plants_Algae_Other,Streptophyta,Magnoliopsida,Gentianales,Gentianaceae,Eustoma
52545,GCA_047899615.1,Plants_Algae_Other,Streptophyta,Magnoliopsida,Poales,Poaceae,Oryza
525641,GCA_037465115.1,Plants_Algae_Other,Streptophyta,Magnoliopsida,Asterales,Asteraceae,Artemisia
52706,GCA_900464855.2,Plants_Algae_Other,Streptophyta,Magnoliopsida,Zingiberales,Musaceae,Musa
528022,GCA_029816415.1,Plants_Algae_Other,Streptophyta,Magnoliopsida,Myrtales,Melastomataceae,Melastoma
52823,GCA_046718775.1,Plants_Algae_Other,Streptophyta,Magnoliopsida,Gentianales,Apocynaceae,Asclepias
52824,GCA_051989265.1,Plants_Algae_Other,Streptophyta,Magnoliopsida,Brassicales,Brassicaceae,Brassica
52830,GCA_039707655.1,Plants_Algae_Other,Streptophyta,Magnoliopsida,Poales,Poaceae,Elymus
52838,GCA_004837865.1,Plants_Algae_Other,Streptophyta,Magnoliopsida,Zingiberales,Musaceae,Musa
529431,GCA_964656925.2,Plants_Algae_Other,Streptophyta,Magnoliopsida,Poales,Cyperaceae,Cyperus
529605,GCA_949775105.1,Plants_Algae_Other,Streptophyta,Magnoliopsida,Gentianales,Rubiaceae,Oldenlandia
52983,GCA_976483725.1,Plants_Algae_Other,Streptophyta,Bryopsida,Dicranales,Fissidentaceae,Fissidens
52988,GCA_050084075.1,Plants_Algae_Other,Streptophyta,Bryopsida,Hedwigiales,Hedwigiaceae,Hedwigia
53005,GCA_965636905.1,Plants_Algae_Other,Streptophyta,Bryopsida,Hypnales,Brachytheciaceae,Brachythecium
53011,GCA_965113285.1,Plants_Algae_Other,Streptophyta,Bryopsida,Hypnales,Hypnaceae,Hypnum
53035,GCA_050084435.1,Plants_Algae_Other,Streptophyta,Marchantiopsida,Marchantiales,Ricciaceae,Ricciocarpos
53036,GCA_021442195.1,Plants_Algae_Other,Streptophyta,Sphagnopsida,Sphagnales,Sphagnaceae,Sphagnum
53160,GCA_964059565.1,Plants_Algae_Other,Streptophyta,Magnoliopsida,Lamiales,Lamiaceae,Lamium
53164,GCA_964659665.2,Plants_Algae_Other,Streptophyta,Magnoliopsida,Lamiales,Lamiaceae,Lamium
53169,GCA_946896805.1,Plants_Algae_Other,Streptophyta,Magnoliopsida,Lamiales,Lamiaceae,Scutellaria
53178,GCA_965213385.2,Plants_Algae_Other,Streptophyta,Magnoliopsida,Lamiales,Lamiaceae,Teucrium
532139,GCA_029379335.1,Plants_Algae_Other,Streptophyta,Magnoliopsida,Lamiales,Lamiaceae,Thymus
535272,GCA_044588375.1,Plants_Algae_Other,Streptophyta,Magnoliopsida,Vitales,Vitaceae,Vitis
536237,GCF_964194025.1,Plants_Algae_Other,Xenacoelomorpha,,Acoela,Sagittiferidae,Convolutriloba
536237,GCA_964194025.3,Plants_Algae_Other,Xenacoelomorpha,,Acoela,Sagittiferidae,Convolutriloba
538483,GCA_965177975.2,Plants_Algae_Other,Streptophyta,Magnoliopsida,Asterales,Asteraceae,Carlina
53908,GCA_029884605.2,Plants_Algae_Other,Streptophyta,Magnoliopsida,Fabales,Fabaceae,Ormosia
54017,GCA_013400895.1,Plants_Algae_Other,NA,NA,NA,NA,NA
54026,GCA_045784095.1,Plants_Algae_Other,NA,NA,NA,NA,NA
54059,GCA_013396915.1,Plants_Algae_Other,NA,NA,NA,NA,NA
542719,GCA_039905865.1,Plants_Algae_Other,Streptophyta,Magnoliopsida,Ericales,Theaceae,Camellia
542762,GCA_017311205.1,Plants_Algae_Other,Streptophyta,Magnoliopsida,Ericales,Theaceae,Camellia
544475,GCA_965641355.1,Plants_Algae_Other,Streptophyta,Magnoliopsida,Fabales,Polygalaceae,Polygala
544730,GCA_011114355.1,Plants_Algae_Other,Streptophyta,Magnoliopsida,Poales,Cyperaceae,Carex
544964,GCA_047141885.1,Plants_Algae_Other,Streptophyta,Magnoliopsida,Rosales,Rosaceae,Malus
545644,GCA_048569145.1,Plants_Algae_Other,Streptophyta,Magnoliopsida,Laurales,Lauraceae,Lindera
547442,GCA_036689595.1,Plants_Algae_Other,Streptophyta,Magnoliopsida,Poales,Poaceae,Paspalum
54757,GCA_900617805.1,Plants_Algae_Other,Apicomplexa,Aconoidasida,Haemosporida,Plasmodiidae,Plasmodium
54806,GCA_035235625.1,Plants_Algae_Other,Streptophyta,Magnoliopsida,Piperales,Saururaceae,Saururus
54955,GCF_018873765.1,Plants_Algae_Other,Streptophyta,Magnoliopsida,Proteales,Proteaceae,Telopea
549619,GCA_035236585.1,Plants_Algae_Other,Streptophyta,Magnoliopsida,Canellales,Canellaceae,Warburgia
54971,GCA_013399435.1,Plants_Algae_Other,NA,NA,NA,NA,NA
549776,GCA_053574645.1,Plants_Algae_Other,Streptophyta,Magnoliopsida,Caryophyllales,Chenopodiaceae,Salicornia
55184,GCA_030737835.1,Plants_Algae_Other,Streptophyta,Magnoliopsida,Acorales,Acoraceae,Acorus
553044,GCA_024500145.1,Plants_Algae_Other,Streptophyta,Magnoliopsida,Gentianales,Gentianaceae,Gentiana
55311,GCA_965152715.1,Plants_Algae_Other,Streptophyta,Magnoliopsida,Alismatales,Aponogetonaceae,Aponogeton
55311,GCA_965152745.1,Plants_Algae_Other,Streptophyta,Magnoliopsida,Alismatales,Aponogetonaceae,Aponogeton
55318,GCA_965783375.1,Plants_Algae_Other,Streptophyta,Magnoliopsida,Alismatales,Potamogetonaceae,Potamogeton
55320,GCA_977036025.1,Plants_Algae_Other,Streptophyta,Magnoliopsida,Alismatales,Potamogetonaceae,Potamogeton
55363,GCA_014633355.1,Plants_Algae_Other,Streptophyta,Magnoliopsida,Ericales,Ebenaceae,Diospyros
55363,GCF_014633365.1,Plants_Algae_Other,Streptophyta,Magnoliopsida,Ericales,Ebenaceae,Diospyros
55444,GCA_976940525.1,Plants_Algae_Other,Streptophyta,Magnoliopsida,Alismatales,Potamogetonaceae,Stuckenia
55448,GCA_036874045.1,Plants_Algae_Other,Streptophyta,Magnoliopsida,Alismatales,Cymodoceaceae,Cymodocea
55448,GCA_964274905.3,Plants_Algae_Other,Streptophyta,Magnoliopsida,Alismatales,Cymodoceaceae,Cymodocea
55501,GCA_963682175.1,Plants_Algae_Other,Streptophyta,Magnoliopsida,Alismatales,Juncaginaceae,Triglochin
55513,GCA_026535395.1,Plants_Algae_Other,Streptophyta,Magnoliopsida,Sapindales,Anacardiaceae,Pistacia
55571,GCA_051820375.1,Plants_Algae_Other,Streptophyta,Magnoliopsida,Dioscoreales,Dioscoreaceae,Dioscorea
55577,GCF_009730915.1,Plants_Algae_Other,Streptophyta,Magnoliopsida,Dioscoreales,Dioscoreaceae,Dioscorea
55777,GCA_950022295.1,Plants_Algae_Other,Streptophyta,Magnoliopsida,Poales,Poaceae,Bromus
557876,GCA_018901935.1,Plants_Algae_Other,Streptophyta,Magnoliopsida,Brassicales,Brassicaceae,Pugionium
558755,GCA_945261195.1,Plants_Algae_Other,Bryozoa,Gymnolaemata,Cheilostomatida,Cryptosulidae,Cryptosula
56029,GCA_051941135.1,Plants_Algae_Other,Streptophyta,Magnoliopsida,Lamiales,Oleaceae,Fraxinus
56033,GCA_051940985.1,Plants_Algae_Other,Streptophyta,Magnoliopsida,Lamiales,Oleaceae,Fraxinus
56036,GCA_051941005.1,Plants_Algae_Other,Streptophyta,Magnoliopsida,Lamiales,Oleaceae,Fraxinus
56038,GCA_051941125.1,Plants_Algae_Other,Streptophyta,Magnoliopsida,Lamiales,Oleaceae,Fraxinus
561372,GCA_008638375.1,Plants_Algae_Other,Streptophyta,Magnoliopsida,Cornales,Nyssaceae,Nyssa
561484,GCA_013621005.1,Plants_Algae_Other,Streptophyta,Magnoliopsida,Fabales,Fabaceae,Aeschynomene
56531,GCA_965233545.1,Plants_Algae_Other,Streptophyta,Magnoliopsida,Asterales,Asteraceae,Inula
56531,GCA_965233555.1,Plants_Algae_Other,Streptophyta,Magnoliopsida,Asterales,Asteraceae,Inula
56535,GCA_947179395.2,Plants_Algae_Other,Streptophyta,Magnoliopsida,Asterales,Asteraceae,Pulicaria
568243,GCA_964467675.2,Plants_Algae_Other,Streptophyta,Bryopsida,Hypnales,Brachytheciaceae,Rhynchostegium
56853,GCA_977020455.1,Plants_Algae_Other,Streptophyta,Magnoliopsida,Ranunculales,Papaveraceae,Glaucium
56931,GCA_948567375.1,Plants_Algae_Other,Streptophyta,Marchantiopsida,Lunulariales,Lunulariaceae,Lunularia
569448,GCA_047495815.1,Plants_Algae_Other,NA,NA,NA,NA,NA
569448,GCA_001749815.1,Plants_Algae_Other,NA,NA,NA,NA,NA
569774,GCA_051820535.1,Plants_Algae_Other,Streptophyta,Magnoliopsida,Asparagales,Orchidaceae,Anoectochilus
571378,GCA_046269325.1,Plants_Algae_Other,Streptophyta,Magnoliopsida,Oxalidales,Elaeocarpaceae,Elaeocarpus
572115,GCA_051938665.1,Plants_Algae_Other,Streptophyta,Magnoliopsida,Lamiales,Lamiaceae,Phlomoides
572115,GCA_051938595.1,Plants_Algae_Other,Streptophyta,Magnoliopsida,Lamiales,Lamiaceae,Phlomoides
572307,GCF_000208865.1,Plants_Algae_Other,Apicomplexa,Conoidasida,Eucoccidiorida,Sarcocystidae,Neospora
57240,GCA_010080425.1,Plants_Algae_Other,NA,NA,NA,NA,NA
57293,GCA_964276515.1,Plants_Algae_Other,Nematomorpha,Gordioida,Gordea,Gordiidae,Gordius
573575,GCA_977013525.1,Plants_Algae_Other,Streptophyta,Bryopsida,Bryales,Mniaceae,Pohlia
57577,GCA_020283565.1,Plants_Algae_Other,Streptophyta,Magnoliopsida,Fabales,Fabaceae,Trifolium
57577,GCF_020283565.1,Plants_Algae_Other,Streptophyta,Magnoliopsida,Fabales,Fabaceae,Trifolium
576385,GCA_975525915.1,Plants_Algae_Other,Streptophyta,Bryopsida,Bryales,Mniaceae,Pohlia
57917,GCA_964200655.1,Plants_Algae_Other,Streptophyta,Magnoliopsida,Rosales,Rosaceae,Filipendula
57918,GCA_964146915.1,Plants_Algae_Other,Streptophyta,Magnoliopsida,Rosales,Rosaceae,Fragaria
57918,GCA_964165485.1,Plants_Algae_Other,Streptophyta,Magnoliopsida,Rosales,Rosaceae,Fragaria
57919,GCA_946800695.1,Plants_Algae_Other,Streptophyta,Magnoliopsida,Rosales,Rosaceae,Geum
57926,GCF_933775445.1,Plants_Algae_Other,Streptophyta,Magnoliopsida,Rosales,Rosaceae,Argentina
57926,GCA_933775445.1,Plants_Algae_Other,Streptophyta,Magnoliopsida,Rosales,Rosaceae,Argentina
57932,GCA_951800085.1,Plants_Algae_Other,Streptophyta,Magnoliopsida,Rosales,Rosaceae,Comarum
57948,GCA_963921425.1,Plants_Algae_Other,Streptophyta,Magnoliopsida,Rosales,Rosaceae,Dryas
5801,GCA_031753475.3,Plants_Algae_Other,Apicomplexa,Conoidasida,Eucoccidiorida,Eimeriidae,Eimeria
5802,GCA_030644485.1,Plants_Algae_Other,Apicomplexa,Conoidasida,Eucoccidiorida,Eimeriidae,Eimeria
5802,GCA_905310635.1,Plants_Algae_Other,Apicomplexa,Conoidasida,Eucoccidiorida,Eimeriidae,Eimeria
580341,GCA_036321105.2,Plants_Algae_Other,Streptophyta,Magnoliopsida,Asparagales,Asparagaceae,Dracaena
5807,GCA_015245375.1,Plants_Algae_Other,Apicomplexa,Conoidasida,Eucoccidiorida,Cryptosporidiidae,Cryptosporidium
5811,GCA_033216535.1,Plants_Algae_Other,Apicomplexa,Conoidasida,Eucoccidiorida,Sarcocystidae,Toxoplasma
581245,GCA_046718605.1,Plants_Algae_Other,Streptophyta,Magnoliopsida,Caryophyllales,Chenopodiaceae,Chenopodium
581251,GCA_965199465.1,Plants_Algae_Other,Streptophyta,Magnoliopsida,Geraniales,Geraniaceae,Geranium
5821,GCA_900044335.1,Plants_Algae_Other,Apicomplexa,Aconoidasida,Haemosporida,Plasmodiidae,Plasmodium
5821,GCA_900095545.1,Plants_Algae_Other,Apicomplexa,Aconoidasida,Haemosporida,Plasmodiidae,Plasmodium
5823,GCF_900002375.2,Plants_Algae_Other,Apicomplexa,Aconoidasida,Haemosporida,Plasmodiidae,Plasmodium
5824,GCF_023973825.1,Plants_Algae_Other,Apicomplexa,Aconoidasida,Haemosporida,Plasmodiidae,Plasmodium
5826,GCA_900095565.1,Plants_Algae_Other,Apicomplexa,Aconoidasida,Haemosporida,Plasmodiidae,Plasmodium
5827,GCA_900180395.1,Plants_Algae_Other,Apicomplexa,Aconoidasida,Haemosporida,Plasmodiidae,Plasmodium
5833,GCA_019802515.2,Plants_Algae_Other,Apicomplexa,Aconoidasida,Haemosporida,Plasmodiidae,Plasmodium
5833,GCA_032712205.1,Plants_Algae_Other,Apicomplexa,Aconoidasida,Haemosporida,Plasmodiidae,Plasmodium
58334,GCA_964341355.1,Plants_Algae_Other,Streptophyta,Magnoliopsida,Fagales,Fagaceae,Quercus
58334,GCA_964341325.1,Plants_Algae_Other,Streptophyta,Magnoliopsida,Fagales,Fagaceae,Quercus
5850,GCA_023845515.1,Plants_Algae_Other,Apicomplexa,Aconoidasida,Haemosporida,Plasmodiidae,Plasmodium
5851,GCF_000006355.2,Plants_Algae_Other,Apicomplexa,Aconoidasida,Haemosporida,Plasmodiidae,Plasmodium
5851,GCA_000006355.3,Plants_Algae_Other,Apicomplexa,Aconoidasida,Haemosporida,Plasmodiidae,Plasmodium
5854,GCA_900097025.1,Plants_Algae_Other,Apicomplexa,Aconoidasida,Haemosporida,Plasmodiidae,Plasmodium
5855,GCA_000002415.2,Plants_Algae_Other,Apicomplexa,Aconoidasida,Haemosporida,Plasmodiidae,Plasmodium
5858,GCA_977926845.1,Plants_Algae_Other,Apicomplexa,Aconoidasida,Haemosporida,Plasmodiidae,Plasmodium
5858,GCF_900090045.1,Plants_Algae_Other,Apicomplexa,Aconoidasida,Haemosporida,Plasmodiidae,Plasmodium
585813,GCA_964204905.1,Plants_Algae_Other,Streptophyta,Magnoliopsida,Asparagales,Iridaceae,Iris
5861,GCA_900617845.1,Plants_Algae_Other,Apicomplexa,Aconoidasida,Haemosporida,Plasmodiidae,Plasmodium
586382,GCA_034768395.1,Plants_Algae_Other,Streptophyta,Magnoliopsida,Malpighiales,Linaceae,Linum
586398,GCA_964030455.1,Plants_Algae_Other,Streptophyta,Magnoliopsida,Malpighiales,Linaceae,Linum
5865,GCA_053569505.1,Plants_Algae_Other,Apicomplexa,Aconoidasida,Piroplasmida,Babesiidae,Babesia
586526,GCA_976985625.1,Plants_Algae_Other,Streptophyta,Magnoliopsida,Brassicales,Brassicaceae,Arabis
58660,GCA_965240265.1,Plants_Algae_Other,Streptophyta,Magnoliopsida,Asterales,Asteraceae,Leontodon
58660,GCA_965240285.1,Plants_Algae_Other,Streptophyta,Magnoliopsida,Asterales,Asteraceae,Leontodon
586722,GCA_040144305.1,Plants_Algae_Other,Streptophyta,Magnoliopsida,Lamiales,Paulowniaceae,Paulownia
5868,GCA_026802255.1,Plants_Algae_Other,Apicomplexa,Aconoidasida,Piroplasmida,Babesiidae,Babesia
5871,GCA_053477425.1,Plants_Algae_Other,Apicomplexa,Aconoidasida,Piroplasmida,Babesiidae,Babesia
587660,GCA_040181865.1,Plants_Algae_Other,Streptophyta,Magnoliopsida,Lamiales,Lamiaceae,Dracocephalum
587864,GCA_037074515.1,Plants_Algae_Other,Streptophyta,Magnoliopsida,Fabales,Fabaceae,Mimosa
58923,GCA_052818405.1,Plants_Algae_Other,Streptophyta,Magnoliopsida,Poales,Poaceae,Bambusa
58934,GCA_043380935.1,Plants_Algae_Other,Streptophyta,Magnoliopsida,Poales,Poaceae,Zizania
59018,GCA_946800325.1,Plants_Algae_Other,Streptophyta,Magnoliopsida,Poales,Juncaceae,Luzula
591218,GCA_048537245.1,Plants_Algae_Other,Streptophyta,Magnoliopsida,Poales,Poaceae,Indocalamus
59297,GCA_965663515.1,Plants_Algae_Other,Streptophyta,Magnoliopsida,Asterales,Asteraceae,Solidago
59425,GCA_963422505.1,Plants_Algae_Other,Streptophyta,Magnoliopsida,Asterales,Asteraceae,Pseudognaphalium
59490,GCA_040183295.1,Plants_Algae_Other,Streptophyta,Magnoliopsida,Rosales,Rosaceae,Rubus
59985,GCA_964205165.1,Plants_Algae_Other,Streptophyta,Magnoliopsida,Ericales,Primulaceae,Samolus
60118,GCA_026545225.1,Plants_Algae_Other,Streptophyta,Magnoliopsida,Cornales,Cornaceae,Cornus
60419,GCA_053895485.1,Plants_Algae_Other,Streptophyta,Magnoliopsida,Fagales,Fagaceae,Castanea
604297,GCA_036218565.1,Plants_Algae_Other,Streptophyta,Magnoliopsida,Rosales,Rosaceae,Malus
6063,GCF_963675165.1,Plants_Algae_Other,NA,NA,NA,NA,NA
6063,GCA_020423275.1,Plants_Algae_Other,NA,NA,NA,NA,NA
6063,GCA_963675165.1,Plants_Algae_Other,NA,NA,NA,NA,NA
6063,GCA_963675175.1,Plants_Algae_Other,NA,NA,NA,NA,NA
60698,GCA_013358625.1,Plants_Algae_Other,Streptophyta,Magnoliopsida,Proteales,Proteaceae,Macadamia
60698,GCF_013358625.1,Plants_Algae_Other,Streptophyta,Magnoliopsida,Proteales,Proteaceae,Macadamia
610235,GCA_052324645.1,Plants_Algae_Other,Streptophyta,Magnoliopsida,Laurales,Lauraceae,Phoebe
61143,GCA_021533255.1,Plants_Algae_Other,Streptophyta,Magnoliopsida,Malpighiales,Rhizophoraceae,Ceriops
61544,GCA_971788435.1,Plants_Algae_Other,Streptophyta,Bryopsida,Orthotrichales,Orthotrichaceae,Amphidium
61562,GCA_050084045.1,Plants_Algae_Other,Streptophyta,Bryopsida,Orthotrichales,Orthotrichaceae,Orthotrichum
61562,GCA_973894655.1,Plants_Algae_Other,Streptophyta,Bryopsida,Orthotrichales,Orthotrichaceae,Orthotrichum
61563,GCA_977013335.1,Plants_Algae_Other,Streptophyta,Bryopsida,Orthotrichales,Orthotrichaceae,Pulvigera
61572,GCA_975259135.1,Plants_Algae_Other,Streptophyta,Bryopsida,Splachnales,Splachnaceae,Splachnum
62330,GCA_002319775.1,Plants_Algae_Other,Streptophyta,Magnoliopsida,Caryophyllales,Polygonaceae,Fagopyrum
626748,GCA_964106755.1,Plants_Algae_Other,Streptophyta,Magnoliopsida,Malpighiales,Hypericaceae,Hypericum
62892,GCA_045791845.1,Plants_Algae_Other,Streptophyta,Magnoliopsida,Solanales,Solanaceae,Solanum
630110,GCA_964274315.1,Plants_Algae_Other,Streptophyta,Magnoliopsida,Poales,Juncaceae,Luzula
63058,GCA_041381145.1,Plants_Algae_Other,Streptophyta,Magnoliopsida,Rosales,Ulmaceae,Ulmus
630683,GCA_027704905.1,Plants_Algae_Other,NA,NA,NA,NA,NA
63359,GCA_039720395.1,Plants_Algae_Other,Streptophyta,Magnoliopsida,Saxifragales,Altingiaceae,Liquidambar
6347,GCA_903813345.2,Plants_Algae_Other,NA,NA,NA,NA,NA
63632,GCA_052724335.1,Plants_Algae_Other,Streptophyta,Magnoliopsida,Poales,Poaceae,Agrostis
638627,GCA_054135805.1,Plants_Algae_Other,Streptophyta,Magnoliopsida,Dipsacales,Caprifoliaceae,Lonicera
643570,GCA_965212355.2,Plants_Algae_Other,Streptophyta,Magnoliopsida,Ericales,Ericaceae,Erica
644184,GCA_963682095.1,Plants_Algae_Other,Streptophyta,Magnoliopsida,Rosales,Rosaceae,Potentilla
644227,GCA_974117225.1,Plants_Algae_Other,Streptophyta,Bryopsida,Pottiales,Pottiaceae,Bryoerythrophyllum
64624,GCA_965637445.2,Plants_Algae_Other,Streptophyta,Andreaeopsida,Andreaeales,Andreaeaceae,Andreaea
647221,GCA_900097045.1,Plants_Algae_Other,Apicomplexa,Aconoidasida,Haemosporida,Plasmodiidae,Plasmodium
648882,GCA_035771175.1,Plants_Algae_Other,Streptophyta,Magnoliopsida,Ranunculales,Menispermaceae,Paratinospora
649199,GCA_039519185.1,Plants_Algae_Other,Streptophyta,Magnoliopsida,Fabales,Fabaceae,Astragalus
64939,GCA_009720345.1,Plants_Algae_Other,Streptophyta,Magnoliopsida,Rosales,Rosaceae,Fragaria
64940,GCA_964188215.1,Plants_Algae_Other,Streptophyta,Magnoliopsida,Rosales,Rosaceae,Fragaria
64941,GCA_010134655.1,Plants_Algae_Other,Streptophyta,Magnoliopsida,Rosales,Rosaceae,Fragaria
65001,GCA_964300405.1,Plants_Algae_Other,Streptophyta,Magnoliopsida,Asterales,Asteraceae,Cheirolophus
651388,GCA_044591215.1,Plants_Algae_Other,Streptophyta,Magnoliopsida,Vitales,Vitaceae,Vitis
651555,GCA_031770325.1,Plants_Algae_Other,Streptophyta,Magnoliopsida,Poales,Cyperaceae,Bolboschoenus
65409,GCA_005771605.1,Plants_Algae_Other,Streptophyta,Magnoliopsida,Lamiales,Lamiaceae,Scutellaria
65489,GCA_051998315.1,Plants_Algae_Other,Streptophyta,Magnoliopsida,Poales,Poaceae,Oryza
6550,GCF_963676685.1,Plants_Algae_Other,NA,NA,NA,NA,NA
6550,GCA_019925275.2,Plants_Algae_Other,NA,NA,NA,NA,NA
6550,GCA_025215535.1,Plants_Algae_Other,NA,NA,NA,NA,NA
6550,GCA_025276775.1,Plants_Algae_Other,NA,NA,NA,NA,NA
6550,GCA_905397895.1,Plants_Algae_Other,NA,NA,NA,NA,NA
6550,GCA_963676595.2,Plants_Algae_Other,NA,NA,NA,NA,NA
6550,GCA_963676685.2,Plants_Algae_Other,NA,NA,NA,NA,NA
65557,GCA_050717195.1,Plants_Algae_Other,Streptophyta,Magnoliopsida,Malvales,Malvaceae,Alcea
65561,GCA_965644135.1,Plants_Algae_Other,Streptophyta,Magnoliopsida,Malpighiales,Hypericaceae,Hypericum
658910,GCA_048604585.1,Plants_Algae_Other,NA,NA,NA,NA,NA
65948,GCA_963854855.1,Plants_Algae_Other,Streptophyta,Magnoliopsida,Brassicales,Brassicaceae,Nasturtium
660624,GCA_018223645.1,Plants_Algae_Other,Streptophyta,Magnoliopsida,Lamiales,Oleaceae,Jasminum
66096,GCA_037074535.1,Plants_Algae_Other,Streptophyta,Magnoliopsida,Fabales,Fabaceae,Gleditsia
66205,GCA_954870605.1,Plants_Algae_Other,Streptophyta,Magnoliopsida,Sapindales,Sapindaceae,Acer
66385,GCA_025413485.1,Plants_Algae_Other,Streptophyta,Magnoliopsida,Rosales,Moraceae,Ficus
6645,GCA_003957725.1,Plants_Algae_Other,NA,NA,NA,NA,NA
6645,GCA_951406725.2,Plants_Algae_Other,NA,NA,NA,NA,NA
66656,GCA_047325155.1,Plants_Algae_Other,Streptophyta,Magnoliopsida,Malvales,Malvaceae,Durio
669661,GCA_965650935.1,Plants_Algae_Other,Streptophyta,Magnoliopsida,Brassicales,Brassicaceae,Cochlearia
669838,GCA_977063505.1,Plants_Algae_Other,Streptophyta,Magnoliopsida,Poales,Typhaceae,Sparganium
67002,GCA_976338635.1,Plants_Algae_Other,Streptophyta,Bryopsida,Orthotrichales,Orthotrichaceae,Plenogemma
671105,GCA_964639475.2,Plants_Algae_Other,Streptophyta,Bryopsida,Hypnales,Calliergonaceae,Calliergon
67247,GCA_975146365.1,Plants_Algae_Other,Streptophyta,Bryopsida,Aulacomniales,Aulacomniaceae,Aulacomnium
67248,GCA_048933245.1,Plants_Algae_Other,Streptophyta,Bryopsida,Aulacomniales,Aulacomniaceae,Aulacomnium
672822,GCA_040764675.1,Plants_Algae_Other,Streptophyta,Magnoliopsida,Lamiales,Lamiaceae,Marmoritis
672921,GCF_964204645.1,Plants_Algae_Other,Nemertea,Palaeonemertea,Tubulaniformes,Tubulanidae,Tubulanus
672921,GCA_964204645.2,Plants_Algae_Other,Nemertea,Palaeonemertea,Tubulaniformes,Tubulanidae,Tubulanus
673927,GCA_965233335.1,Plants_Algae_Other,Streptophyta,Magnoliopsida,Malpighiales,Hypericaceae,Hypericum
673928,GCA_964106675.1,Plants_Algae_Other,Streptophyta,Magnoliopsida,Malpighiales,Hypericaceae,Hypericum
67399,GCA_050084015.1,Plants_Algae_Other,Streptophyta,Bryopsida,Rhizogoniales,Rhizogoniaceae,Pyrrhobryum
67428,GCA_947034885.2,Plants_Algae_Other,Streptophyta,Bryopsida,Hypnales,Thuidiaceae,Thuidium
67441,GCA_976225305.1,Plants_Algae_Other,Streptophyta,Bryopsida,Splachnales,Splachnaceae,Tetraplodon
675739,GCA_965225835.1,Plants_Algae_Other,Streptophyta,Magnoliopsida,Asterales,Asteraceae,Cirsium
67938,GCA_041053305.1,Plants_Algae_Other,Streptophyta,Magnoliopsida,Sapindales,Rutaceae,Zanthoxylum
6819,GCA_051903835.1,Plants_Algae_Other,NA,NA,NA,NA,NA
6832,GCF_007210705.1,Plants_Algae_Other,NA,NA,NA,NA,NA
6832,GCA_007210705.1,Plants_Algae_Other,NA,NA,NA,NA,NA
6837,GCA_002740975.1,Plants_Algae_Other,NA,NA,NA,NA,NA
68504,GCA_051992015.1,Plants_Algae_Other,NA,NA,NA,NA,NA
688286,GCA_965275835.1,Plants_Algae_Other,Streptophyta,Magnoliopsida,Asterales,Asteraceae,Lophiolepis
68886,GCA_003072545.4,Plants_Algae_Other,Apicomplexa,Aconoidasida,Piroplasmida,Theileriidae,Theileria
691752,GCA_943590875.1,Plants_Algae_Other,NA,NA,NA,NA,NA
694383,GCA_965217345.1,Plants_Algae_Other,Streptophyta,Magnoliopsida,Lamiales,Lamiaceae,Stachys
70131,GCA_950106755.1,Plants_Algae_Other,Streptophyta,Bryopsida,Hypnales,Climaciaceae,Climacium
70136,GCA_976987265.1,Plants_Algae_Other,Streptophyta,Bryopsida,Orthotrichales,Orthotrichaceae,Lewinskya
702235,GCA_964188195.1,Plants_Algae_Other,Streptophyta,Magnoliopsida,Asterales,Asteraceae,Filago
702247,GCA_963930675.1,Plants_Algae_Other,Streptophyta,Magnoliopsida,Asterales,Asteraceae,Gnaphalium
702255,GCA_963921325.1,Plants_Algae_Other,Streptophyta,Magnoliopsida,Asterales,Asteraceae,Logfia
70433,GCA_009756435.1,Plants_Algae_Other,NA,NA,NA,NA,NA
70440,GCA_943593825.1,Plants_Algae_Other,NA,NA,NA,NA,NA
70442,GCA_943594065.1,Plants_Algae_Other,NA,NA,NA,NA,NA
705300,GCA_050613405.1,Plants_Algae_Other,Streptophyta,Magnoliopsida,Fabales,Fabaceae,Ormosia
70936,GCA_946800305.1,Plants_Algae_Other,Streptophyta,Magnoliopsida,Fabales,Fabaceae,Medicago
70973,GCA_018208015.1,Plants_Algae_Other,Streptophyta,Magnoliopsida,Fabales,Fabaceae,Medicago
709982,GCA_047226165.1,Plants_Algae_Other,Streptophyta,Magnoliopsida,Rosales,Rosaceae,Malus
71139,GCF_016545825.1,Plants_Algae_Other,Streptophyta,Magnoliopsida,Myrtales,Myrtaceae,Eucalyptus
71168,GCA_036362915.1,Plants_Algae_Other,NA,NA,NA,NA,NA
71168,GCA_040143725.1,Plants_Algae_Other,NA,NA,NA,NA,NA
71234,GCA_030180135.1,Plants_Algae_Other,Streptophyta,Magnoliopsida,Brassicales,Brassicaceae,Orychophragmus
71354,GCA_044115375.1,Plants_Algae_Other,Streptophyta,Magnoliopsida,Brassicales,Brassicaceae,Hirschfeldia
714493,GCA_977018565.1,Plants_Algae_Other,Streptophyta,Magnoliopsida,Ranunculales,Ranunculaceae,Pulsatilla
714518,GCF_020796205.1,Plants_Algae_Other,Streptophyta,Magnoliopsida,Rosales,Rhamnaceae,Ziziphus
714518,GCA_020796205.1,Plants_Algae_Other,Streptophyta,Magnoliopsida,Rosales,Rhamnaceae,Ziziphus
71516,GCA_032362205.1,Plants_Algae_Other,NA,NA,NA,NA,NA
715724,GCA_965199535.1,Plants_Algae_Other,Streptophyta,Magnoliopsida,Gentianales,Rubiaceae,Galium
71827,GCA_965177835.1,Plants_Algae_Other,Streptophyta,Magnoliopsida,Caryophyllales,Plumbaginaceae,Armeria
720590,GCA_900240055.1,Plants_Algae_Other,Apicomplexa,Aconoidasida,Haemosporida,Plasmodiidae,Plasmodium
72166,GCA_041296365.1,Plants_Algae_Other,Streptophyta,Magnoliopsida,Rosales,Rhamnaceae,Sageretia
72185,GCA_047301665.1,Plants_Algae_Other,Streptophyta,Magnoliopsida,Ranunculales,Papaveraceae,Eomecon
72433,GCA_037074485.1,Plants_Algae_Other,Streptophyta,Magnoliopsida,Fabales,Fabaceae,Delonix
72658,GCA_018361395.1,Plants_Algae_Other,Streptophyta,Magnoliopsida,Brassicales,Brassicaceae,Boechera
72917,GCF_010389155.1,Plants_Algae_Other,Streptophyta,Magnoliopsida,Asterales,Asteraceae,Erigeron
73239,GCA_020844765.3,Plants_Algae_Other,Apicomplexa,Aconoidasida,Haemosporida,Plasmodiidae,Plasmodium
73574,GCA_054051385.1,Plants_Algae_Other,Streptophyta,Magnoliopsida,Solanales,Solanaceae,Solanum
73575,GCA_036553675.1,Plants_Algae_Other,Streptophyta,Magnoliopsida,Solanales,Solanaceae,Solanum
73625,GCA_965230465.1,Plants_Algae_Other,Streptophyta,Lycopodiopsida,Lycopodiales,Lycopodiaceae,Diphasiastrum
74524,GCA_964059555.1,Plants_Algae_Other,Streptophyta,Magnoliopsida,Fabales,Fabaceae,Trifolium
74613,GCA_027886165.1,Plants_Algae_Other,Streptophyta,Magnoliopsida,Fabales,Fabaceae,Glycyrrhiza
74628,GCA_047833085.1,Plants_Algae_Other,Streptophyta,Magnoliopsida,Rosales,Rosaceae,Rosa
74630,GCA_965112335.1,Plants_Algae_Other,Streptophyta,Magnoliopsida,Rosales,Rosaceae,Rosa
74635,GCA_965119325.1,Plants_Algae_Other,Streptophyta,Magnoliopsida,Rosales,Rosaceae,Rosa
74645,GCF_958449725.1,Plants_Algae_Other,Streptophyta,Magnoliopsida,Rosales,Rosaceae,Rosa
74645,GCA_958449725.1,Plants_Algae_Other,Streptophyta,Magnoliopsida,Rosales,Rosaceae,Rosa
746470,GCA_965648545.1,Plants_Algae_Other,Streptophyta,Magnoliopsida,Rosales,Rosaceae,Karpatiosorbus
746470,GCA_965648485.1,Plants_Algae_Other,Streptophyta,Magnoliopsida,Rosales,Rosaceae,Karpatiosorbus
74648,GCA_024704745.1,Plants_Algae_Other,Streptophyta,Magnoliopsida,Rosales,Rosaceae,Rosa
74649,GCF_002994745.2,Plants_Algae_Other,Streptophyta,Magnoliopsida,Rosales,Rosaceae,Rosa
74649,GCA_002994745.2,Plants_Algae_Other,Streptophyta,Magnoliopsida,Rosales,Rosaceae,Rosa
74652,GCA_040669985.1,Plants_Algae_Other,Streptophyta,Magnoliopsida,Rosales,Rosaceae,Rosa
74693,GCA_965198525.1,Plants_Algae_Other,Streptophyta,Magnoliopsida,Lamiales,Plantaginaceae,Veronica
74787,GCA_965111755.1,Plants_Algae_Other,Streptophyta,Magnoliopsida,Asterales,Asteraceae,Tripolium
75065,GCA_964235055.1,Plants_Algae_Other,Streptophyta,Magnoliopsida,Rosales,Rosaceae,Rubus
751787,GCA_049354955.1,Plants_Algae_Other,Streptophyta,Magnoliopsida,Lamiales,Lamiaceae,Clinopodium
752065,GCA_965127125.2,Plants_Algae_Other,Streptophyta,Polytrichopsida,Polytrichales,Polytrichaceae,Polytrichastrum
754874,GCA_964291055.4,Plants_Algae_Other,Streptophyta,Magnoliopsida,Fabales,Fabaceae,Ebenus
75699,GCA_025169955.1,Plants_Algae_Other,Streptophyta,Magnoliopsida,Malpighiales,Salicaceae,Salix
75706,GCA_040802785.1,Plants_Algae_Other,Streptophyta,Magnoliopsida,Malpighiales,Salicaceae,Salix
75706,GCA_040801835.1,Plants_Algae_Other,Streptophyta,Magnoliopsida,Malpighiales,Salicaceae,Salix
75717,GCA_965648395.1,Plants_Algae_Other,Streptophyta,Magnoliopsida,Malpighiales,Salicaceae,Salix
7574,GCA_051362555.1,Plants_Algae_Other,Brachiopoda,Lingulata,Lingulida,Lingulidae,Lingula
757441,GCA_051941145.1,Plants_Algae_Other,Streptophyta,Magnoliopsida,Lamiales,Oleaceae,Fraxinus
75847,GCA_032275265.1,Plants_Algae_Other,NA,NA,NA,NA,NA
75873,GCA_032165235.1,Plants_Algae_Other,NA,NA,NA,NA,NA
75943,GCA_051521515.1,Plants_Algae_Other,Streptophyta,Magnoliopsida,Asterales,Asteraceae,Lactuca
75947,GCA_052849685.1,Plants_Algae_Other,Streptophyta,Magnoliopsida,Asterales,Asteraceae,Lactuca
75948,GCA_052625555.1,Plants_Algae_Other,Streptophyta,Magnoliopsida,Asterales,Asteraceae,Lactuca
75948,GCA_965218245.1,Plants_Algae_Other,Streptophyta,Magnoliopsida,Asterales,Asteraceae,Lactuca
76025,GCA_041753945.1,Plants_Algae_Other,Streptophyta,Magnoliopsida,Caryophyllales,Polygonaceae,Pleuropterus
76029,GCA_964016875.1,Plants_Algae_Other,Streptophyta,Magnoliopsida,Caryophyllales,Polygonaceae,Fallopia
76035,GCA_041753895.1,Plants_Algae_Other,Streptophyta,Magnoliopsida,Caryophyllales,Polygonaceae,Pleuropterus
76438,GCA_965200285.2,Plants_Algae_Other,Streptophyta,Magnoliopsida,Poales,Cyperaceae,Eriophorum
76438,GCA_965200365.2,Plants_Algae_Other,Streptophyta,Magnoliopsida,Poales,Cyperaceae,Eriophorum
76502,GCA_964200675.1,Plants_Algae_Other,Streptophyta,Magnoliopsida,Poales,Cyperaceae,Schoenoplectus
76506,GCA_965614465.1,Plants_Algae_Other,Streptophyta,Magnoliopsida,Poales,Cyperaceae,Schoenus
76515,GCA_965178605.1,Plants_Algae_Other,Streptophyta,Magnoliopsida,Poales,Cyperaceae,Trichophorum
765255,GCA_051380955.1,Plants_Algae_Other,Streptophyta,Magnoliopsida,Myrtales,Myrtaceae,Eucalyptus
767568,GCA_965251275.2,Plants_Algae_Other,Streptophyta,Magnoliopsida,Poales,Typhaceae,Sparganium
76798,GCA_053525285.1,Plants_Algae_Other,NA,NA,NA,NA,NA
76912,GCA_025175245.1,Plants_Algae_Other,Streptophyta,Magnoliopsida,Poales,Poaceae,Zea
76963,GCA_046119295.1,Plants_Algae_Other,Streptophyta,Magnoliopsida,Sapindales,Rutaceae,Citrus
76974,GCA_030444775.1,Plants_Algae_Other,Streptophyta,Magnoliopsida,Sapindales,Rutaceae,Atalantia
77009,GCA_907165085.1,Plants_Algae_Other,Streptophyta,Magnoliopsida,Poales,Poaceae,Hordeum
77062,GCA_032356905.1,Plants_Algae_Other,Streptophyta,Magnoliopsida,Malpighiales,Salicaceae,Salix
77064,GCA_965644465.1,Plants_Algae_Other,Streptophyta,Magnoliopsida,Malpighiales,Salicaceae,Salix
77065,GCA_027405865.1,Plants_Algae_Other,Streptophyta,Magnoliopsida,Malpighiales,Salicaceae,Salix
77519,GCA_036584725.1,Plants_Algae_Other,Apicomplexa,Aconoidasida,Haemosporida,Plasmodiidae,Plasmodium
77586,GCA_000325765.3,Plants_Algae_Other,Streptophyta,Magnoliopsida,Poales,Poaceae,Leersia
77588,GCA_030770085.1,Plants_Algae_Other,Streptophyta,Magnoliopsida,Poales,Poaceae,Oryza
77623,GCA_965218665.2,Plants_Algae_Other,Streptophyta,Magnoliopsida,Dipsacales,Caprifoliaceae,Linnaea
7797,GCA_030390025.1,Plants_Algae_Other,NA,NA,NA,NA,NA
78191,GCA_964056655.1,Plants_Algae_Other,Streptophyta,Magnoliopsida,Brassicales,Brassicaceae,Arabis
78372,GCA_022559845.1,Plants_Algae_Other,Streptophyta,Magnoliopsida,Alismatales,Araceae,Amorphophallus
78511,GCA_965236665.2,Plants_Algae_Other,Streptophyta,Magnoliopsida,Saxifragales,Grossulariaceae,Ribes
78511,GCA_965278215.1,Plants_Algae_Other,Streptophyta,Magnoliopsida,Saxifragales,Grossulariaceae,Ribes
78632,GCA_036287905.1,Plants_Algae_Other,Streptophyta,Magnoliopsida,Fagales,Betulaceae,Corylus
79067,GCA_046125935.1,Plants_Algae_Other,Streptophyta,Magnoliopsida,Fabales,Fabaceae,Stylosanthes
79200,GCF_001625215.2,Plants_Algae_Other,Streptophyta,Magnoliopsida,Apiales,Apiaceae,Daucus
79626,GCA_010085355.1,Plants_Algae_Other,NA,NA,NA,NA,NA
79627,GCA_010084205.1,Plants_Algae_Other,NA,NA,NA,NA,NA
79628,GCA_013399335.1,Plants_Algae_Other,NA,NA,NA,NA,NA
79643,GCA_010078415.1,Plants_Algae_Other,NA,NA,NA,NA,NA
79643,GCA_003264555.1,Plants_Algae_Other,NA,NA,NA,NA,NA
79643,GCA_003264595.1,Plants_Algae_Other,NA,NA,NA,NA,NA
79653,GCA_013396615.1,Plants_Algae_Other,NA,NA,NA,NA,NA
796727,GCA_029378325.1,Plants_Algae_Other,Streptophyta,Magnoliopsida,Rosales,Elaeagnaceae,Elaeagnus
79760,GCA_027186245.1,Plants_Algae_Other,Streptophyta,Magnoliopsida,Cucurbitales,Coriariaceae,Coriaria
79772,GCA_958496215.1,Plants_Algae_Other,Streptophyta,Magnoliopsida,Lamiales,Verbenaceae,Verbena
798030,GCA_965197055.1,Plants_Algae_Other,Streptophyta,Magnoliopsida,Fabales,Fabaceae,Ononis
79833,GCA_009725075.1,Plants_Algae_Other,Streptophyta,Magnoliopsida,Poales,Poaceae,Coix
80379,GCA_054135625.1,Plants_Algae_Other,Streptophyta,Magnoliopsida,Solanales,Solanaceae,Capsicum
80753,GCA_048127625.1,Plants_Algae_Other,Streptophyta,Magnoliopsida,Fagales,Betulaceae,Corylus
80754,GCA_016403345.1,Plants_Algae_Other,Streptophyta,Magnoliopsida,Fagales,Betulaceae,Corylus
80891,GCA_963969395.1,Plants_Algae_Other,Streptophyta,Bryopsida,Hypnales,Brachytheciaceae,Pseudoscleropodium
81370,GCA_900302545.1,Plants_Algae_Other,NA,NA,NA,NA,NA
81473,GCA_028641055.1,Plants_Algae_Other,Streptophyta,Magnoliopsida,Poales,Poaceae,Alopecurus
81970,GCA_964271285.1,Plants_Algae_Other,Streptophyta,Magnoliopsida,Brassicales,Brassicaceae,Arabidopsis
82011,GCA_030789695.1,Plants_Algae_Other,Streptophyta,Magnoliopsida,Asparagales,Hyacinthaceae,Scilla
8208,GCF_000735185.1,Plants_Algae_Other,NA,NA,NA,NA,NA
8208,GCA_000735185.1,Plants_Algae_Other,NA,NA,NA,NA,NA
8208,GCA_053567765.1,Plants_Algae_Other,NA,NA,NA,NA,NA
82091,GCA_964106935.1,Plants_Algae_Other,Streptophyta,Magnoliopsida,Apiales,Araliaceae,Hydrocotyle
82095,GCA_034770075.1,Plants_Algae_Other,Streptophyta,Magnoliopsida,Apiales,Araliaceae,Aralia
8213,GCA_044885175.1,Plants_Algae_Other,NA,NA,NA,NA,NA
82174,GCF_039906515.1,Plants_Algae_Other,NA,NA,NA,NA,NA
82174,GCA_039906515.1,Plants_Algae_Other,NA,NA,NA,NA,NA
82174,GCA_039906525.1,Plants_Algae_Other,NA,NA,NA,NA,NA
8218,GCF_902827175.1,Plants_Algae_Other,NA,NA,NA,NA,NA
8218,GCA_902827175.1,Plants_Algae_Other,NA,NA,NA,NA,NA
8218,GCA_902827185.1,Plants_Algae_Other,NA,NA,NA,NA,NA
8240,GCF_910596095.1,Plants_Algae_Other,NA,NA,NA,NA,NA
8240,GCA_025435535.1,Plants_Algae_Other,NA,NA,NA,NA,NA
8240,GCA_910596085.1,Plants_Algae_Other,NA,NA,NA,NA,NA
8240,GCA_910596095.1,Plants_Algae_Other,NA,NA,NA,NA,NA
82927,GCA_019155195.1,Plants_Algae_Other,Streptophyta,Magnoliopsida,Lamiales,Acanthaceae,Avicennia
83203,GCA_943590975.1,Plants_Algae_Other,NA,NA,NA,NA,NA
83308,GCA_047772315.1,Plants_Algae_Other,Streptophyta,Magnoliopsida,Poales,Poaceae,Oryza
83309,GCA_048014755.1,Plants_Algae_Other,Streptophyta,Magnoliopsida,Poales,Poaceae,Oryza
83444,GCA_947313225.1,Plants_Algae_Other,Streptophyta,Magnoliopsida,Poales,Poaceae,Avena
83522,GCA_051175325.1,Plants_Algae_Other,Streptophyta,Magnoliopsida,Poales,Poaceae,Avena
83653,GCA_964374135.1,Plants_Algae_Other,NA,NA,NA,NA,NA
83653,GCA_028646425.1,Plants_Algae_Other,NA,NA,NA,NA,NA
83653,GCA_030267925.1,Plants_Algae_Other,NA,NA,NA,NA,NA
83653,GCA_964374185.1,Plants_Algae_Other,NA,NA,NA,NA,NA
83862,GCA_963573325.1,Plants_Algae_Other,Streptophyta,Magnoliopsida,Fabales,Fabaceae,Astragalus
83906,GCA_021020685.1,Plants_Algae_Other,Streptophyta,Magnoliopsida,Rosales,Urticaceae,Boehmeria
84072,GCF_963678635.1,Plants_Algae_Other,Xenacoelomorpha,,Acoela,Sagittiferidae,Symsagittifera
84072,GCA_963678635.1,Plants_Algae_Other,Xenacoelomorpha,,Acoela,Sagittiferidae,Symsagittifera
85571,GCA_036169575.1,Plants_Algae_Other,Streptophyta,Magnoliopsida,Sapindales,Rutaceae,Citrus
85679,GCA_050657015.1,Plants_Algae_Other,Streptophyta,Magnoliopsida,Poales,Poaceae,Thinopyrum
85702,GCA_964340945.1,Plants_Algae_Other,NA,NA,NA,NA,NA
85882,GCA_965637395.1,Plants_Algae_Other,Streptophyta,Magnoliopsida,Asterales,Asteraceae,Senecio
858909,GCA_024086825.1,Plants_Algae_Other,Streptophyta,Magnoliopsida,Fabales,Fabaceae,Abrus
860203,GCA_963969595.1,Plants_Algae_Other,Streptophyta,Bryopsida,Hypnales,Neckeraceae,Neckera
86092,GCA_965112295.1,Plants_Algae_Other,Streptophyta,Magnoliopsida,Lamiales,Orobanchaceae,Melampyrum
862910,GCA_031216105.1,Plants_Algae_Other,Streptophyta,Magnoliopsida,Fabales,Fabaceae,Dalbergia
86722,GCA_037074715.1,Plants_Algae_Other,Streptophyta,Magnoliopsida,Magnoliales,Magnoliaceae,Magnolia
86724,GCA_050575105.1,Plants_Algae_Other,Streptophyta,Magnoliopsida,Magnoliales,Magnoliaceae,Magnolia
86739,GCA_052055145.1,Plants_Algae_Other,Streptophyta,Magnoliopsida,Magnoliales,Magnoliaceae,Magnolia
86739,GCA_052055185.1,Plants_Algae_Other,Streptophyta,Magnoliopsida,Magnoliales,Magnoliaceae,Magnolia
86752,GCF_029962835.1,Plants_Algae_Other,Streptophyta,Magnoliopsida,Magnoliales,Magnoliaceae,Magnolia
86752,GCA_029962835.1,Plants_Algae_Other,Streptophyta,Magnoliopsida,Magnoliales,Magnoliaceae,Magnolia
86864,GCA_040869085.1,Plants_Algae_Other,Streptophyta,Magnoliopsida,Asterales,Campanulaceae,Codonopsis
869827,GCA_054392635.1,Plants_Algae_Other,Streptophyta,Magnoliopsida,Cucurbitales,Cucurbitaceae,Cucumis
86990,GCA_051912405.1,Plants_Algae_Other,Streptophyta,Magnoliopsida,Gentianales,Rubiaceae,Emmenopterys
87088,GCA_029865625.1,Plants_Algae_Other,Streptophyta,Magnoliopsida,Fabales,Fabaceae,Vigna
871918,GCA_051622875.1,Plants_Algae_Other,Streptophyta,Magnoliopsida,Lamiales,Gesneriaceae,Oreocharis
87660,GCA_014182735.1,Plants_Algae_Other,Streptophyta,Magnoliopsida,Myrtales,Myrtaceae,Corymbia
87673,GCA_017140395.1,Plants_Algae_Other,Streptophyta,Magnoliopsida,Myrtales,Myrtaceae,Eucalyptus
87681,GCA_037349125.1,Plants_Algae_Other,Streptophyta,Magnoliopsida,Myrtales,Myrtaceae,Eucalyptus
87681,GCA_014182855.1,Plants_Algae_Other,Streptophyta,Magnoliopsida,Myrtales,Myrtaceae,Eucalyptus
880534,GCA_900095595.1,Plants_Algae_Other,Apicomplexa,Aconoidasida,Haemosporida,Plasmodiidae,Plasmodium
880535,GCF_900097015.1,Plants_Algae_Other,Apicomplexa,Aconoidasida,Haemosporida,Plasmodiidae,Plasmodium
880536,GCA_900097035.1,Plants_Algae_Other,Apicomplexa,Aconoidasida,Haemosporida,Plasmodiidae,Plasmodium
881201,GCA_014182585.1,Plants_Algae_Other,Streptophyta,Magnoliopsida,Myrtales,Myrtaceae,Eucalyptus
88123,GCA_020226455.1,Plants_Algae_Other,Streptophyta,Magnoliopsida,Rosales,Rosaceae,Prunus
883000,GCA_023657505.1,Plants_Algae_Other,Streptophyta,Magnoliopsida,Brassicales,Brassicaceae,Camelina
883134,GCA_023333625.1,Plants_Algae_Other,Streptophyta,Magnoliopsida,Poales,Poaceae,Bothriochloa
883867,GCA_964276665.1,Plants_Algae_Other,Streptophyta,Magnoliopsida,Asterales,Asteraceae,Matricaria
8868,GCF_013377495.2,Plants_Algae_Other,NA,NA,NA,NA,NA
8868,GCA_013377495.2,Plants_Algae_Other,NA,NA,NA,NA,NA
88682,GCA_048569125.1,Plants_Algae_Other,NA,NA,NA,NA,NA
88682,GCA_048569135.1,Plants_Algae_Other,NA,NA,NA,NA,NA
88682,GCA_900660295.1,Plants_Algae_Other,NA,NA,NA,NA,NA
88708,GCA_964638095.1,Plants_Algae_Other,NA,NA,NA,NA,NA
88708,GCA_964638665.1,Plants_Algae_Other,NA,NA,NA,NA,NA
88713,GCA_900302605.1,Plants_Algae_Other,NA,NA,NA,NA,NA
88731,GCA_031772625.1,Plants_Algae_Other,Streptophyta,Pinopsida,Pinales,Pinaceae,Pinus
887860,GCA_046718445.1,Plants_Algae_Other,Streptophyta,Magnoliopsida,Caryophyllales,Chenopodiaceae,Chenopodium
88878,GCA_977964015.1,Plants_Algae_Other,Streptophyta,Magnoliopsida,Saxifragales,Saxifragaceae,Saxifraga
88925,GCF_910592395.1,Plants_Algae_Other,Nemertea,Pilidiophora,Heteronemertea,Lineidae,Lineus
88925,GCA_910592395.2,Plants_Algae_Other,Nemertea,Pilidiophora,Heteronemertea,Lineidae,Lineus
889485,GCA_029204005.1,Plants_Algae_Other,Streptophyta,Magnoliopsida,Malpighiales,Salicaceae,Salix
89411,GCA_965275845.1,Plants_Algae_Other,Streptophyta,Magnoliopsida,Brassicales,Brassicaceae,Descurainia
89481,GCA_053640655.1,Plants_Algae_Other,Streptophyta,Pinopsida,Cupressales,Taxaceae,Pseudotaxus
89674,GCF_022539505.1,Plants_Algae_Other,Streptophyta,Magnoliopsida,Poales,Poaceae,Lolium
90295,GCA_964237465.1,Plants_Algae_Other,Streptophyta,Bryopsida,Hypnales,Plagiotheciaceae,Plagiothecium
90364,GCA_964305475.2,Plants_Algae_Other,Streptophyta,Magnoliopsida,Lamiales,Scrophulariaceae,Verbascum
904458,GCA_965198595.1,Plants_Algae_Other,Streptophyta,Magnoliopsida,Asterales,Asteraceae,Petasites
90675,GCF_000633955.1,Plants_Algae_Other,Streptophyta,Magnoliopsida,Brassicales,Brassicaceae,Camelina
906938,GCA_028095005.1,Plants_Algae_Other,Streptophyta,Magnoliopsida,Poales,Cyperaceae,Rhynchospora
90898,GCA_003689015.2,Plants_Algae_Other,Streptophyta,Magnoliopsida,Fabales,Fabaceae,Cicer
91168,GCA_963678935.1,Plants_Algae_Other,Streptophyta,Magnoliopsida,Saxifragales,Crassulaceae,Umbilicus
91201,GCA_016760335.1,Plants_Algae_Other,Streptophyta,Magnoliopsida,Asparagales,Orchidaceae,Gastrodia
91216,GCA_041380795.1,Plants_Algae_Other,Streptophyta,Magnoliopsida,Fagales,Juglandaceae,Juglans
91218,GCA_022457165.1,Plants_Algae_Other,Streptophyta,Magnoliopsida,Fagales,Juglandaceae,Juglans
91224,GCA_036898215.1,Plants_Algae_Other,Streptophyta,Magnoliopsida,Fagales,Juglandaceae,Platycarya
91242,GCA_049639985.1,Plants_Algae_Other,Streptophyta,Magnoliopsida,Asterales,Asteraceae,Conyza
91518,GCA_022036555.1,Plants_Algae_Other,Streptophyta,Magnoliopsida,Poales,Poaceae,Microstegium
9209,GCF_963921805.1,Plants_Algae_Other,NA,NA,NA,NA,NA
9209,GCF_000708925.1,Plants_Algae_Other,NA,NA,NA,NA,NA
9209,GCA_000708925.1,Plants_Algae_Other,NA,NA,NA,NA,NA
9209,GCA_963921805.1,Plants_Algae_Other,NA,NA,NA,NA,NA
9209,GCA_963921815.1,Plants_Algae_Other,NA,NA,NA,NA,NA
9233,GCF_000699145.1,Plants_Algae_Other,NA,NA,NA,NA,NA
9233,GCA_000699145.1,Plants_Algae_Other,NA,NA,NA,NA,NA
9234,GCF_965638725.1,Plants_Algae_Other,NA,NA,NA,NA,NA
9234,GCA_010087175.1,Plants_Algae_Other,NA,NA,NA,NA,NA
9234,GCA_965638715.1,Plants_Algae_Other,NA,NA,NA,NA,NA
9234,GCA_965638725.1,Plants_Algae_Other,NA,NA,NA,NA,NA
9238,GCF_000699105.1,Plants_Algae_Other,NA,NA,NA,NA,NA
9238,GCA_000699105.1,Plants_Algae_Other,NA,NA,NA,NA,NA
9238,GCA_003264635.1,Plants_Algae_Other,NA,NA,NA,NA,NA
9238,GCA_003264665.1,Plants_Algae_Other,NA,NA,NA,NA,NA
92480,GCA_963425845.1,Plants_Algae_Other,Streptophyta,Magnoliopsida,Fabales,Fabaceae,Sphenostylis
92688,GCA_010078445.1,Plants_Algae_Other,NA,NA,NA,NA,NA
92906,GCA_965198395.2,Plants_Algae_Other,Streptophyta,Magnoliopsida,Asterales,Asteraceae,Carduus
92921,GCA_036898165.1,Plants_Algae_Other,Streptophyta,Magnoliopsida,Asterales,Asteraceae,Silybum
93036,GCA_026929855.1,Plants_Algae_Other,Streptophyta,Magnoliopsida,Poales,Poaceae,Poa
93151,GCA_975300795.1,Plants_Algae_Other,Streptophyta,Bryopsida,Dicranales,Rhabdoweisiaceae,Kiaeria
93385,GCA_025215035.1,Plants_Algae_Other,Streptophyta,Magnoliopsida,Brassicales,Brassicaceae,Brassica
93848,GCA_974117475.1,Plants_Algae_Other,Streptophyta,Bryopsida,Pottiales,Pottiaceae,Tortella
93969,GCA_039657295.1,Plants_Algae_Other,Apicomplexa,Conoidasida,Eucoccidiorida,Cryptosporidiidae,Cryptosporidium
93977,GCA_019395295.1,Plants_Algae_Other,Streptophyta,Magnoliopsida,Lamiales,Oleaceae,Osmanthus
94007,GCA_040143745.1,Plants_Algae_Other,Streptophyta,Magnoliopsida,Apiales,Apiaceae,Cnidium
941274,GCA_977061895.1,Plants_Algae_Other,Nemertea,Pilidiophora,Heteronemertea,Lineidae,Leucocephalonemertes
941396,GCA_052150715.1,Plants_Algae_Other,Streptophyta,Magnoliopsida,Sapindales,Rutaceae,Citrus
94219,GCA_022539455.1,Plants_Algae_Other,Streptophyta,Magnoliopsida,Asparagales,Orchidaceae,Dendrobium
94286,GCA_016624345.1,Plants_Algae_Other,Streptophyta,Magnoliopsida,Asterales,Campanulaceae,Platycodon
94328,GCF_018446385.1,Plants_Algae_Other,Streptophyta,Magnoliopsida,Zingiberales,Zingiberaceae,Zingiber
94452,GCA_965363035.1,Plants_Algae_Other,Streptophyta,Bryopsida,Hypnales,Hylocomiaceae,Loeskeobryum
945839,GCA_964656795.1,Plants_Algae_Other,Streptophyta,Magnoliopsida,Brassicales,Brassicaceae,Capsella
94606,GCA_965278265.1,Plants_Algae_Other,Streptophyta,Bryopsida,Hypnales,Thuidiaceae,Thuidium
94643,GCF_002563875.1,Plants_Algae_Other,Apicomplexa,Conoidasida,Eucoccidiorida,Sarcocystidae,Besnoitia
94686,GCA_966197065.1,Plants_Algae_Other,Streptophyta,Bryopsida,Dicranales,Leucobryaceae,Dicranodontium
94688,GCA_965648415.1,Plants_Algae_Other,Streptophyta,Bryopsida,Dicranales,Leucobryaceae,Leucobryum
947578,GCA_965152395.1,Plants_Algae_Other,Nemertea,Pilidiophora,Heteronemertea,Lineidae,Lineus
948025,GCA_963280865.1,Plants_Algae_Other,NA,NA,NA,NA,NA
948025,GCA_963281105.1,Plants_Algae_Other,NA,NA,NA,NA,NA
948063,GCA_963971535.1,Plants_Algae_Other,NA,NA,NA,NA,NA
948063,GCA_963971485.1,Plants_Algae_Other,NA,NA,NA,NA,NA
948067,GCA_024529925.1,Plants_Algae_Other,NA,NA,NA,NA,NA
948872,GCA_977013415.1,Plants_Algae_Other,Streptophyta,Bryopsida,Dicranales,Dicranaceae,Dicranum
95170,GCA_914767715.1,Plants_Algae_Other,Bryozoa,Gymnolaemata,Cheilostomatida,Membraniporidae,Membranipora
96521,GCA_051171015.1,Plants_Algae_Other,Streptophyta,Magnoliopsida,Lamiales,Oleaceae,Phillyrea
96529,GCA_976985155.1,Plants_Algae_Other,Streptophyta,Bryopsida,Dicranales,Leucobryaceae,Campylopus
96532,GCA_976358135.1,Plants_Algae_Other,Streptophyta,Bryopsida,Dicranales,Rhabdoweisiaceae,Dicranoweisia
96799,GCA_975525615.1,Plants_Algae_Other,Streptophyta,Bryopsida,Orthotrichales,Orthotrichaceae,Amphidium
96939,GCA_004353265.1,Plants_Algae_Other,Streptophyta,Magnoliopsida,Vitales,Vitaceae,Vitis
96939,GCF_004353265.1,Plants_Algae_Other,Streptophyta,Magnoliopsida,Vitales,Vitaceae,Vitis
97021,GCA_951804385.1,Plants_Algae_Other,Streptophyta,Magnoliopsida,Fabales,Fabaceae,Trifolium
97023,GCA_954870985.1,Plants_Algae_Other,Streptophyta,Magnoliopsida,Fabales,Fabaceae,Trifolium
97043,GCA_964059935.1,Plants_Algae_Other,Streptophyta,Magnoliopsida,Fabales,Fabaceae,Trifolium
9713,GCF_000349705.1,Plants_Algae_Other,NA,NA,NA,NA,NA
9713,GCA_000349705.1,Plants_Algae_Other,NA,NA,NA,NA,NA
9713,GCA_054177405.1,Plants_Algae_Other,NA,NA,NA,NA,NA
9715,GCF_011800145.1,Plants_Algae_Other,NA,NA,NA,NA,NA
9715,GCA_011800145.1,Plants_Algae_Other,NA,NA,NA,NA,NA
9728,GCF_949987515.2,Plants_Algae_Other,NA,NA,NA,NA,NA
9728,GCA_030062865.2,Plants_Algae_Other,NA,NA,NA,NA,NA
9728,GCA_949987515.2,Plants_Algae_Other,NA,NA,NA,NA,NA
9728,GCA_949987525.2,Plants_Algae_Other,NA,NA,NA,NA,NA
97307,GCA_964059315.1,Plants_Algae_Other,Streptophyta,Magnoliopsida,Rosales,Rosaceae,Prunus
9731,GCF_963455315.2,Plants_Algae_Other,NA,NA,NA,NA,NA
9731,GCF_006547405.1,Plants_Algae_Other,NA,NA,NA,NA,NA
9731,GCA_006547405.1,Plants_Algae_Other,NA,NA,NA,NA,NA
9731,GCA_963455315.2,Plants_Algae_Other,NA,NA,NA,NA,NA
9731,GCA_963455345.2,Plants_Algae_Other,NA,NA,NA,NA,NA
9733,GCF_937001465.1,Plants_Algae_Other,NA,NA,NA,NA,NA
9733,GCF_000331955.2,Plants_Algae_Other,NA,NA,NA,NA,NA
9733,GCA_000331955.2,Plants_Algae_Other,NA,NA,NA,NA,NA
9733,GCA_937001455.1,Plants_Algae_Other,NA,NA,NA,NA,NA
9733,GCA_937001465.1,Plants_Algae_Other,NA,NA,NA,NA,NA
9737,GCA_951394435.1,Plants_Algae_Other,NA,NA,NA,NA,NA
9737,GCA_951394445.1,Plants_Algae_Other,NA,NA,NA,NA,NA
9739,GCF_011762595.2,Plants_Algae_Other,NA,NA,NA,NA,NA
9739,GCF_000151865.2,Plants_Algae_Other,NA,NA,NA,NA,NA
9739,GCF_001922835.1,Plants_Algae_Other,NA,NA,NA,NA,NA
9739,GCA_000151865.3,Plants_Algae_Other,NA,NA,NA,NA,NA
9739,GCA_001922835.1,Plants_Algae_Other,NA,NA,NA,NA,NA
9739,GCA_003314715.1,Plants_Algae_Other,NA,NA,NA,NA,NA
9739,GCA_003435595.3,Plants_Algae_Other,NA,NA,NA,NA,NA
9739,GCA_011762515.1,Plants_Algae_Other,NA,NA,NA,NA,NA
9739,GCA_011762535.1,Plants_Algae_Other,NA,NA,NA,NA,NA
9739,GCA_011762595.2,Plants_Algae_Other,NA,NA,NA,NA,NA
97441,GCA_963691705.1,Plants_Algae_Other,Streptophyta,Magnoliopsida,Malpighiales,Violaceae,Viola
9755,GCF_002837175.3,Plants_Algae_Other,NA,NA,NA,NA,NA
9755,GCF_000472045.1,Plants_Algae_Other,NA,NA,NA,NA,NA
9755,GCA_000472045.1,Plants_Algae_Other,NA,NA,NA,NA,NA
9755,GCA_002837175.5,Plants_Algae_Other,NA,NA,NA,NA,NA
9760,GCA_004364475.1,Plants_Algae_Other,NA,NA,NA,NA,NA
9767,GCF_949987535.1,Plants_Algae_Other,NA,NA,NA,NA,NA
9767,GCA_949987535.1,Plants_Algae_Other,NA,NA,NA,NA,NA
9767,GCA_950005055.1,Plants_Algae_Other,NA,NA,NA,NA,NA
9768,GCA_965194805.1,Plants_Algae_Other,NA,NA,NA,NA,NA
9768,GCA_965194725.1,Plants_Algae_Other,NA,NA,NA,NA,NA
9769,GCA_052818205.1,Plants_Algae_Other,NA,NA,NA,NA,NA
9770,GCA_965194825.1,Plants_Algae_Other,NA,NA,NA,NA,NA
9770,GCA_008795845.1,Plants_Algae_Other,NA,NA,NA,NA,NA
9770,GCA_023338255.1,Plants_Algae_Other,NA,NA,NA,NA,NA
9770,GCA_965194765.1,Plants_Algae_Other,NA,NA,NA,NA,NA
97700,GCF_001633185.2,Plants_Algae_Other,Streptophyta,Magnoliopsida,Fagales,Fagaceae,Quercus
97700,GCA_001633185.5,Plants_Algae_Other,Streptophyta,Magnoliopsida,Fagales,Fagaceae,Quercus
9771,GCF_009873245.2,Plants_Algae_Other,NA,NA,NA,NA,NA
9771,GCA_008658375.2,Plants_Algae_Other,NA,NA,NA,NA,NA
9771,GCA_009873245.3,Plants_Algae_Other,NA,NA,NA,NA,NA
9773,GCA_041834305.1,Plants_Algae_Other,NA,NA,NA,NA,NA
9773,GCA_004329385.1,Plants_Algae_Other,NA,NA,NA,NA,NA
981371,GCA_050084275.1,Plants_Algae_Other,Streptophyta,Bryopsida,Grimmiales,Grimmiaceae,Grimmia
981515,GCA_976225435.1,Plants_Algae_Other,Streptophyta,Bryopsida,Bryales,Bryaceae,Ptychostomum
98324,GCA_975300755.1,Plants_Algae_Other,Streptophyta,Bryopsida,Dicranales,Leucobryaceae,Campylopus
98454,GCA_050084295.1,Plants_Algae_Other,Streptophyta,Bryopsida,Bryoxiphiales,Bryoxiphiaceae,Bryoxiphium
98457,GCA_050084235.1,Plants_Algae_Other,Streptophyta,Bryopsida,Archidiales,Archidiaceae,Archidium
98464,GCA_975146355.1,Plants_Algae_Other,Streptophyta,Bryopsida,Pseudoditrichales,Ditrichaceae,Distichium
98466,GCA_974117315.1,Plants_Algae_Other,Streptophyta,Bryopsida,Pseudoditrichales,Flexitrichaceae,Flexitrichum
98470,GCA_975146375.1,Plants_Algae_Other,Streptophyta,Bryopsida,Dicranales,Fissidentaceae,Fissidens
98499,GCA_050084115.1,Plants_Algae_Other,Streptophyta,Bryopsida,Dicranales,Dicranaceae,Paraleucobryum
98504,GCA_964234995.1,Plants_Algae_Other,Streptophyta,Magnoliopsida,Asterales,Asteraceae,Matricaria
98586,GCA_037832335.1,Plants_Algae_Other,Streptophyta,Magnoliopsida,Malpighiales,Rhizophoraceae,Carallia
98587,GCA_046056375.1,Plants_Algae_Other,Streptophyta,Magnoliopsida,Malpighiales,Rhizophoraceae,Pellacalyx
98722,GCA_965178225.1,Plants_Algae_Other,Streptophyta,Magnoliopsida,Asterales,Asteraceae,Jacobaea
989957,GCA_965637375.1,Plants_Algae_Other,Streptophyta,Jungermanniopsida,Jungermanniales,Lepidoziaceae,Tricholepidozia
99020,GCA_026873135.1,Plants_Algae_Other,Streptophyta,Magnoliopsida,Myrtales,Myrtaceae,Eucalyptus
99300,GCA_016081115.2,Plants_Algae_Other,Streptophyta,Magnoliopsida,Lamiales,Orobanchaceae,Rehmannia
99363,GCA_976984665.1,Plants_Algae_Other,Streptophyta,Magnoliopsida,Alismatales,Potamogetonaceae,Potamogeton
99387,GCA_973799455.1,Plants_Algae_Other,Streptophyta,Bryopsida,Bryales,Bryaceae,Ptychostomum
99398,GCA_964340565.2,Plants_Algae_Other,Streptophyta,Bryopsida,Hypnales,Amblystegiaceae,Cratoneuron
99443,GCA_051903575.1,Plants_Algae_Other,Streptophyta,Magnoliopsida,Saxifragales,Altingiaceae,Liquidambar
99658,GCA_003430845.1,Plants_Algae_Other,Streptophyta,Magnoliopsida,Sapindales,Sapindaceae,Xanthoceras
99658,GCA_020796215.1,Plants_Algae_Other,Streptophyta,Magnoliopsida,Sapindales,Sapindaceae,Xanthoceras
99814,GCA_007115665.2,Plants_Algae_Other,Streptophyta,Pinopsida,Cupressales,Cupressaceae,Sequoiadendron
102174,GCA_051473905.1,Reptiles,Chordata,Lepidosauria,Squamata,Sphaerodactylidae,Teratoscincus
103695,GCF_047335585.1,Reptiles,Chordata,Lepidosauria,Squamata,Agamidae,Pogona
103695,GCF_051106095.1,Reptiles,Chordata,Lepidosauria,Squamata,Agamidae,Pogona
103942,GCA_947247035.1,Reptiles,Chordata,Lepidosauria,Squamata,Viperidae,Vipera
110202,GCA_046524025.1,Reptiles,Chordata,Lepidosauria,Squamata,Viperidae,Cerastes
110205,GCA_965194845.1,Reptiles,Chordata,Lepidosauria,Squamata,Viperidae,Macrovipera
1118402,GCA_051903775.1,Reptiles,Chordata,Lepidosauria,Squamata,Gekkonidae,Gekko
118683,GCA_030412105.1,Reptiles,Chordata,Lepidosauria,Squamata,Iguanidae,Cyclura
121349,GCF_031021105.1,Reptiles,Chordata,Lepidosauria,Squamata,Dipsadidae,Erythrolamprus
126483,GCA_039707465.1,Reptiles,Chordata,Lepidosauria,Squamata,Colubridae,Rhabdophis
1303476,GCA_965636955.1,Reptiles,Chordata,Lepidosauria,Squamata,Gekkonidae,Mediodactylus
13085,GCF_032191835.1,Reptiles,Chordata,Lepidosauria,Squamata,Gekkonidae,Heteronotia
1330250,GCA_951804945.1,Reptiles,Chordata,Lepidosauria,Squamata,Lacertidae,Podarcis
140042,GCA_964252035.1,Reptiles,Chordata,Lepidosauria,Squamata,Lacertidae,Podarcis
140051,GCA_965113305.1,Reptiles,Chordata,Lepidosauria,Squamata,Lacertidae,Podarcis
140051,GCA_965113315.1,Reptiles,Chordata,Lepidosauria,Squamata,Lacertidae,Podarcis
143539,GCA_045269775.1,Reptiles,Chordata,Lepidosauria,Squamata,Diplodactylidae,Correlophus
143630,GCF_049243985.1,Reptiles,Chordata,Lepidosauria,Squamata,Gekkonidae,Paroedura
143630,GCA_049243985.1,Reptiles,Chordata,Lepidosauria,Squamata,Gekkonidae,Paroedura
159646,GCF_023053635.1,Reptiles,Chordata,Lepidosauria,Squamata,Anguidae,Elgaria
159646,GCA_023053635.2,Reptiles,Chordata,Lepidosauria,Squamata,Anguidae,Elgaria
166086,GCA_964340495.1,Reptiles,Chordata,Lepidosauria,Squamata,Colubridae,Hemorrhois
179887,GCA_047715955.1,Reptiles,Chordata,Lepidosauria,Squamata,Chamaeleonidae,Bradypodion
179908,GCA_043643385.1,Reptiles,Chordata,Lepidosauria,Squamata,Chamaeleonidae,Chamaeleo
1816318,GCA_040285375.1,Reptiles,Chordata,Lepidosauria,Squamata,Agamidae,Laudakia
182351,GCA_052054735.1,Reptiles,Chordata,Lepidosauria,Squamata,Anguidae,Dopasia
184164,GCA_964265115.1,Reptiles,Chordata,Lepidosauria,Squamata,Lamprophiidae,Malpolon
187939,GCA_030440675.1,Reptiles,Chordata,Lepidosauria,Squamata,Chamaeleonidae,Furcifer
190870,GCA_016801065.1,Reptiles,Chordata,Lepidosauria,Squamata,Phrynosomatidae,Sceloporus
1938231,GCA_050613815.1,Reptiles,Chordata,Lepidosauria,Squamata,Colubridae,Pseudoxenodon
2025560,GCA_964273705.1,Reptiles,Chordata,Lepidosauria,Squamata,Colubridae,Natrix
2202111,GCA_051312545.1,Reptiles,Chordata,Lepidosauria,Squamata,Anniellidae,Anniella
246179,GCA_024294585.1,Reptiles,Chordata,Lepidosauria,Squamata,Viperidae,Vipera
2509230,GCA_030015325.2,Reptiles,Chordata,Lepidosauria,Squamata,Scincidae,Cryptoblepharus
261503,GCF_030035675.1,Reptiles,Chordata,Lepidosauria,Squamata,Rhineuridae,Rhineura
261503,GCA_030035675.1,Reptiles,Chordata,Lepidosauria,Squamata,Rhineuridae,Rhineura
283338,GCA_030867105.1,Reptiles,Chordata,Lepidosauria,Squamata,Pythonidae,Liasis
28377,GCF_035594765.1,Reptiles,Chordata,Lepidosauria,Squamata,Dactyloidae,Anolis
28377,GCA_000090745.2,Reptiles,Chordata,Lepidosauria,Squamata,Dactyloidae,Anolis
2917703,GCA_053574215.1,Reptiles,Chordata,Lepidosauria,Squamata,Teiidae,Aspidoscelis
2917703,GCA_023333525.2,Reptiles,Chordata,Lepidosauria,Squamata,Teiidae,Aspidoscelis
2936306,GCA_053572275.1,Reptiles,Chordata,Lepidosauria,Squamata,Teiidae,Aspidoscelis
3052055,GCA_038048745.1,Reptiles,Chordata,Lepidosauria,Squamata,Colubridae,Coluber
3095121,GCA_041380405.1,Reptiles,Chordata,Lepidosauria,Squamata,Scincidae,Spondylurus
31155,GCA_964194415.1,Reptiles,Chordata,Lepidosauria,Squamata,Viperidae,Vipera
316445,GCA_965280105.1,Reptiles,Chordata,Lepidosauria,Squamata,Scincidae,Carinascincus
316450,GCA_041722995.2,Reptiles,Chordata,Lepidosauria,Squamata,Scincidae,Acritoscincus
3379902,GCA_046126825.1,Reptiles,Chordata,Lepidosauria,Squamata,Dibamidae,Dibamus
3379902,GCA_046126795.1,Reptiles,Chordata,Lepidosauria,Squamata,Dibamidae,Dibamus
35005,GCF_009769535.1,Reptiles,Chordata,Lepidosauria,Squamata,Colubridae,Thamnophis
355685,GCA_019472885.1,Reptiles,Chordata,Lepidosauria,Squamata,Elapidae,Hydrophis
355693,GCA_033807585.1,Reptiles,Chordata,Lepidosauria,Squamata,Elapidae,Hydrophis
35670,GCA_009733165.1,Reptiles,Chordata,Lepidosauria,Squamata,Elapidae,Naja
38937,GCF_037176765.1,Reptiles,Chordata,Lepidosauria,Squamata,Dactyloidae,Anolis
403789,GCA_014337955.2,Reptiles,Chordata,Lepidosauria,Squamata,Teiidae,Aspidoscelis
460621,GCF_029931775.1,Reptiles,Chordata,Lepidosauria,Squamata,Sphaerodactylidae,Euleptes
481883,GCA_028583425.1,Reptiles,Chordata,Lepidosauria,Squamata,Eublepharidae,Eublepharis
481883,GCF_028583425.1,Reptiles,Chordata,Lepidosauria,Squamata,Eublepharidae,Eublepharis
499056,GCF_028640845.1,Reptiles,Chordata,Lepidosauria,Squamata,Colubridae,Ahaetulla
51853,GCF_035149785.1,Reptiles,Chordata,Lepidosauria,Squamata,Boidae,Candoia
51853,GCA_035149785.1,Reptiles,Chordata,Lepidosauria,Squamata,Boidae,Candoia
52224,GCA_021292165.1,Reptiles,Chordata,Lepidosauria,Squamata,Shinisauridae,Shinisaurus
52577,GCA_020142125.1,Reptiles,Chordata,Lepidosauria,Squamata,Phrynosomatidae,Phrynosoma
62035,GCA_050042745.1,Reptiles,Chordata,Lepidosauria,Squamata,Varanidae,Varanus
64176,GCA_004329235.1,Reptiles,Chordata,Lepidosauria,Squamata,Lacertidae,Podarcis
64176,GCF_964188315.1,Reptiles,Chordata,Lepidosauria,Squamata,Lacertidae,Podarcis
65481,GCA_964270895.1,Reptiles,Chordata,Lepidosauria,Squamata,Lacertidae,Podarcis
65482,GCA_964234825.1,Reptiles,Chordata,Lepidosauria,Squamata,Lacertidae,Podarcis
65482,GCA_964234715.1,Reptiles,Chordata,Lepidosauria,Squamata,Lacertidae,Podarcis
65483,GCF_027172205.1,Reptiles,Chordata,Lepidosauria,Squamata,Lacertidae,Podarcis
65484,GCA_964188175.1,Reptiles,Chordata,Lepidosauria,Squamata,Lacertidae,Podarcis
65485,GCA_965153285.1,Reptiles,Chordata,Lepidosauria,Squamata,Lacertidae,Podarcis
662736,GCA_965112155.1,Reptiles,Chordata,Lepidosauria,Squamata,Lacertidae,Podarcis
71010,GCF_035046505.1,Reptiles,Chordata,Lepidosauria,Squamata,Scincidae,Tiliqua
740940,GCA_037367245.1,Reptiles,Chordata,Lepidosauria,Squamata,Agamidae,Phrynocephalus
74358,GCA_947686815.1,Reptiles,Chordata,Lepidosauria,Squamata,Lacertidae,Podarcis
74359,GCA_964106645.2,Reptiles,Chordata,Lepidosauria,Squamata,Lacertidae,Podarcis
74362,GCA_050231175.1,Reptiles,Chordata,Lepidosauria,Squamata,Colubridae,Elaphe
80427,GCF_009819535.1,Reptiles,Chordata,Lepidosauria,Squamata,Lacertidae,Lacerta
8517,GCA_051529865.1,Reptiles,Chordata,Lepidosauria,Squamata,Iguanidae,Iguana
8520,GCF_019175285.1,Reptiles,Chordata,Lepidosauria,Squamata,Phrynosomatidae,Sceloporus
8524,GCF_963506605.1,Reptiles,Chordata,Lepidosauria,Squamata,Lacertidae,Zootoca
8524,GCF_011800845.1,Reptiles,Chordata,Lepidosauria,Squamata,Lacertidae,Zootoca
8547,GCA_051940855.1,Reptiles,Chordata,Lepidosauria,Squamata,Xantusiidae,Xantusia
8585,GCA_964659585.1,Reptiles,Chordata,Lepidosauria,Squamata,Colubridae,Natrix
8616,GCA_023653725.1,Reptiles,Chordata,Lepidosauria,Squamata,Elapidae,Bungarus
8663,GCA_049901735.1,Reptiles,Chordata,Lepidosauria,Squamata,Elapidae,Notechis
8673,GCA_049901715.1,Reptiles,Chordata,Lepidosauria,Squamata,Elapidae,Pseudonaja
8686,GCA_019473425.1,Reptiles,Chordata,Lepidosauria,Squamata,Elapidae,Hydrophis
8704,GCA_047301725.1,Reptiles,Chordata,Lepidosauria,Squamata,Viperidae,Vipera
8729,GCA_039797435.1,Reptiles,Chordata,Lepidosauria,Squamata,Viperidae,Crotalus
8742,GCA_003400415.2,Reptiles,Chordata,Lepidosauria,Squamata,Viperidae,Crotalus
8756,GCA_039880765.1,Reptiles,Chordata,Lepidosauria,Squamata,Viperidae,Sistrurus
884348,GCF_027244095.1,Reptiles,Chordata,Lepidosauria,Squamata,Cordylidae,Hemicordylus
886391,GCA_042257475.1,Reptiles,Chordata,Lepidosauria,Squamata,Phyllodactylidae,Asaccus
90520,GCA_964188325.1,Reptiles,Chordata,Lepidosauria,Squamata,Lacertidae,Podarcis
90520,GCA_964188305.1,Reptiles,Chordata,Lepidosauria,Squamata,Lacertidae,Podarcis
90521,GCA_964106785.1,Reptiles,Chordata,Lepidosauria,Squamata,Lacertidae,Podarcis
90521,GCA_964106915.2,Reptiles,Chordata,Lepidosauria,Squamata,Lacertidae,Podarcis
933632,GCF_021028975.2,Reptiles,Chordata,Lepidosauria,Squamata,Sphaerodactylidae,Sphaerodactylus
